Scheme_ID,Scheme_Name,Type,State,District,Category,Crop,Min_Land_Acres,Max_Land_Acres,Income_Limit,Gender,Age_Min,Age_Max,FPO_Required,Organic_Required,Irrigation_Required,Need,Eligibility,Benefit,Subsidy,Required_Documents,Apply_At,Official_Website,Keywords
AGRI001,PMKSY - Maharashtra Nagpur Chapter,State Government,Maharashtra,Nagpur,Irrigation,Sugarcane,0.0,25.0,None,All,21,60,Yes,No,Yes,Need irrigation support,"Farmers residing in Nagpur district of Maharashtra, cultivating Sugarcane, owning between 0.0 and 25.0 acres of land, registered with the state agriculture portal. Must be a member of a registered FPO/Cooperative.",50% to 55% subsidy on drip/sprinkler,Up to ₹10 lakh,"Aadhaar Card, Land ownership document, Bank account details",Block Development Office,https://pmksy.gov.in/,"sugarcane, irrigation, maharashtra farmer, nagpur, pmksy, government subsidy, agricultural support"
AGRI002,PKVY - Kerala Alappuzha Chapter,State Government,Kerala,Alappuzha,Organic Farming,Pulses,0.0,5.0,Below ₹1.5 Lakh/year,Female Only,21,65,No,Yes,No,Need organic certification,"Farmers residing in Alappuzha district of Kerala, cultivating Pulses, owning between 0.0 and 5.0 acres of land, registered with the state agriculture portal. Must adhere to certified organic farming practices.","₹50,000 per ha assistance for cluster organic farming",Up to ₹1 lakh,"Aadhaar Card, Land ownership document, Bank account details, Soil Health Card, Caste certificate (where applicable), Farmer registration certificate, Crop details",FPO Office,https://pgsindia-ncof.gov.in/,"pulses, organic farming, kerala farmer, alappuzha, pkvy, government subsidy, agricultural support"
AGRI003,AIF (Agriculture Infrastructure Fund) (Karnataka Implementation),Central Government,Karnataka,Belagavi,Storage,Fruits,0.0,25.0,Below ₹5 Lakh/year,Female Only,18,60,Yes,Yes,No,Need cold storage and infrastructure,"Farmers residing in Belagavi district of Karnataka, cultivating Fruits, owning between 0.0 and 25.0 acres of land, registered with the state agriculture portal. Must be a member of a registered FPO/Cooperative. Must adhere to certified organic farming practices.",3% interest subvention up to ₹2 crore,60%,"Aadhaar Card, Land ownership document, Bank account details",CSC Center,https://agriinfra.dac.gov.in/,"fruits, storage, karnataka farmer, belagavi, aif, government subsidy, agricultural support"
AGRI004,PMKSY (Pradhan Mantri Krishi Sinchayee Yojana) (Odisha Implementation),Central Government,Odisha,Balasore,Irrigation,Sugarcane,1.0,10.0,Below ₹2.5 Lakh/year,Female Only,18,65,No,No,Yes,Need irrigation support,"Farmers residing in Balasore district of Odisha, cultivating Sugarcane, owning between 1.0 and 10.0 acres of land, registered with the state agriculture portal.",50% to 55% subsidy on drip/sprinkler,Up to ₹5 lakh,"Aadhaar Card, Land ownership document, Bank account details, Caste certificate (where applicable)",CSC Center,https://pmksy.gov.in/,"sugarcane, irrigation, odisha farmer, balasore, pmksy, government subsidy, agricultural support"
AGRI005,"Formation and Promotion of 10,000 FPOs Scheme (Punjab Implementation)",FPO Support,Punjab,Bhatinda,FPO Development,Tomato,0.0,10.0,None,All (Priority for Women),21,65,Yes,No,No,Need market linkage and aggregation,"Farmers residing in Bhatinda district of Punjab, cultivating Tomato, owning between 0.0 and 10.0 acres of land, registered with the state agriculture portal. Must be a member of a registered FPO/Cooperative.",Up to ₹18 lakh financial support per FPO,Up to ₹2 lakh,"Aadhaar Card, Land ownership document, Bank account details",District Agriculture Office,https://www.sfacindia.com/,"tomato, fpo development, punjab farmer, bhatinda, formation, government subsidy, agricultural support"
AGRI006,e-NAM (National Agriculture Market) (Rajasthan Implementation),Central Government,Rajasthan,Ganganagar,Marketing,Pulses,0.0,20.0,Below ₹1.5 Lakh/year,Female Only,18,65,Yes,No,No,Need market linkage,"Farmers residing in Ganganagar district of Rajasthan, cultivating Pulses, owning between 0.0 and 20.0 acres of land, registered with the state agriculture portal. Must be a member of a registered FPO/Cooperative.",Free access to online trading platform,40%,"Aadhaar Card, Land ownership document, Bank account details",District Agriculture Office,https://www.enam.gov.in/,"pulses, marketing, rajasthan farmer, ganganagar, e-nam, government subsidy, agricultural support"
AGRI007,SMAM - West Bengal North 24 Parganas Chapter,State Government,West Bengal,North 24 Parganas,Farm Mechanization,Sugarcane,2.0,10.0,Below ₹5 Lakh/year,All,18,70,No,No,Yes,Need farm machinery,"Farmers residing in North 24 Parganas district of West Bengal, cultivating Sugarcane, owning between 2.0 and 10.0 acres of land, registered with the state agriculture portal.",40% to 50% subsidy on farm implements,50%,"Aadhaar Card, Land ownership document, Bank account details",NABARD Office,https://agrimachinery.nic.in/,"sugarcane, farm mechanization, west bengal farmer, north 24 parganas, smam, government subsidy, agricultural support"
AGRI008,PM-KUSUM (Solar Agriculture Pumps Scheme) (Madhya Pradesh Implementation),Central Government,Madhya Pradesh,Jabalpur,Irrigation,Wheat,2.0,25.0,Below ₹2.5 Lakh/year,All (Priority for Women),21,65,No,No,Yes,Need irrigation support,"Farmers residing in Jabalpur district of Madhya Pradesh, cultivating Wheat, owning between 2.0 and 25.0 acres of land, registered with the state agriculture portal.",Up to 60% subsidy on solar pump installation,Up to ₹10 lakh,"Aadhaar Card, Land ownership document, Bank account details",Horticulture Department Office,https://pmkusum.mnre.gov.in/,"wheat, irrigation, madhya pradesh farmer, jabalpur, pm-kusum, government subsidy, agricultural support"
AGRI009,PM-KISAN (Pradhan Mantri Kisan Samman Nidhi) (Gujarat Implementation),Central Government,Gujarat,Junagadh,Credit,Cotton,0.0,5.0,None,All (Priority for Women),18,60,No,No,No,Need credit support,"Farmers residing in Junagadh district of Gujarat, cultivating Cotton, owning between 0.0 and 5.0 acres of land, registered with the state agriculture portal.","₹6,000 per year in 3 installments",Up to ₹10 lakh,"Aadhaar Card, Land ownership document, Bank account details, Farmer registration certificate, Crop details",Horticulture Department Office,https://pmkisan.gov.in/,"cotton, credit, gujarat farmer, junagadh, pm-kisan, government subsidy, agricultural support"
AGRI010,Cooperative Agricultural Credit Structure Scheme (Madhya Pradesh Implementation),Cooperative,Madhya Pradesh,Bhopal,Credit,Wheat,0.0,5.0,Below ₹5 Lakh/year,Male & Female,21,75,No,No,No,Need short term crop credit,"Farmers residing in Bhopal district of Madhya Pradesh, cultivating Wheat, owning between 0.0 and 5.0 acres of land, registered with the state agriculture portal.",Low interest short term loans,60%,"Aadhaar Card, Land ownership document, Bank account details, Caste certificate (where applicable), Farmer registration certificate, Crop details",CSC Center,State Agriculture Department Portal,"wheat, credit, madhya pradesh farmer, bhopal, cooperative, government subsidy, agricultural support"
AGRI011,Horticulture Cluster Development Program (CDP) (Bihar Implementation),Horticulture Department,Bihar,Patna,Horticulture,Vegetables,0.0,2.0,None,Female Only,18,65,No,No,No,Need cluster infrastructure,"Farmers residing in Patna district of Bihar, cultivating Vegetables, owning between 0.0 and 2.0 acres of land, registered with the state agriculture portal.",Up to ₹50 lakh grant for post-harvest support,Up to ₹10 lakh,"Aadhaar Card, Land ownership document, Bank account details, Caste certificate (where applicable)",Horticulture Department Office,https://midh.gov.in/,"vegetables, horticulture, bihar farmer, patna, horticulture, government subsidy, agricultural support"
AGRI012,PKVY - Assam Sonitpur Chapter,State Government,Assam,Sonitpur,Organic Farming,Pulses,0.0,20.0,Below ₹5 Lakh/year,Male & Female,21,75,No,Yes,No,Need organic certification,"Farmers residing in Sonitpur district of Assam, cultivating Pulses, owning between 0.0 and 20.0 acres of land, registered with the state agriculture portal. Must adhere to certified organic farming practices.","₹50,000 per ha assistance for cluster organic farming",30%,"Aadhaar Card, Land ownership document, Bank account details, Soil Health Card",State Agriculture Department Portal,https://pgsindia-ncof.gov.in/,"pulses, organic farming, assam farmer, sonitpur, pkvy, government subsidy, agricultural support"
AGRI013,PMFBY - Odisha Wheat Initiative,Central Government,Odisha,Balasore,Crop Insurance,Wheat,0.0,20.0,Below ₹2.5 Lakh/year,Male & Female,18,70,No,No,No,Need crop insurance,"Farmers residing in Balasore district of Odisha, cultivating Wheat, owning between 0.0 and 20.0 acres of land, registered with the state agriculture portal.",Premium subsidy up to 90%,40%,"Aadhaar Card, Land ownership document, Bank account details",State Agriculture Department Portal,https://pmfby.gov.in/,"wheat, crop insurance, odisha farmer, balasore, pmfby, government subsidy, agricultural support"
AGRI014,PMFBY (Pradhan Mantri Fasal Bima Yojana) (Maharashtra Implementation),Central Government,Maharashtra,Nashik,Crop Insurance,Wheat,0.0,20.0,Below ₹1.5 Lakh/year,Male & Female,18,75,No,No,No,Need crop insurance,"Farmers residing in Nashik district of Maharashtra, cultivating Wheat, owning between 0.0 and 20.0 acres of land, registered with the state agriculture portal.",Premium subsidy up to 90%,30%,"Aadhaar Card, Land ownership document, Bank account details, Farmer registration certificate, Crop details",Horticulture Department Office,https://pmfby.gov.in/,"wheat, crop insurance, maharashtra farmer, nashik, pmfby, government subsidy, agricultural support"
AGRI015,ATMA (Agricultural Technology Management Agency) Scheme (West Bengal Implementation),Agriculture Department,West Bengal,North 24 Parganas,Skill Development,Wheat,0.0,10.0,Below ₹2.5 Lakh/year,All,18,70,Yes,No,No,Need technical training and guidance,"Farmers residing in North 24 Parganas district of West Bengal, cultivating Wheat, owning between 0.0 and 10.0 acres of land, registered with the state agriculture portal. Must be a member of a registered FPO/Cooperative.","Free training, exposure visits, and demonstrations",Up to ₹10 lakh,"Aadhaar Card, Land ownership document, Bank account details",PM Kisan Portal,State Agriculture Department Portal,"wheat, skill development, west bengal farmer, north 24 parganas, atma, government subsidy, agricultural support"
AGRI016,PM-KUSUM - Haryana Hisar Chapter,State Government,Haryana,Hisar,Irrigation,Rice,2.0,5.0,Below ₹1.5 Lakh/year,All,18,60,No,No,Yes,Need irrigation support,"Farmers residing in Hisar district of Haryana, cultivating Rice, owning between 2.0 and 5.0 acres of land, registered with the state agriculture portal.",Up to 60% subsidy on solar pump installation,Premium subsidy up to 90%,"Aadhaar Card, Land ownership document, Bank account details, Farmer registration certificate, Crop details",NABARD Office,https://pmkusum.mnre.gov.in/,"rice, irrigation, haryana farmer, hisar, pm-kusum, government subsidy, agricultural support"
AGRI017,MIDH - Andhra Pradesh Fruits Initiative,Horticulture Department,Andhra Pradesh,Krishna,Horticulture,Banana,0.0,10.0,None,All,21,60,Yes,No,Yes,Need horticulture support,"Farmers residing in Krishna district of Andhra Pradesh, cultivating Banana, owning between 0.0 and 10.0 acres of land, registered with the state agriculture portal. Must be a member of a registered FPO/Cooperative.",35% to 50% subsidy on planting material,Up to ₹1 lakh,"Aadhaar Card, Land ownership document, Bank account details",FPO Office,https://midh.gov.in/,"banana, horticulture, andhra pradesh farmer, krishna, midh, government subsidy, agricultural support"
AGRI018,ATMA (Agricultural Technology Management Agency) Scheme (Madhya Pradesh Implementation),Agriculture Department,Madhya Pradesh,Dewas,Skill Development,Dairy,0.0,2.0,Below ₹5 Lakh/year,All,18,70,Yes,No,No,Need technical training and guidance,"Farmers residing in Dewas district of Madhya Pradesh, cultivating Dairy, owning between 0.0 and 2.0 acres of land, registered with the state agriculture portal. Must be a member of a registered FPO/Cooperative.","Free training, exposure visits, and demonstrations",Up to ₹10 lakh,"Aadhaar Card, Land ownership document, Bank account details, Caste certificate (where applicable), Farmer registration certificate, Crop details",CSC Center,State Agriculture Department Portal,"dairy, skill development, madhya pradesh farmer, dewas, atma, government subsidy, agricultural support"
AGRI019,"Formation and Promotion of 10,000 FPOs Scheme - Uttar Pradesh Soybean Initiative",FPO Support,Uttar Pradesh,Agra,FPO Development,Soybean,0.0,20.0,Below ₹5 Lakh/year,All,18,70,Yes,No,No,Need market linkage and aggregation,"Farmers residing in Agra district of Uttar Pradesh, cultivating Soybean, owning between 0.0 and 20.0 acres of land, registered with the state agriculture portal. Must be a member of a registered FPO/Cooperative.",Up to ₹18 lakh financial support per FPO,Interest subvention of 3%,"Aadhaar Card, Land ownership document, Bank account details, Farmer registration certificate, Crop details",Horticulture Department Office,https://www.sfacindia.com/,"soybean, fpo development, uttar pradesh farmer, agra, formation, government subsidy, agricultural support"
AGRI020,Cooperative Agricultural Credit Structure Scheme - West Bengal Sugarcane Initiative,Cooperative,West Bengal,North 24 Parganas,Credit,Wheat,0.0,2.0,Below ₹5 Lakh/year,All (Priority for Women),21,65,Yes,No,No,Need short term crop credit,"Farmers residing in North 24 Parganas district of West Bengal, cultivating Wheat, owning between 0.0 and 2.0 acres of land, registered with the state agriculture portal. Must be a member of a registered FPO/Cooperative.",Low interest short term loans,30%,"Aadhaar Card, Land ownership document, Bank account details, Farmer registration certificate, Crop details",CSC Center,State Agriculture Department Portal,"wheat, credit, west bengal farmer, north 24 parganas, cooperative, government subsidy, agricultural support"
AGRI021,PMKSY (Pradhan Mantri Krishi Sinchayee Yojana) (Telangana Implementation),Central Government,Telangana,Nizamabad,Irrigation,Vegetables,2.0,5.0,Below ₹2.5 Lakh/year,All (Priority for Women),18,75,Yes,No,Yes,Need irrigation support,"Farmers residing in Nizamabad district of Telangana, cultivating Vegetables, owning between 2.0 and 5.0 acres of land, registered with the state agriculture portal. Must be a member of a registered FPO/Cooperative.",50% to 55% subsidy on drip/sprinkler,Up to ₹1 lakh,"Aadhaar Card, Land ownership document, Bank account details, Farmer registration certificate, Crop details",CSC Center,https://pmksy.gov.in/,"vegetables, irrigation, telangana farmer, nizamabad, pmksy, government subsidy, agricultural support"
AGRI022,e-NAM - Madhya Pradesh Indore Chapter,State Government,Madhya Pradesh,Indore,Marketing,Onion,0.0,20.0,Below ₹2.5 Lakh/year,All (Priority for Women),21,70,Yes,No,No,Need market linkage,"Farmers residing in Indore district of Madhya Pradesh, cultivating Onion, owning between 0.0 and 20.0 acres of land, registered with the state agriculture portal. Must be a member of a registered FPO/Cooperative.",Free access to online trading platform,60%,"Aadhaar Card, Land ownership document, Bank account details, Caste certificate (where applicable)",Block Development Office,https://www.enam.gov.in/,"onion, marketing, madhya pradesh farmer, indore, e-nam, government subsidy, agricultural support"
AGRI023,"Formation and Promotion of 10,000 FPOs Scheme - Karnataka Fruits Initiative",FPO Support,Karnataka,Belagavi,FPO Development,Millet,0.0,20.0,Below ₹5 Lakh/year,All,18,70,Yes,No,No,Need market linkage and aggregation,"Farmers residing in Belagavi district of Karnataka, cultivating Millet, owning between 0.0 and 20.0 acres of land, registered with the state agriculture portal. Must be a member of a registered FPO/Cooperative.",Up to ₹18 lakh financial support per FPO,75%,"Aadhaar Card, Land ownership document, Bank account details, Caste certificate (where applicable)",FPO Office,https://www.sfacindia.com/,"millet, fpo development, karnataka farmer, belagavi, formation, government subsidy, agricultural support"
AGRI024,"Formation and Promotion of 10,000 FPOs Scheme - West Bengal Millet Initiative",FPO Support,West Bengal,North 24 Parganas,FPO Development,Pulses,0.0,10.0,None,Male & Female,18,65,Yes,No,No,Need market linkage and aggregation,"Farmers residing in North 24 Parganas district of West Bengal, cultivating Pulses, owning between 0.0 and 10.0 acres of land, registered with the state agriculture portal. Must be a member of a registered FPO/Cooperative.",Up to ₹18 lakh financial support per FPO,40%,"Aadhaar Card, Land ownership document, Bank account details",FPO Office,https://www.sfacindia.com/,"pulses, fpo development, west bengal farmer, north 24 parganas, formation, government subsidy, agricultural support"
AGRI025,PMKSY - Tamil Nadu Tiruchirappalli Chapter,State Government,Tamil Nadu,Tiruchirappalli,Irrigation,Cotton,1.0,10.0,Below ₹5 Lakh/year,All (Priority for Women),18,75,No,No,Yes,Need irrigation support,"Farmers residing in Tiruchirappalli district of Tamil Nadu, cultivating Cotton, owning between 1.0 and 10.0 acres of land, registered with the state agriculture portal.",50% to 55% subsidy on drip/sprinkler,Full subsidy for soil testing,"Aadhaar Card, Land ownership document, Bank account details",NABARD Office,https://pmksy.gov.in/,"cotton, irrigation, tamil nadu farmer, tiruchirappalli, pmksy, government subsidy, agricultural support"
AGRI026,Pradhan Mantri Matsya Sampada Yojana - Maharashtra Pune Chapter,State Government,Maharashtra,Pune,Fisheries,Fisheries,0.0,10.0,Below ₹1.5 Lakh/year,Male & Female,21,65,No,No,No,Need aquaculture development,"Farmers residing in Pune district of Maharashtra, cultivating Fisheries, owning between 0.0 and 10.0 acres of land, registered with the state agriculture portal.",40% to 60% subsidy on fishery inputs,Full subsidy for soil testing,"Aadhaar Card, Land ownership document, Bank account details, Caste certificate (where applicable), Farmer registration certificate, Crop details",FPO Office,https://pmmsy.dof.gov.in/,"fisheries, fisheries, maharashtra farmer, pune, pradhan, government subsidy, agricultural support"
AGRI027,Kisan Credit Card - Bihar Rice Initiative,NABARD Supported,Bihar,Muzaffarpur,Credit,Rice,0.0,5.0,Below ₹1.5 Lakh/year,All,21,75,No,No,No,Need financial assistance,"Farmers residing in Muzaffarpur district of Bihar, cultivating Rice, owning between 0.0 and 5.0 acres of land, registered with the state agriculture portal.",Concessional interest rate at 4%,Up to ₹2 lakh,"Aadhaar Card, Land ownership document, Bank account details, Farmer registration certificate, Crop details",PM Kisan Portal,https://www.nabard.org/,"rice, credit, bihar farmer, muzaffarpur, kisan, government subsidy, agricultural support"
AGRI028,PMKSY - West Bengal Hooghly Chapter,State Government,West Bengal,Hooghly,Irrigation,Onion,2.0,10.0,None,All (Priority for Women),18,75,Yes,No,Yes,Need irrigation support,"Farmers residing in Hooghly district of West Bengal, cultivating Onion, owning between 2.0 and 10.0 acres of land, registered with the state agriculture portal. Must be a member of a registered FPO/Cooperative.",50% to 55% subsidy on drip/sprinkler,Up to ₹10 lakh,"Aadhaar Card, Land ownership document, Bank account details",Horticulture Department Office,https://pmksy.gov.in/,"onion, irrigation, west bengal farmer, hooghly, pmksy, government subsidy, agricultural support"
AGRI029,Fisheries Infrastructure Development Fund - West Bengal Fisheries Initiative,NABARD Supported,West Bengal,North 24 Parganas,Fisheries,Fisheries,0.0,10.0,Below ₹2.5 Lakh/year,Female Only,21,65,No,Yes,No,Need fisheries storage and market access,"Farmers residing in North 24 Parganas district of West Bengal, cultivating Fisheries, owning between 0.0 and 10.0 acres of land, registered with the state agriculture portal. Must adhere to certified organic farming practices.",Interest subvention up to 3%,75%,"Aadhaar Card, Land ownership document, Bank account details, Caste certificate (where applicable), Farmer registration certificate, Crop details",State Agriculture Department Portal,https://nabard.org/,"fisheries, fisheries, west bengal farmer, north 24 parganas, fisheries, government subsidy, agricultural support"
AGRI030,Soil Health Card Scheme - Rajasthan Ganganagar Chapter,State Government,Rajasthan,Ganganagar,Soil Improvement,Wheat,0.0,5.0,None,Male & Female,21,70,No,No,No,Need soil health assessment,"Farmers residing in Ganganagar district of Rajasthan, cultivating Wheat, owning between 0.0 and 5.0 acres of land, registered with the state agriculture portal.",Free soil testing and recommendations,60%,"Aadhaar Card, Land ownership document, Bank account details, Soil Health Card, Farmer registration certificate, Crop details",PM Kisan Portal,https://soilhealth.dac.gov.in/,"wheat, soil improvement, rajasthan farmer, ganganagar, soil, government subsidy, agricultural support"
AGRI031,Horticulture Cluster Development Program (CDP) (Odisha Implementation),Horticulture Department,Odisha,Puri,Horticulture,Mango,0.0,20.0,Below ₹2.5 Lakh/year,Male & Female,18,70,No,Yes,No,Need cluster infrastructure,"Farmers residing in Puri district of Odisha, cultivating Mango, owning between 0.0 and 20.0 acres of land, registered with the state agriculture portal. Must adhere to certified organic farming practices.",Up to ₹50 lakh grant for post-harvest support,Up to ₹1 lakh,"Aadhaar Card, Land ownership document, Bank account details",District Agriculture Office,https://midh.gov.in/,"mango, horticulture, odisha farmer, puri, horticulture, government subsidy, agricultural support"
AGRI032,RKVY-RAFTAAR (Rashtriya Krishi Vikas Yojana) (Rajasthan Implementation),State Government,Rajasthan,Udaipur,Subsidy,Vegetables,0.0,2.0,None,Male & Female,18,75,No,No,No,Need financial assistance,"Farmers residing in Udaipur district of Rajasthan, cultivating Vegetables, owning between 0.0 and 2.0 acres of land, registered with the state agriculture portal.",Up to 50% project cost subsidy,Up to ₹1 lakh,"Aadhaar Card, Land ownership document, Bank account details, Caste certificate (where applicable), Farmer registration certificate, Crop details",Block Development Office,State Agriculture Department Portal,"vegetables, subsidy, rajasthan farmer, udaipur, rkvy-raftaar, government subsidy, agricultural support"
AGRI033,e-NAM (National Agriculture Market) (West Bengal Implementation),Central Government,West Bengal,Nadia,Marketing,Pulses,0.0,2.0,Below ₹5 Lakh/year,All (Priority for Women),18,60,Yes,No,No,Need market linkage,"Farmers residing in Nadia district of West Bengal, cultivating Pulses, owning between 0.0 and 2.0 acres of land, registered with the state agriculture portal. Must be a member of a registered FPO/Cooperative.",Free access to online trading platform,60%,"Aadhaar Card, Land ownership document, Bank account details, Caste certificate (where applicable), Farmer registration certificate, Crop details",District Agriculture Office,https://www.enam.gov.in/,"pulses, marketing, west bengal farmer, nadia, e-nam, government subsidy, agricultural support"
AGRI034,PKVY (Paramparagat Krishi Vikas Yojana) (Rajasthan Implementation),Central Government,Rajasthan,Jodhpur,Organic Farming,Millet,0.0,20.0,Below ₹5 Lakh/year,Female Only,18,60,No,Yes,No,Need organic certification,"Farmers residing in Jodhpur district of Rajasthan, cultivating Millet, owning between 0.0 and 20.0 acres of land, registered with the state agriculture portal. Must adhere to certified organic farming practices.","₹50,000 per ha assistance for cluster organic farming",50%,"Aadhaar Card, Land ownership document, Bank account details, Soil Health Card, Farmer registration certificate, Crop details",PM Kisan Portal,https://pgsindia-ncof.gov.in/,"millet, organic farming, rajasthan farmer, jodhpur, pkvy, government subsidy, agricultural support"
AGRI035,ATMA - Odisha Dairy Initiative,Agriculture Department,Odisha,Puri,Skill Development,Fruits,0.0,5.0,None,Female Only,18,60,No,No,No,Need technical training and guidance,"Farmers residing in Puri district of Odisha, cultivating Fruits, owning between 0.0 and 5.0 acres of land, registered with the state agriculture portal.","Free training, exposure visits, and demonstrations",Up to ₹1 lakh,"Aadhaar Card, Land ownership document, Bank account details, Caste certificate (where applicable)",PM Kisan Portal,State Agriculture Department Portal,"fruits, skill development, odisha farmer, puri, atma, government subsidy, agricultural support"
AGRI036,National Livestock Mission (NLM) - Dairy/Poultry (Assam Implementation),Central Government,Assam,Kamrup,Dairy,Dairy,0.0,5.0,Below ₹1.5 Lakh/year,All (Priority for Women),21,75,No,No,No,Need dairy development,"Farmers residing in Kamrup district of Assam, cultivating Dairy, owning between 0.0 and 5.0 acres of land, registered with the state agriculture portal.",50% capital subsidy for farm setup,Premium subsidy up to 90%,"Aadhaar Card, Land ownership document, Bank account details, Caste certificate (where applicable)",State Agriculture Department Portal,https://nlm.udyamimitra.in/,"dairy, dairy, assam farmer, kamrup, national, government subsidy, agricultural support"
AGRI037,e-NAM (National Agriculture Market) (Kerala Implementation),Central Government,Kerala,Wayanad,Marketing,Pulses,0.0,20.0,Below ₹5 Lakh/year,All,21,70,Yes,No,No,Need market linkage,"Farmers residing in Wayanad district of Kerala, cultivating Pulses, owning between 0.0 and 20.0 acres of land, registered with the state agriculture portal. Must be a member of a registered FPO/Cooperative.",Free access to online trading platform,60%,"Aadhaar Card, Land ownership document, Bank account details, Caste certificate (where applicable), Farmer registration certificate, Crop details",NABARD Office,https://www.enam.gov.in/,"pulses, marketing, kerala farmer, wayanad, e-nam, government subsidy, agricultural support"
AGRI038,Fisheries Infrastructure Development Fund (FIDF) (Karnataka Implementation),NABARD Supported,Karnataka,Shimoga,Fisheries,Fisheries,0.0,5.0,Below ₹1.5 Lakh/year,Male & Female,18,75,No,No,No,Need fisheries storage and market access,"Farmers residing in Shimoga district of Karnataka, cultivating Fisheries, owning between 0.0 and 5.0 acres of land, registered with the state agriculture portal.",Interest subvention up to 3%,30%,"Aadhaar Card, Land ownership document, Bank account details, Caste certificate (where applicable), Farmer registration certificate, Crop details",CSC Center,https://nabard.org/,"fisheries, fisheries, karnataka farmer, shimoga, fisheries, government subsidy, agricultural support"
AGRI039,ATMA (Agricultural Technology Management Agency) Scheme (Telangana Implementation),Agriculture Department,Telangana,Khammam,Skill Development,Fruits,0.0,10.0,Below ₹5 Lakh/year,Male & Female,21,70,No,No,No,Need technical training and guidance,"Farmers residing in Khammam district of Telangana, cultivating Fruits, owning between 0.0 and 10.0 acres of land, registered with the state agriculture portal.","Free training, exposure visits, and demonstrations",60%,"Aadhaar Card, Land ownership document, Bank account details, Caste certificate (where applicable)",District Agriculture Office,State Agriculture Department Portal,"fruits, skill development, telangana farmer, khammam, atma, government subsidy, agricultural support"
AGRI040,MIDH (Mission for Integrated Development of Horticulture) (Uttar Pradesh Implementation),Horticulture Department,Uttar Pradesh,Kanpur,Horticulture,Fruits,0.0,2.0,Below ₹2.5 Lakh/year,Female Only,18,70,No,Yes,No,Need horticulture support,"Farmers residing in Kanpur district of Uttar Pradesh, cultivating Fruits, owning between 0.0 and 2.0 acres of land, registered with the state agriculture portal. Must adhere to certified organic farming practices.",35% to 50% subsidy on planting material,Up to ₹10 lakh,"Aadhaar Card, Land ownership document, Bank account details, Caste certificate (where applicable), Farmer registration certificate, Crop details",PM Kisan Portal,https://midh.gov.in/,"fruits, horticulture, uttar pradesh farmer, kanpur, midh, government subsidy, agricultural support"
AGRI041,Cooperative Agricultural Credit Structure Scheme (Tamil Nadu Implementation),Cooperative,Tamil Nadu,Madurai,Credit,Rice,0.0,2.0,Below ₹5 Lakh/year,Male & Female,21,75,No,No,Yes,Need short term crop credit,"Farmers residing in Madurai district of Tamil Nadu, cultivating Rice, owning between 0.0 and 2.0 acres of land, registered with the state agriculture portal.",Low interest short term loans,Up to ₹5 lakh,"Aadhaar Card, Land ownership document, Bank account details, Caste certificate (where applicable), Farmer registration certificate, Crop details",Horticulture Department Office,State Agriculture Department Portal,"rice, credit, tamil nadu farmer, madurai, cooperative, government subsidy, agricultural support"
AGRI042,Kisan Credit Card (KCC) Scheme (Punjab Implementation),NABARD Supported,Punjab,Bhatinda,Credit,Cotton,0.0,2.0,Below ₹2.5 Lakh/year,All,21,65,No,No,No,Need financial assistance,"Farmers residing in Bhatinda district of Punjab, cultivating Cotton, owning between 0.0 and 2.0 acres of land, registered with the state agriculture portal.",Concessional interest rate at 4%,Up to ₹5 lakh,"Aadhaar Card, Land ownership document, Bank account details, Caste certificate (where applicable)",Block Development Office,https://www.nabard.org/,"cotton, credit, punjab farmer, bhatinda, kisan, government subsidy, agricultural support"
AGRI043,ATMA - Punjab Wheat Initiative,Agriculture Department,Punjab,Jalandhar,Skill Development,Fruits,0.0,5.0,Below ₹5 Lakh/year,All,18,65,No,Yes,No,Need technical training and guidance,"Farmers residing in Jalandhar district of Punjab, cultivating Fruits, owning between 0.0 and 5.0 acres of land, registered with the state agriculture portal. Must adhere to certified organic farming practices.","Free training, exposure visits, and demonstrations",30%,"Aadhaar Card, Land ownership document, Bank account details",Horticulture Department Office,State Agriculture Department Portal,"fruits, skill development, punjab farmer, jalandhar, atma, government subsidy, agricultural support"
AGRI044,ATMA - Punjab Bhatinda Chapter,State Government,Punjab,Bhatinda,Skill Development,Vegetables,0.0,20.0,None,All (Priority for Women),21,65,No,No,No,Need technical training and guidance,"Farmers residing in Bhatinda district of Punjab, cultivating Vegetables, owning between 0.0 and 20.0 acres of land, registered with the state agriculture portal.","Free training, exposure visits, and demonstrations",Interest subvention of 3%,"Aadhaar Card, Land ownership document, Bank account details, Caste certificate (where applicable), Farmer registration certificate, Crop details",District Agriculture Office,State Agriculture Department Portal,"vegetables, skill development, punjab farmer, bhatinda, atma, government subsidy, agricultural support"
AGRI045,Kisan Credit Card (KCC) Scheme (Punjab Implementation),NABARD Supported,Punjab,Bhatinda,Credit,Potato,0.0,10.0,Below ₹1.5 Lakh/year,All,21,70,No,No,No,Need financial assistance,"Farmers residing in Bhatinda district of Punjab, cultivating Potato, owning between 0.0 and 10.0 acres of land, registered with the state agriculture portal.",Concessional interest rate at 4%,Up to ₹10 lakh,"Aadhaar Card, Land ownership document, Bank account details, Farmer registration certificate, Crop details",PM Kisan Portal,https://www.nabard.org/,"potato, credit, punjab farmer, bhatinda, kisan, government subsidy, agricultural support"
AGRI046,National Livestock Mission - Andhra Pradesh Anantapur Chapter,State Government,Andhra Pradesh,Anantapur,Dairy,Dairy,0.0,5.0,None,Female Only,18,65,No,No,No,Need dairy development,"Farmers residing in Anantapur district of Andhra Pradesh, cultivating Dairy, owning between 0.0 and 5.0 acres of land, registered with the state agriculture portal.",50% capital subsidy for farm setup,75%,"Aadhaar Card, Land ownership document, Bank account details, Caste certificate (where applicable)",Horticulture Department Office,https://nlm.udyamimitra.in/,"dairy, dairy, andhra pradesh farmer, anantapur, national, government subsidy, agricultural support"
AGRI047,Kisan Credit Card (KCC) Scheme (Assam Implementation),NABARD Supported,Assam,Nagaon,Credit,Rice,0.0,5.0,Below ₹5 Lakh/year,Male & Female,21,70,No,No,No,Need financial assistance,"Farmers residing in Nagaon district of Assam, cultivating Rice, owning between 0.0 and 5.0 acres of land, registered with the state agriculture portal.",Concessional interest rate at 4%,30%,"Aadhaar Card, Land ownership document, Bank account details, Farmer registration certificate, Crop details",FPO Office,https://www.nabard.org/,"rice, credit, assam farmer, nagaon, kisan, government subsidy, agricultural support"
AGRI048,PMKSY - Odisha Tomato Initiative,Central Government,Odisha,Sambalpur,Irrigation,Vegetables,1.0,10.0,None,All (Priority for Women),21,75,No,No,Yes,Need irrigation support,"Farmers residing in Sambalpur district of Odisha, cultivating Vegetables, owning between 1.0 and 10.0 acres of land, registered with the state agriculture portal.",50% to 55% subsidy on drip/sprinkler,60%,"Aadhaar Card, Land ownership document, Bank account details, Caste certificate (where applicable), Farmer registration certificate, Crop details",NABARD Office,https://pmksy.gov.in/,"vegetables, irrigation, odisha farmer, sambalpur, pmksy, government subsidy, agricultural support"
AGRI049,RKVY-RAFTAAR (Rashtriya Krishi Vikas Yojana) (Assam Implementation),State Government,Assam,Kamrup,Subsidy,Wheat,0.0,5.0,Below ₹5 Lakh/year,All,21,60,No,No,No,Need financial assistance,"Farmers residing in Kamrup district of Assam, cultivating Wheat, owning between 0.0 and 5.0 acres of land, registered with the state agriculture portal.",Up to 50% project cost subsidy,40%,"Aadhaar Card, Land ownership document, Bank account details, Farmer registration certificate, Crop details",District Agriculture Office,State Agriculture Department Portal,"wheat, subsidy, assam farmer, kamrup, rkvy-raftaar, government subsidy, agricultural support"
AGRI050,Sub-Mission on Seeds and Planting Material (SMSP) (Tamil Nadu Implementation),Agriculture Department,Tamil Nadu,Tiruchirappalli,Subsidy,Millet,0.0,20.0,Below ₹2.5 Lakh/year,Male & Female,18,75,No,No,No,Need quality seeds,"Farmers residing in Tiruchirappalli district of Tamil Nadu, cultivating Millet, owning between 0.0 and 20.0 acres of land, registered with the state agriculture portal.",50% subsidy on certified seed distribution,Full subsidy for soil testing,"Aadhaar Card, Land ownership document, Bank account details",NABARD Office,State Agriculture Department Portal,"millet, subsidy, tamil nadu farmer, tiruchirappalli, sub-mission, government subsidy, agricultural support"
AGRI051,National Livestock Mission - Andhra Pradesh Anantapur Chapter,State Government,Andhra Pradesh,Anantapur,Dairy,Dairy,0.0,10.0,Below ₹5 Lakh/year,Male & Female,18,75,No,No,No,Need dairy development,"Farmers residing in Anantapur district of Andhra Pradesh, cultivating Dairy, owning between 0.0 and 10.0 acres of land, registered with the state agriculture portal.",50% capital subsidy for farm setup,Up to ₹10 lakh,"Aadhaar Card, Land ownership document, Bank account details, Farmer registration certificate, Crop details",FPO Office,https://nlm.udyamimitra.in/,"dairy, dairy, andhra pradesh farmer, anantapur, national, government subsidy, agricultural support"
AGRI052,MIDH (Mission for Integrated Development of Horticulture) (Bihar Implementation),Horticulture Department,Bihar,Darbhanga,Horticulture,Mango,0.0,2.0,Below ₹5 Lakh/year,Male & Female,21,75,No,No,No,Need horticulture support,"Farmers residing in Darbhanga district of Bihar, cultivating Mango, owning between 0.0 and 2.0 acres of land, registered with the state agriculture portal.",35% to 50% subsidy on planting material,Interest subvention of 3%,"Aadhaar Card, Land ownership document, Bank account details, Farmer registration certificate, Crop details",PM Kisan Portal,https://midh.gov.in/,"mango, horticulture, bihar farmer, darbhanga, midh, government subsidy, agricultural support"
AGRI053,Soil Health Card Scheme (Andhra Pradesh Implementation),Agriculture Department,Andhra Pradesh,Guntur,Soil Improvement,Millet,0.0,20.0,None,All (Priority for Women),21,65,Yes,No,No,Need soil health assessment,"Farmers residing in Guntur district of Andhra Pradesh, cultivating Millet, owning between 0.0 and 20.0 acres of land, registered with the state agriculture portal. Must be a member of a registered FPO/Cooperative.",Free soil testing and recommendations,75%,"Aadhaar Card, Land ownership document, Bank account details, Soil Health Card, Caste certificate (where applicable)",State Agriculture Department Portal,https://soilhealth.dac.gov.in/,"millet, soil improvement, andhra pradesh farmer, guntur, soil, government subsidy, agricultural support"
AGRI054,"Formation and Promotion of 10,000 FPOs Scheme (Odisha Implementation)",FPO Support,Odisha,Balasore,FPO Development,Tomato,0.0,2.0,None,All (Priority for Women),21,65,Yes,No,No,Need market linkage and aggregation,"Farmers residing in Balasore district of Odisha, cultivating Tomato, owning between 0.0 and 2.0 acres of land, registered with the state agriculture portal. Must be a member of a registered FPO/Cooperative.",Up to ₹18 lakh financial support per FPO,Up to ₹2 lakh,"Aadhaar Card, Land ownership document, Bank account details",State Agriculture Department Portal,https://www.sfacindia.com/,"tomato, fpo development, odisha farmer, balasore, formation, government subsidy, agricultural support"
AGRI055,RKVY-RAFTAAR - Madhya Pradesh Rice Initiative,State Government,Madhya Pradesh,Bhopal,Subsidy,Pulses,0.0,10.0,Below ₹5 Lakh/year,Male & Female,18,65,No,No,No,Need financial assistance,"Farmers residing in Bhopal district of Madhya Pradesh, cultivating Pulses, owning between 0.0 and 10.0 acres of land, registered with the state agriculture portal.",Up to 50% project cost subsidy,50%,"Aadhaar Card, Land ownership document, Bank account details, Caste certificate (where applicable), Farmer registration certificate, Crop details",Block Development Office,State Agriculture Department Portal,"pulses, subsidy, madhya pradesh farmer, bhopal, rkvy-raftaar, government subsidy, agricultural support"
AGRI056,Fisheries Infrastructure Development Fund - Bihar Fisheries Initiative,NABARD Supported,Bihar,Bhagalpur,Fisheries,Fisheries,0.0,20.0,Below ₹5 Lakh/year,All,21,70,No,No,No,Need fisheries storage and market access,"Farmers residing in Bhagalpur district of Bihar, cultivating Fisheries, owning between 0.0 and 20.0 acres of land, registered with the state agriculture portal.",Interest subvention up to 3%,Up to ₹5 lakh,"Aadhaar Card, Land ownership document, Bank account details",NABARD Office,https://nabard.org/,"fisheries, fisheries, bihar farmer, bhagalpur, fisheries, government subsidy, agricultural support"
AGRI057,National Livestock Mission - Karnataka Dairy Initiative,Central Government,Karnataka,Davangere,Dairy,Dairy,0.0,2.0,Below ₹2.5 Lakh/year,Male & Female,21,70,No,No,No,Need dairy development,"Farmers residing in Davangere district of Karnataka, cultivating Dairy, owning between 0.0 and 2.0 acres of land, registered with the state agriculture portal.",50% capital subsidy for farm setup,Interest subvention of 3%,"Aadhaar Card, Land ownership document, Bank account details, Caste certificate (where applicable), Farmer registration certificate, Crop details",PM Kisan Portal,https://nlm.udyamimitra.in/,"dairy, dairy, karnataka farmer, davangere, national, government subsidy, agricultural support"
AGRI058,Fisheries Infrastructure Development Fund - Assam Fisheries Initiative,NABARD Supported,Assam,Nagaon,Fisheries,Fisheries,0.0,5.0,Below ₹5 Lakh/year,All (Priority for Women),18,60,No,No,No,Need fisheries storage and market access,"Farmers residing in Nagaon district of Assam, cultivating Fisheries, owning between 0.0 and 5.0 acres of land, registered with the state agriculture portal.",Interest subvention up to 3%,Premium subsidy up to 90%,"Aadhaar Card, Land ownership document, Bank account details, Caste certificate (where applicable), Farmer registration certificate, Crop details",NABARD Office,https://nabard.org/,"fisheries, fisheries, assam farmer, nagaon, fisheries, government subsidy, agricultural support"
AGRI059,"Formation and Promotion of 10,000 FPOs Scheme (West Bengal Implementation)",FPO Support,West Bengal,Hooghly,FPO Development,Onion,0.0,10.0,Below ₹2.5 Lakh/year,Female Only,21,70,Yes,No,No,Need market linkage and aggregation,"Farmers residing in Hooghly district of West Bengal, cultivating Onion, owning between 0.0 and 10.0 acres of land, registered with the state agriculture portal. Must be a member of a registered FPO/Cooperative.",Up to ₹18 lakh financial support per FPO,Up to ₹1 lakh,"Aadhaar Card, Land ownership document, Bank account details, Farmer registration certificate, Crop details",State Agriculture Department Portal,https://www.sfacindia.com/,"onion, fpo development, west bengal farmer, hooghly, formation, government subsidy, agricultural support"
AGRI060,Soil Health Card Scheme (Bihar Implementation),Agriculture Department,Bihar,Bhagalpur,Soil Improvement,Pulses,0.0,2.0,Below ₹1.5 Lakh/year,All,21,60,No,No,No,Need soil health assessment,"Farmers residing in Bhagalpur district of Bihar, cultivating Pulses, owning between 0.0 and 2.0 acres of land, registered with the state agriculture portal.",Free soil testing and recommendations,Interest subvention of 3%,"Aadhaar Card, Land ownership document, Bank account details, Soil Health Card, Caste certificate (where applicable), Farmer registration certificate, Crop details",FPO Office,https://soilhealth.dac.gov.in/,"pulses, soil improvement, bihar farmer, bhagalpur, soil, government subsidy, agricultural support"
AGRI061,PMKSY - Bihar Bhagalpur Chapter,State Government,Bihar,Bhagalpur,Irrigation,Vegetables,1.0,25.0,Below ₹2.5 Lakh/year,All,21,70,No,No,Yes,Need irrigation support,"Farmers residing in Bhagalpur district of Bihar, cultivating Vegetables, owning between 1.0 and 25.0 acres of land, registered with the state agriculture portal.",50% to 55% subsidy on drip/sprinkler,30%,"Aadhaar Card, Land ownership document, Bank account details, Farmer registration certificate, Crop details",Horticulture Department Office,https://pmksy.gov.in/,"vegetables, irrigation, bihar farmer, bhagalpur, pmksy, government subsidy, agricultural support"
AGRI062,PMKSY - Gujarat Cotton Initiative,Central Government,Gujarat,Anand,Irrigation,Wheat,2.0,25.0,Below ₹1.5 Lakh/year,All (Priority for Women),21,60,No,No,Yes,Need irrigation support,"Farmers residing in Anand district of Gujarat, cultivating Wheat, owning between 2.0 and 25.0 acres of land, registered with the state agriculture portal.",50% to 55% subsidy on drip/sprinkler,75%,"Aadhaar Card, Land ownership document, Bank account details, Caste certificate (where applicable), Farmer registration certificate, Crop details",Horticulture Department Office,https://pmksy.gov.in/,"wheat, irrigation, gujarat farmer, anand, pmksy, government subsidy, agricultural support"
AGRI063,RKVY-RAFTAAR (Rashtriya Krishi Vikas Yojana) (Bihar Implementation),State Government,Bihar,Muzaffarpur,Subsidy,Vegetables,0.0,10.0,None,Male & Female,21,65,No,No,No,Need financial assistance,"Farmers residing in Muzaffarpur district of Bihar, cultivating Vegetables, owning between 0.0 and 10.0 acres of land, registered with the state agriculture portal.",Up to 50% project cost subsidy,Up to ₹5 lakh,"Aadhaar Card, Land ownership document, Bank account details, Caste certificate (where applicable), Farmer registration certificate, Crop details",PM Kisan Portal,State Agriculture Department Portal,"vegetables, subsidy, bihar farmer, muzaffarpur, rkvy-raftaar, government subsidy, agricultural support"
AGRI064,PMFBY (Pradhan Mantri Fasal Bima Yojana) (Andhra Pradesh Implementation),Central Government,Andhra Pradesh,Krishna,Crop Insurance,Wheat,0.0,2.0,Below ₹2.5 Lakh/year,All (Priority for Women),18,70,No,No,No,Need crop insurance,"Farmers residing in Krishna district of Andhra Pradesh, cultivating Wheat, owning between 0.0 and 2.0 acres of land, registered with the state agriculture portal.",Premium subsidy up to 90%,Premium subsidy up to 90%,"Aadhaar Card, Land ownership document, Bank account details, Caste certificate (where applicable)",District Agriculture Office,https://pmfby.gov.in/,"wheat, crop insurance, andhra pradesh farmer, krishna, pmfby, government subsidy, agricultural support"
AGRI065,Soil Health Card Scheme - Karnataka Tumakuru Chapter,State Government,Karnataka,Tumakuru,Soil Improvement,Rice,0.0,5.0,None,Female Only,18,70,Yes,No,Yes,Need soil health assessment,"Farmers residing in Tumakuru district of Karnataka, cultivating Rice, owning between 0.0 and 5.0 acres of land, registered with the state agriculture portal. Must be a member of a registered FPO/Cooperative.",Free soil testing and recommendations,Up to ₹2 lakh,"Aadhaar Card, Land ownership document, Bank account details, Soil Health Card",Horticulture Department Office,https://soilhealth.dac.gov.in/,"rice, soil improvement, karnataka farmer, tumakuru, soil, government subsidy, agricultural support"
AGRI066,RKVY-RAFTAAR (Rashtriya Krishi Vikas Yojana) (Telangana Implementation),State Government,Telangana,Nizamabad,Subsidy,Wheat,0.0,2.0,Below ₹5 Lakh/year,Male & Female,18,60,No,No,No,Need financial assistance,"Farmers residing in Nizamabad district of Telangana, cultivating Wheat, owning between 0.0 and 2.0 acres of land, registered with the state agriculture portal.",Up to 50% project cost subsidy,Up to ₹2 lakh,"Aadhaar Card, Land ownership document, Bank account details, Farmer registration certificate, Crop details",Horticulture Department Office,State Agriculture Department Portal,"wheat, subsidy, telangana farmer, nizamabad, rkvy-raftaar, government subsidy, agricultural support"
AGRI067,Kisan Credit Card - Haryana Cotton Initiative,NABARD Supported,Haryana,Ambala,Credit,Pulses,0.0,10.0,Below ₹1.5 Lakh/year,Female Only,21,75,Yes,No,No,Need financial assistance,"Farmers residing in Ambala district of Haryana, cultivating Pulses, owning between 0.0 and 10.0 acres of land, registered with the state agriculture portal. Must be a member of a registered FPO/Cooperative.",Concessional interest rate at 4%,Interest subvention of 3%,"Aadhaar Card, Land ownership document, Bank account details",CSC Center,https://www.nabard.org/,"pulses, credit, haryana farmer, ambala, kisan, government subsidy, agricultural support"
AGRI068,National Livestock Mission (NLM) - Dairy/Poultry (Kerala Implementation),Central Government,Kerala,Wayanad,Dairy,Dairy,0.0,20.0,None,Female Only,21,70,No,No,No,Need dairy development,"Farmers residing in Wayanad district of Kerala, cultivating Dairy, owning between 0.0 and 20.0 acres of land, registered with the state agriculture portal.",50% capital subsidy for farm setup,50%,"Aadhaar Card, Land ownership document, Bank account details, Farmer registration certificate, Crop details",State Agriculture Department Portal,https://nlm.udyamimitra.in/,"dairy, dairy, kerala farmer, wayanad, national, government subsidy, agricultural support"
AGRI069,Kisan Credit Card (KCC) Scheme (Haryana Implementation),NABARD Supported,Haryana,Sirsa,Credit,Potato,0.0,5.0,None,Female Only,18,75,No,No,No,Need financial assistance,"Farmers residing in Sirsa district of Haryana, cultivating Potato, owning between 0.0 and 5.0 acres of land, registered with the state agriculture portal.",Concessional interest rate at 4%,Up to ₹2 lakh,"Aadhaar Card, Land ownership document, Bank account details",NABARD Office,https://www.nabard.org/,"potato, credit, haryana farmer, sirsa, kisan, government subsidy, agricultural support"
AGRI070,Fisheries Infrastructure Development Fund (FIDF) (Tamil Nadu Implementation),NABARD Supported,Tamil Nadu,Thanjavur,Fisheries,Fisheries,0.0,20.0,Below ₹2.5 Lakh/year,All,21,70,Yes,No,No,Need fisheries storage and market access,"Farmers residing in Thanjavur district of Tamil Nadu, cultivating Fisheries, owning between 0.0 and 20.0 acres of land, registered with the state agriculture portal. Must be a member of a registered FPO/Cooperative.",Interest subvention up to 3%,60%,"Aadhaar Card, Land ownership document, Bank account details",PM Kisan Portal,https://nabard.org/,"fisheries, fisheries, tamil nadu farmer, thanjavur, fisheries, government subsidy, agricultural support"
AGRI071,Fisheries Infrastructure Development Fund (FIDF) (Karnataka Implementation),NABARD Supported,Karnataka,Belagavi,Fisheries,Fisheries,0.0,10.0,Below ₹5 Lakh/year,All,18,65,No,No,No,Need fisheries storage and market access,"Farmers residing in Belagavi district of Karnataka, cultivating Fisheries, owning between 0.0 and 10.0 acres of land, registered with the state agriculture portal.",Interest subvention up to 3%,50%,"Aadhaar Card, Land ownership document, Bank account details",State Agriculture Department Portal,https://nabard.org/,"fisheries, fisheries, karnataka farmer, belagavi, fisheries, government subsidy, agricultural support"
AGRI072,PM-KUSUM (Solar Agriculture Pumps Scheme) (Uttar Pradesh Implementation),Central Government,Uttar Pradesh,Kanpur,Irrigation,Wheat,1.0,25.0,Below ₹5 Lakh/year,All,18,65,No,No,Yes,Need irrigation support,"Farmers residing in Kanpur district of Uttar Pradesh, cultivating Wheat, owning between 1.0 and 25.0 acres of land, registered with the state agriculture portal.",Up to 60% subsidy on solar pump installation,Interest subvention of 3%,"Aadhaar Card, Land ownership document, Bank account details, Caste certificate (where applicable), Farmer registration certificate, Crop details",Block Development Office,https://pmkusum.mnre.gov.in/,"wheat, irrigation, uttar pradesh farmer, kanpur, pm-kusum, government subsidy, agricultural support"
AGRI073,Sub-Mission on Seeds and Planting Material - Kerala Thrissur Chapter,State Government,Kerala,Thrissur,Subsidy,Vegetables,0.0,2.0,Below ₹5 Lakh/year,Male & Female,18,70,No,No,No,Need quality seeds,"Farmers residing in Thrissur district of Kerala, cultivating Vegetables, owning between 0.0 and 2.0 acres of land, registered with the state agriculture portal.",50% subsidy on certified seed distribution,Up to ₹10 lakh,"Aadhaar Card, Land ownership document, Bank account details, Farmer registration certificate, Crop details",Block Development Office,State Agriculture Department Portal,"vegetables, subsidy, kerala farmer, thrissur, sub-mission, government subsidy, agricultural support"
AGRI074,Fisheries Infrastructure Development Fund (FIDF) (Punjab Implementation),NABARD Supported,Punjab,Ludhiana,Fisheries,Fisheries,0.0,10.0,Below ₹5 Lakh/year,Female Only,18,60,No,No,No,Need fisheries storage and market access,"Farmers residing in Ludhiana district of Punjab, cultivating Fisheries, owning between 0.0 and 10.0 acres of land, registered with the state agriculture portal.",Interest subvention up to 3%,50%,"Aadhaar Card, Land ownership document, Bank account details, Caste certificate (where applicable)",FPO Office,https://nabard.org/,"fisheries, fisheries, punjab farmer, ludhiana, fisheries, government subsidy, agricultural support"
AGRI075,Kisan Credit Card (KCC) Scheme (Odisha Implementation),NABARD Supported,Odisha,Cuttack,Credit,Rice,0.0,10.0,Below ₹1.5 Lakh/year,Male & Female,21,70,Yes,Yes,No,Need financial assistance,"Farmers residing in Cuttack district of Odisha, cultivating Rice, owning between 0.0 and 10.0 acres of land, registered with the state agriculture portal. Must be a member of a registered FPO/Cooperative. Must adhere to certified organic farming practices.",Concessional interest rate at 4%,Premium subsidy up to 90%,"Aadhaar Card, Land ownership document, Bank account details",FPO Office,https://www.nabard.org/,"rice, credit, odisha farmer, cuttack, kisan, government subsidy, agricultural support"
AGRI076,Kisan Credit Card (KCC) Scheme (West Bengal Implementation),NABARD Supported,West Bengal,Burdwan,Credit,Pulses,0.0,2.0,Below ₹1.5 Lakh/year,Female Only,21,65,No,No,No,Need financial assistance,"Farmers residing in Burdwan district of West Bengal, cultivating Pulses, owning between 0.0 and 2.0 acres of land, registered with the state agriculture portal.",Concessional interest rate at 4%,Up to ₹10 lakh,"Aadhaar Card, Land ownership document, Bank account details",CSC Center,https://www.nabard.org/,"pulses, credit, west bengal farmer, burdwan, kisan, government subsidy, agricultural support"
AGRI077,AIF - Telangana Nalgonda Chapter,State Government,Telangana,Nalgonda,Storage,Potato,1.0,5.0,Below ₹2.5 Lakh/year,All (Priority for Women),18,65,Yes,No,No,Need cold storage and infrastructure,"Farmers residing in Nalgonda district of Telangana, cultivating Potato, owning between 1.0 and 5.0 acres of land, registered with the state agriculture portal. Must be a member of a registered FPO/Cooperative.",3% interest subvention up to ₹2 crore,Interest subvention of 3%,"Aadhaar Card, Land ownership document, Bank account details",Horticulture Department Office,https://agriinfra.dac.gov.in/,"potato, storage, telangana farmer, nalgonda, aif, government subsidy, agricultural support"
AGRI078,Horticulture Cluster Development Program - Andhra Pradesh Banana Initiative,Horticulture Department,Andhra Pradesh,West Godavari,Horticulture,Fruits,0.0,10.0,None,Female Only,18,70,No,Yes,No,Need cluster infrastructure,"Farmers residing in West Godavari district of Andhra Pradesh, cultivating Fruits, owning between 0.0 and 10.0 acres of land, registered with the state agriculture portal. Must adhere to certified organic farming practices.",Up to ₹50 lakh grant for post-harvest support,Up to ₹1 lakh,"Aadhaar Card, Land ownership document, Bank account details, Farmer registration certificate, Crop details",State Agriculture Department Portal,https://midh.gov.in/,"fruits, horticulture, andhra pradesh farmer, west godavari, horticulture, government subsidy, agricultural support"
AGRI079,Fisheries Infrastructure Development Fund (FIDF) (Odisha Implementation),NABARD Supported,Odisha,Puri,Fisheries,Fisheries,0.0,20.0,Below ₹2.5 Lakh/year,Female Only,21,65,No,No,No,Need fisheries storage and market access,"Farmers residing in Puri district of Odisha, cultivating Fisheries, owning between 0.0 and 20.0 acres of land, registered with the state agriculture portal.",Interest subvention up to 3%,Up to ₹1 lakh,"Aadhaar Card, Land ownership document, Bank account details, Farmer registration certificate, Crop details",District Agriculture Office,https://nabard.org/,"fisheries, fisheries, odisha farmer, puri, fisheries, government subsidy, agricultural support"
AGRI080,PMFBY (Pradhan Mantri Fasal Bima Yojana) (Bihar Implementation),Central Government,Bihar,Bhagalpur,Crop Insurance,Pulses,0.0,5.0,Below ₹5 Lakh/year,Female Only,21,75,No,No,No,Need crop insurance,"Farmers residing in Bhagalpur district of Bihar, cultivating Pulses, owning between 0.0 and 5.0 acres of land, registered with the state agriculture portal.",Premium subsidy up to 90%,Premium subsidy up to 90%,"Aadhaar Card, Land ownership document, Bank account details, Caste certificate (where applicable)",FPO Office,https://pmfby.gov.in/,"pulses, crop insurance, bihar farmer, bhagalpur, pmfby, government subsidy, agricultural support"
AGRI081,Kisan Credit Card (KCC) Scheme (Andhra Pradesh Implementation),NABARD Supported,Andhra Pradesh,Guntur,Credit,Cotton,0.0,5.0,Below ₹5 Lakh/year,All,18,70,No,No,No,Need financial assistance,"Farmers residing in Guntur district of Andhra Pradesh, cultivating Cotton, owning between 0.0 and 5.0 acres of land, registered with the state agriculture portal.",Concessional interest rate at 4%,Interest subvention of 3%,"Aadhaar Card, Land ownership document, Bank account details, Caste certificate (where applicable)",State Agriculture Department Portal,https://www.nabard.org/,"cotton, credit, andhra pradesh farmer, guntur, kisan, government subsidy, agricultural support"
AGRI082,ATMA (Agricultural Technology Management Agency) Scheme (Odisha Implementation),Agriculture Department,Odisha,Balasore,Skill Development,Fruits,0.0,2.0,Below ₹1.5 Lakh/year,Female Only,18,70,No,No,No,Need technical training and guidance,"Farmers residing in Balasore district of Odisha, cultivating Fruits, owning between 0.0 and 2.0 acres of land, registered with the state agriculture portal.","Free training, exposure visits, and demonstrations",Up to ₹1 lakh,"Aadhaar Card, Land ownership document, Bank account details, Farmer registration certificate, Crop details",CSC Center,State Agriculture Department Portal,"fruits, skill development, odisha farmer, balasore, atma, government subsidy, agricultural support"
AGRI083,Soil Health Card Scheme - Rajasthan Jaipur Chapter,State Government,Rajasthan,Jaipur,Soil Improvement,Rice,0.0,2.0,Below ₹5 Lakh/year,All (Priority for Women),21,65,No,No,No,Need soil health assessment,"Farmers residing in Jaipur district of Rajasthan, cultivating Rice, owning between 0.0 and 2.0 acres of land, registered with the state agriculture portal.",Free soil testing and recommendations,50%,"Aadhaar Card, Land ownership document, Bank account details, Soil Health Card, Farmer registration certificate, Crop details",FPO Office,https://soilhealth.dac.gov.in/,"rice, soil improvement, rajasthan farmer, jaipur, soil, government subsidy, agricultural support"
AGRI084,PKVY - Kerala Alappuzha Chapter,State Government,Kerala,Alappuzha,Organic Farming,Fruits,0.0,20.0,Below ₹2.5 Lakh/year,All (Priority for Women),21,75,No,Yes,No,Need organic certification,"Farmers residing in Alappuzha district of Kerala, cultivating Fruits, owning between 0.0 and 20.0 acres of land, registered with the state agriculture portal. Must adhere to certified organic farming practices.","₹50,000 per ha assistance for cluster organic farming",60%,"Aadhaar Card, Land ownership document, Bank account details, Soil Health Card, Caste certificate (where applicable)",Horticulture Department Office,https://pgsindia-ncof.gov.in/,"fruits, organic farming, kerala farmer, alappuzha, pkvy, government subsidy, agricultural support"
AGRI085,RKVY-RAFTAAR (Rashtriya Krishi Vikas Yojana) (Tamil Nadu Implementation),State Government,Tamil Nadu,Salem,Subsidy,Wheat,0.0,5.0,Below ₹2.5 Lakh/year,Female Only,18,75,No,No,No,Need financial assistance,"Farmers residing in Salem district of Tamil Nadu, cultivating Wheat, owning between 0.0 and 5.0 acres of land, registered with the state agriculture portal.",Up to 50% project cost subsidy,40%,"Aadhaar Card, Land ownership document, Bank account details",State Agriculture Department Portal,State Agriculture Department Portal,"wheat, subsidy, tamil nadu farmer, salem, rkvy-raftaar, government subsidy, agricultural support"
AGRI086,ATMA - Haryana Hisar Chapter,State Government,Haryana,Hisar,Skill Development,Dairy,0.0,5.0,Below ₹1.5 Lakh/year,All,18,75,No,No,No,Need technical training and guidance,"Farmers residing in Hisar district of Haryana, cultivating Dairy, owning between 0.0 and 5.0 acres of land, registered with the state agriculture portal.","Free training, exposure visits, and demonstrations",Up to ₹2 lakh,"Aadhaar Card, Land ownership document, Bank account details, Caste certificate (where applicable)",CSC Center,State Agriculture Department Portal,"dairy, skill development, haryana farmer, hisar, atma, government subsidy, agricultural support"
AGRI087,Pradhan Mantri Matsya Sampada Yojana - Haryana Ambala Chapter,State Government,Haryana,Ambala,Fisheries,Fisheries,0.0,2.0,Below ₹5 Lakh/year,All (Priority for Women),18,60,No,No,No,Need aquaculture development,"Farmers residing in Ambala district of Haryana, cultivating Fisheries, owning between 0.0 and 2.0 acres of land, registered with the state agriculture portal.",40% to 60% subsidy on fishery inputs,Full subsidy for soil testing,"Aadhaar Card, Land ownership document, Bank account details",Horticulture Department Office,https://pmmsy.dof.gov.in/,"fisheries, fisheries, haryana farmer, ambala, pradhan, government subsidy, agricultural support"
AGRI088,RKVY-RAFTAAR - Maharashtra Wheat Initiative,State Government,Maharashtra,Nashik,Subsidy,Vegetables,0.0,20.0,None,Female Only,18,70,Yes,No,No,Need financial assistance,"Farmers residing in Nashik district of Maharashtra, cultivating Vegetables, owning between 0.0 and 20.0 acres of land, registered with the state agriculture portal. Must be a member of a registered FPO/Cooperative.",Up to 50% project cost subsidy,Interest subvention of 3%,"Aadhaar Card, Land ownership document, Bank account details, Farmer registration certificate, Crop details",State Agriculture Department Portal,State Agriculture Department Portal,"vegetables, subsidy, maharashtra farmer, nashik, rkvy-raftaar, government subsidy, agricultural support"
AGRI089,Sub-Mission on Seeds and Planting Material - Maharashtra Wheat Initiative,Agriculture Department,Maharashtra,Nagpur,Subsidy,Pulses,0.0,20.0,None,Female Only,18,75,No,No,No,Need quality seeds,"Farmers residing in Nagpur district of Maharashtra, cultivating Pulses, owning between 0.0 and 20.0 acres of land, registered with the state agriculture portal.",50% subsidy on certified seed distribution,Up to ₹10 lakh,"Aadhaar Card, Land ownership document, Bank account details, Farmer registration certificate, Crop details",PM Kisan Portal,State Agriculture Department Portal,"pulses, subsidy, maharashtra farmer, nagpur, sub-mission, government subsidy, agricultural support"
AGRI090,Pradhan Mantri Matsya Sampada Yojana (PMMSY) (Assam Implementation),Central Government,Assam,Kamrup,Fisheries,Fisheries,0.0,2.0,Below ₹5 Lakh/year,All,21,65,No,No,No,Need aquaculture development,"Farmers residing in Kamrup district of Assam, cultivating Fisheries, owning between 0.0 and 2.0 acres of land, registered with the state agriculture portal.",40% to 60% subsidy on fishery inputs,Premium subsidy up to 90%,"Aadhaar Card, Land ownership document, Bank account details, Farmer registration certificate, Crop details",PM Kisan Portal,https://pmmsy.dof.gov.in/,"fisheries, fisheries, assam farmer, kamrup, pradhan, government subsidy, agricultural support"
AGRI091,AIF (Agriculture Infrastructure Fund) (Andhra Pradesh Implementation),Central Government,Andhra Pradesh,Krishna,Storage,Banana,1.0,25.0,Below ₹2.5 Lakh/year,All (Priority for Women),18,75,Yes,Yes,Yes,Need cold storage and infrastructure,"Farmers residing in Krishna district of Andhra Pradesh, cultivating Banana, owning between 1.0 and 25.0 acres of land, registered with the state agriculture portal. Must be a member of a registered FPO/Cooperative. Must adhere to certified organic farming practices.",3% interest subvention up to ₹2 crore,60%,"Aadhaar Card, Land ownership document, Bank account details, Farmer registration certificate, Crop details",NABARD Office,https://agriinfra.dac.gov.in/,"banana, storage, andhra pradesh farmer, krishna, aif, government subsidy, agricultural support"
AGRI092,PM-KUSUM - Odisha Onion Initiative,Central Government,Odisha,Sambalpur,Irrigation,Sugarcane,1.0,10.0,None,Female Only,21,60,No,No,Yes,Need irrigation support,"Farmers residing in Sambalpur district of Odisha, cultivating Sugarcane, owning between 1.0 and 10.0 acres of land, registered with the state agriculture portal.",Up to 60% subsidy on solar pump installation,Up to ₹2 lakh,"Aadhaar Card, Land ownership document, Bank account details",Block Development Office,https://pmkusum.mnre.gov.in/,"sugarcane, irrigation, odisha farmer, sambalpur, pm-kusum, government subsidy, agricultural support"
AGRI093,"Formation and Promotion of 10,000 FPOs Scheme (Madhya Pradesh Implementation)",FPO Support,Madhya Pradesh,Dewas,FPO Development,Millet,0.0,10.0,None,Male & Female,18,75,Yes,No,No,Need market linkage and aggregation,"Farmers residing in Dewas district of Madhya Pradesh, cultivating Millet, owning between 0.0 and 10.0 acres of land, registered with the state agriculture portal. Must be a member of a registered FPO/Cooperative.",Up to ₹18 lakh financial support per FPO,50%,"Aadhaar Card, Land ownership document, Bank account details, Farmer registration certificate, Crop details",State Agriculture Department Portal,https://www.sfacindia.com/,"millet, fpo development, madhya pradesh farmer, dewas, formation, government subsidy, agricultural support"
AGRI094,"Formation and Promotion of 10,000 FPOs Scheme (Tamil Nadu Implementation)",FPO Support,Tamil Nadu,Thanjavur,FPO Development,Pulses,0.0,20.0,Below ₹5 Lakh/year,Male & Female,18,70,Yes,No,No,Need market linkage and aggregation,"Farmers residing in Thanjavur district of Tamil Nadu, cultivating Pulses, owning between 0.0 and 20.0 acres of land, registered with the state agriculture portal. Must be a member of a registered FPO/Cooperative.",Up to ₹18 lakh financial support per FPO,Up to ₹2 lakh,"Aadhaar Card, Land ownership document, Bank account details, Caste certificate (where applicable)",PM Kisan Portal,https://www.sfacindia.com/,"pulses, fpo development, tamil nadu farmer, thanjavur, formation, government subsidy, agricultural support"
AGRI095,Kisan Credit Card (KCC) Scheme (Odisha Implementation),NABARD Supported,Odisha,Balasore,Credit,Wheat,0.0,2.0,Below ₹2.5 Lakh/year,Male & Female,18,65,Yes,No,No,Need financial assistance,"Farmers residing in Balasore district of Odisha, cultivating Wheat, owning between 0.0 and 2.0 acres of land, registered with the state agriculture portal. Must be a member of a registered FPO/Cooperative.",Concessional interest rate at 4%,Up to ₹1 lakh,"Aadhaar Card, Land ownership document, Bank account details, Caste certificate (where applicable)",PM Kisan Portal,https://www.nabard.org/,"wheat, credit, odisha farmer, balasore, kisan, government subsidy, agricultural support"
AGRI096,Fisheries Infrastructure Development Fund (FIDF) (Rajasthan Implementation),NABARD Supported,Rajasthan,Jodhpur,Fisheries,Fisheries,0.0,5.0,Below ₹5 Lakh/year,Male & Female,21,70,No,No,No,Need fisheries storage and market access,"Farmers residing in Jodhpur district of Rajasthan, cultivating Fisheries, owning between 0.0 and 5.0 acres of land, registered with the state agriculture portal.",Interest subvention up to 3%,Full subsidy for soil testing,"Aadhaar Card, Land ownership document, Bank account details, Caste certificate (where applicable)",State Agriculture Department Portal,https://nabard.org/,"fisheries, fisheries, rajasthan farmer, jodhpur, fisheries, government subsidy, agricultural support"
AGRI097,e-NAM - Karnataka Davangere Chapter,State Government,Karnataka,Davangere,Marketing,Soybean,0.0,10.0,Below ₹1.5 Lakh/year,All (Priority for Women),18,65,Yes,No,No,Need market linkage,"Farmers residing in Davangere district of Karnataka, cultivating Soybean, owning between 0.0 and 10.0 acres of land, registered with the state agriculture portal. Must be a member of a registered FPO/Cooperative.",Free access to online trading platform,Up to ₹5 lakh,"Aadhaar Card, Land ownership document, Bank account details, Caste certificate (where applicable)",State Agriculture Department Portal,https://www.enam.gov.in/,"soybean, marketing, karnataka farmer, davangere, e-nam, government subsidy, agricultural support"
AGRI098,"Formation and Promotion of 10,000 FPOs Scheme - Telangana Onion Initiative",FPO Support,Telangana,Warangal,FPO Development,Pulses,0.0,5.0,Below ₹5 Lakh/year,All (Priority for Women),18,65,Yes,No,No,Need market linkage and aggregation,"Farmers residing in Warangal district of Telangana, cultivating Pulses, owning between 0.0 and 5.0 acres of land, registered with the state agriculture portal. Must be a member of a registered FPO/Cooperative.",Up to ₹18 lakh financial support per FPO,60%,"Aadhaar Card, Land ownership document, Bank account details, Farmer registration certificate, Crop details",FPO Office,https://www.sfacindia.com/,"pulses, fpo development, telangana farmer, warangal, formation, government subsidy, agricultural support"
AGRI099,RKVY-RAFTAAR - Rajasthan Millet Initiative,State Government,Rajasthan,Udaipur,Subsidy,Maize,0.0,20.0,Below ₹1.5 Lakh/year,Male & Female,18,65,No,No,No,Need financial assistance,"Farmers residing in Udaipur district of Rajasthan, cultivating Maize, owning between 0.0 and 20.0 acres of land, registered with the state agriculture portal.",Up to 50% project cost subsidy,Up to ₹5 lakh,"Aadhaar Card, Land ownership document, Bank account details",District Agriculture Office,State Agriculture Department Portal,"maize, subsidy, rajasthan farmer, udaipur, rkvy-raftaar, government subsidy, agricultural support"
AGRI100,Cooperative Agricultural Credit Structure Scheme (Madhya Pradesh Implementation),Cooperative,Madhya Pradesh,Ujjain,Credit,Rice,0.0,2.0,Below ₹2.5 Lakh/year,Female Only,18,65,No,No,No,Need short term crop credit,"Farmers residing in Ujjain district of Madhya Pradesh, cultivating Rice, owning between 0.0 and 2.0 acres of land, registered with the state agriculture portal.",Low interest short term loans,Up to ₹10 lakh,"Aadhaar Card, Land ownership document, Bank account details",NABARD Office,State Agriculture Department Portal,"rice, credit, madhya pradesh farmer, ujjain, cooperative, government subsidy, agricultural support"
AGRI101,MIDH (Mission for Integrated Development of Horticulture) (Karnataka Implementation),Horticulture Department,Karnataka,Tumakuru,Horticulture,Tomato,0.0,5.0,Below ₹2.5 Lakh/year,All (Priority for Women),21,60,No,Yes,No,Need horticulture support,"Farmers residing in Tumakuru district of Karnataka, cultivating Tomato, owning between 0.0 and 5.0 acres of land, registered with the state agriculture portal. Must adhere to certified organic farming practices.",35% to 50% subsidy on planting material,30%,"Aadhaar Card, Land ownership document, Bank account details",NABARD Office,https://midh.gov.in/,"tomato, horticulture, karnataka farmer, tumakuru, midh, government subsidy, agricultural support"
AGRI102,MIDH (Mission for Integrated Development of Horticulture) (West Bengal Implementation),Horticulture Department,West Bengal,North 24 Parganas,Horticulture,Fruits,0.0,10.0,Below ₹1.5 Lakh/year,All (Priority for Women),21,70,No,No,No,Need horticulture support,"Farmers residing in North 24 Parganas district of West Bengal, cultivating Fruits, owning between 0.0 and 10.0 acres of land, registered with the state agriculture portal.",35% to 50% subsidy on planting material,50%,"Aadhaar Card, Land ownership document, Bank account details, Farmer registration certificate, Crop details",CSC Center,https://midh.gov.in/,"fruits, horticulture, west bengal farmer, north 24 parganas, midh, government subsidy, agricultural support"
AGRI103,"Formation and Promotion of 10,000 FPOs Scheme (Rajasthan Implementation)",FPO Support,Rajasthan,Kota,FPO Development,Onion,0.0,20.0,Below ₹2.5 Lakh/year,Female Only,18,70,Yes,No,No,Need market linkage and aggregation,"Farmers residing in Kota district of Rajasthan, cultivating Onion, owning between 0.0 and 20.0 acres of land, registered with the state agriculture portal. Must be a member of a registered FPO/Cooperative.",Up to ₹18 lakh financial support per FPO,40%,"Aadhaar Card, Land ownership document, Bank account details, Caste certificate (where applicable), Farmer registration certificate, Crop details",State Agriculture Department Portal,https://www.sfacindia.com/,"onion, fpo development, rajasthan farmer, kota, formation, government subsidy, agricultural support"
AGRI104,PMFBY (Pradhan Mantri Fasal Bima Yojana) (Tamil Nadu Implementation),Central Government,Tamil Nadu,Salem,Crop Insurance,Sugarcane,0.0,5.0,Below ₹5 Lakh/year,Female Only,18,65,No,No,No,Need crop insurance,"Farmers residing in Salem district of Tamil Nadu, cultivating Sugarcane, owning between 0.0 and 5.0 acres of land, registered with the state agriculture portal.",Premium subsidy up to 90%,75%,"Aadhaar Card, Land ownership document, Bank account details, Farmer registration certificate, Crop details",Block Development Office,https://pmfby.gov.in/,"sugarcane, crop insurance, tamil nadu farmer, salem, pmfby, government subsidy, agricultural support"
AGRI105,PM-KUSUM - Kerala Wayanad Chapter,State Government,Kerala,Wayanad,Irrigation,Wheat,0.0,5.0,Below ₹5 Lakh/year,Male & Female,21,70,No,No,Yes,Need irrigation support,"Farmers residing in Wayanad district of Kerala, cultivating Wheat, owning between 0.0 and 5.0 acres of land, registered with the state agriculture portal.",Up to 60% subsidy on solar pump installation,Up to ₹2 lakh,"Aadhaar Card, Land ownership document, Bank account details, Caste certificate (where applicable), Farmer registration certificate, Crop details",FPO Office,https://pmkusum.mnre.gov.in/,"wheat, irrigation, kerala farmer, wayanad, pm-kusum, government subsidy, agricultural support"
AGRI106,Pradhan Mantri Matsya Sampada Yojana (PMMSY) (Telangana Implementation),Central Government,Telangana,Warangal,Fisheries,Fisheries,0.0,10.0,Below ₹5 Lakh/year,All,21,75,No,No,No,Need aquaculture development,"Farmers residing in Warangal district of Telangana, cultivating Fisheries, owning between 0.0 and 10.0 acres of land, registered with the state agriculture portal.",40% to 60% subsidy on fishery inputs,Premium subsidy up to 90%,"Aadhaar Card, Land ownership document, Bank account details, Farmer registration certificate, Crop details",State Agriculture Department Portal,https://pmmsy.dof.gov.in/,"fisheries, fisheries, telangana farmer, warangal, pradhan, government subsidy, agricultural support"
AGRI107,Pradhan Mantri Matsya Sampada Yojana (PMMSY) (Telangana Implementation),Central Government,Telangana,Karimnagar,Fisheries,Fisheries,0.0,5.0,Below ₹1.5 Lakh/year,All,18,60,Yes,No,No,Need aquaculture development,"Farmers residing in Karimnagar district of Telangana, cultivating Fisheries, owning between 0.0 and 5.0 acres of land, registered with the state agriculture portal. Must be a member of a registered FPO/Cooperative.",40% to 60% subsidy on fishery inputs,Up to ₹5 lakh,"Aadhaar Card, Land ownership document, Bank account details, Farmer registration certificate, Crop details",District Agriculture Office,https://pmmsy.dof.gov.in/,"fisheries, fisheries, telangana farmer, karimnagar, pradhan, government subsidy, agricultural support"
AGRI108,"Formation and Promotion of 10,000 FPOs Scheme (Andhra Pradesh Implementation)",FPO Support,Andhra Pradesh,Krishna,FPO Development,Onion,0.0,10.0,Below ₹1.5 Lakh/year,Female Only,21,60,Yes,No,No,Need market linkage and aggregation,"Farmers residing in Krishna district of Andhra Pradesh, cultivating Onion, owning between 0.0 and 10.0 acres of land, registered with the state agriculture portal. Must be a member of a registered FPO/Cooperative.",Up to ₹18 lakh financial support per FPO,Interest subvention of 3%,"Aadhaar Card, Land ownership document, Bank account details, Caste certificate (where applicable), Farmer registration certificate, Crop details",NABARD Office,https://www.sfacindia.com/,"onion, fpo development, andhra pradesh farmer, krishna, formation, government subsidy, agricultural support"
AGRI109,PM-KISAN (Pradhan Mantri Kisan Samman Nidhi) (Assam Implementation),Central Government,Assam,Nagaon,Credit,Potato,0.0,5.0,None,Male & Female,18,75,Yes,No,No,Need credit support,"Farmers residing in Nagaon district of Assam, cultivating Potato, owning between 0.0 and 5.0 acres of land, registered with the state agriculture portal. Must be a member of a registered FPO/Cooperative.","₹6,000 per year in 3 installments",30%,"Aadhaar Card, Land ownership document, Bank account details",CSC Center,https://pmkisan.gov.in/,"potato, credit, assam farmer, nagaon, pm-kisan, government subsidy, agricultural support"
AGRI110,PM-KISAN (Pradhan Mantri Kisan Samman Nidhi) (Kerala Implementation),Central Government,Kerala,Idukki,Credit,Wheat,0.0,20.0,Below ₹1.5 Lakh/year,All,18,65,No,No,No,Need credit support,"Farmers residing in Idukki district of Kerala, cultivating Wheat, owning between 0.0 and 20.0 acres of land, registered with the state agriculture portal.","₹6,000 per year in 3 installments",Up to ₹5 lakh,"Aadhaar Card, Land ownership document, Bank account details, Farmer registration certificate, Crop details",District Agriculture Office,https://pmkisan.gov.in/,"wheat, credit, kerala farmer, idukki, pm-kisan, government subsidy, agricultural support"
AGRI111,RKVY-RAFTAAR (Rashtriya Krishi Vikas Yojana) (Andhra Pradesh Implementation),State Government,Andhra Pradesh,Anantapur,Subsidy,Maize,0.0,10.0,Below ₹1.5 Lakh/year,All (Priority for Women),18,70,No,No,No,Need financial assistance,"Farmers residing in Anantapur district of Andhra Pradesh, cultivating Maize, owning between 0.0 and 10.0 acres of land, registered with the state agriculture portal.",Up to 50% project cost subsidy,75%,"Aadhaar Card, Land ownership document, Bank account details",Horticulture Department Office,State Agriculture Department Portal,"maize, subsidy, andhra pradesh farmer, anantapur, rkvy-raftaar, government subsidy, agricultural support"
AGRI112,"Formation and Promotion of 10,000 FPOs Scheme (Assam Implementation)",FPO Support,Assam,Nagaon,FPO Development,Fruits,0.0,10.0,Below ₹5 Lakh/year,All,21,75,Yes,No,No,Need market linkage and aggregation,"Farmers residing in Nagaon district of Assam, cultivating Fruits, owning between 0.0 and 10.0 acres of land, registered with the state agriculture portal. Must be a member of a registered FPO/Cooperative.",Up to ₹18 lakh financial support per FPO,50%,"Aadhaar Card, Land ownership document, Bank account details, Caste certificate (where applicable), Farmer registration certificate, Crop details",State Agriculture Department Portal,https://www.sfacindia.com/,"fruits, fpo development, assam farmer, nagaon, formation, government subsidy, agricultural support"
AGRI113,AIF - Kerala Grapes Initiative,Central Government,Kerala,Idukki,Storage,Tomato,2.0,25.0,Below ₹5 Lakh/year,All (Priority for Women),18,65,Yes,No,No,Need cold storage and infrastructure,"Farmers residing in Idukki district of Kerala, cultivating Tomato, owning between 2.0 and 25.0 acres of land, registered with the state agriculture portal. Must be a member of a registered FPO/Cooperative.",3% interest subvention up to ₹2 crore,Interest subvention of 3%,"Aadhaar Card, Land ownership document, Bank account details, Farmer registration certificate, Crop details",CSC Center,https://agriinfra.dac.gov.in/,"tomato, storage, kerala farmer, idukki, aif, government subsidy, agricultural support"
AGRI114,PMFBY - Gujarat Banaskantha Chapter,State Government,Gujarat,Banaskantha,Crop Insurance,Soybean,0.0,2.0,Below ₹2.5 Lakh/year,All,18,75,No,No,No,Need crop insurance,"Farmers residing in Banaskantha district of Gujarat, cultivating Soybean, owning between 0.0 and 2.0 acres of land, registered with the state agriculture portal.",Premium subsidy up to 90%,Up to ₹5 lakh,"Aadhaar Card, Land ownership document, Bank account details, Farmer registration certificate, Crop details",NABARD Office,https://pmfby.gov.in/,"soybean, crop insurance, gujarat farmer, banaskantha, pmfby, government subsidy, agricultural support"
AGRI115,"Formation and Promotion of 10,000 FPOs Scheme - Tamil Nadu Millet Initiative",FPO Support,Tamil Nadu,Coimbatore,FPO Development,Pulses,0.0,2.0,Below ₹2.5 Lakh/year,Male & Female,18,60,Yes,No,No,Need market linkage and aggregation,"Farmers residing in Coimbatore district of Tamil Nadu, cultivating Pulses, owning between 0.0 and 2.0 acres of land, registered with the state agriculture portal. Must be a member of a registered FPO/Cooperative.",Up to ₹18 lakh financial support per FPO,Up to ₹2 lakh,"Aadhaar Card, Land ownership document, Bank account details, Farmer registration certificate, Crop details",NABARD Office,https://www.sfacindia.com/,"pulses, fpo development, tamil nadu farmer, coimbatore, formation, government subsidy, agricultural support"
AGRI116,PMFBY - Maharashtra Cotton Initiative,Central Government,Maharashtra,Pune,Crop Insurance,Cotton,0.0,20.0,Below ₹1.5 Lakh/year,All (Priority for Women),21,70,No,No,No,Need crop insurance,"Farmers residing in Pune district of Maharashtra, cultivating Cotton, owning between 0.0 and 20.0 acres of land, registered with the state agriculture portal.",Premium subsidy up to 90%,50%,"Aadhaar Card, Land ownership document, Bank account details",District Agriculture Office,https://pmfby.gov.in/,"cotton, crop insurance, maharashtra farmer, pune, pmfby, government subsidy, agricultural support"
AGRI117,PM-KISAN (Pradhan Mantri Kisan Samman Nidhi) (Andhra Pradesh Implementation),Central Government,Andhra Pradesh,West Godavari,Credit,Wheat,0.0,20.0,Below ₹1.5 Lakh/year,Female Only,18,75,No,No,No,Need credit support,"Farmers residing in West Godavari district of Andhra Pradesh, cultivating Wheat, owning between 0.0 and 20.0 acres of land, registered with the state agriculture portal.","₹6,000 per year in 3 installments",50%,"Aadhaar Card, Land ownership document, Bank account details",PM Kisan Portal,https://pmkisan.gov.in/,"wheat, credit, andhra pradesh farmer, west godavari, pm-kisan, government subsidy, agricultural support"
AGRI118,e-NAM - Odisha Potato Initiative,Central Government,Odisha,Ganjam,Marketing,Potato,0.0,2.0,Below ₹5 Lakh/year,Female Only,18,60,Yes,No,No,Need market linkage,"Farmers residing in Ganjam district of Odisha, cultivating Potato, owning between 0.0 and 2.0 acres of land, registered with the state agriculture portal. Must be a member of a registered FPO/Cooperative.",Free access to online trading platform,Up to ₹5 lakh,"Aadhaar Card, Land ownership document, Bank account details, Caste certificate (where applicable), Farmer registration certificate, Crop details",NABARD Office,https://www.enam.gov.in/,"potato, marketing, odisha farmer, ganjam, e-nam, government subsidy, agricultural support"
AGRI119,PMKSY - Tamil Nadu Sugarcane Initiative,Central Government,Tamil Nadu,Thanjavur,Irrigation,Cotton,0.0,10.0,Below ₹5 Lakh/year,Male & Female,21,65,No,No,Yes,Need irrigation support,"Farmers residing in Thanjavur district of Tamil Nadu, cultivating Cotton, owning between 0.0 and 10.0 acres of land, registered with the state agriculture portal.",50% to 55% subsidy on drip/sprinkler,Premium subsidy up to 90%,"Aadhaar Card, Land ownership document, Bank account details, Farmer registration certificate, Crop details",Horticulture Department Office,https://pmksy.gov.in/,"cotton, irrigation, tamil nadu farmer, thanjavur, pmksy, government subsidy, agricultural support"
AGRI120,PM-KUSUM - Telangana Tomato Initiative,Central Government,Telangana,Warangal,Irrigation,Vegetables,2.0,5.0,Below ₹2.5 Lakh/year,All (Priority for Women),21,75,Yes,No,Yes,Need irrigation support,"Farmers residing in Warangal district of Telangana, cultivating Vegetables, owning between 2.0 and 5.0 acres of land, registered with the state agriculture portal. Must be a member of a registered FPO/Cooperative.",Up to 60% subsidy on solar pump installation,Premium subsidy up to 90%,"Aadhaar Card, Land ownership document, Bank account details",Horticulture Department Office,https://pmkusum.mnre.gov.in/,"vegetables, irrigation, telangana farmer, warangal, pm-kusum, government subsidy, agricultural support"
AGRI121,PMFBY (Pradhan Mantri Fasal Bima Yojana) (Kerala Implementation),Central Government,Kerala,Wayanad,Crop Insurance,Rice,0.0,20.0,Below ₹5 Lakh/year,All,21,70,No,No,No,Need crop insurance,"Farmers residing in Wayanad district of Kerala, cultivating Rice, owning between 0.0 and 20.0 acres of land, registered with the state agriculture portal.",Premium subsidy up to 90%,30%,"Aadhaar Card, Land ownership document, Bank account details",PM Kisan Portal,https://pmfby.gov.in/,"rice, crop insurance, kerala farmer, wayanad, pmfby, government subsidy, agricultural support"
AGRI122,Kisan Credit Card - Assam Wheat Initiative,NABARD Supported,Assam,Kamrup,Credit,Potato,0.0,20.0,Below ₹5 Lakh/year,Male & Female,21,75,No,No,No,Need financial assistance,"Farmers residing in Kamrup district of Assam, cultivating Potato, owning between 0.0 and 20.0 acres of land, registered with the state agriculture portal.",Concessional interest rate at 4%,Interest subvention of 3%,"Aadhaar Card, Land ownership document, Bank account details, Farmer registration certificate, Crop details",FPO Office,https://www.nabard.org/,"potato, credit, assam farmer, kamrup, kisan, government subsidy, agricultural support"
AGRI123,PMKSY - Madhya Pradesh Jabalpur Chapter,State Government,Madhya Pradesh,Jabalpur,Irrigation,Sugarcane,2.0,5.0,None,All,21,75,No,No,Yes,Need irrigation support,"Farmers residing in Jabalpur district of Madhya Pradesh, cultivating Sugarcane, owning between 2.0 and 5.0 acres of land, registered with the state agriculture portal.",50% to 55% subsidy on drip/sprinkler,Up to ₹10 lakh,"Aadhaar Card, Land ownership document, Bank account details, Caste certificate (where applicable), Farmer registration certificate, Crop details",Horticulture Department Office,https://pmksy.gov.in/,"sugarcane, irrigation, madhya pradesh farmer, jabalpur, pmksy, government subsidy, agricultural support"
AGRI124,AIF - Rajasthan Kota Chapter,State Government,Rajasthan,Kota,Storage,Banana,0.0,5.0,Below ₹1.5 Lakh/year,All,18,65,Yes,Yes,No,Need cold storage and infrastructure,"Farmers residing in Kota district of Rajasthan, cultivating Banana, owning between 0.0 and 5.0 acres of land, registered with the state agriculture portal. Must be a member of a registered FPO/Cooperative. Must adhere to certified organic farming practices.",3% interest subvention up to ₹2 crore,Up to ₹5 lakh,"Aadhaar Card, Land ownership document, Bank account details",PM Kisan Portal,https://agriinfra.dac.gov.in/,"banana, storage, rajasthan farmer, kota, aif, government subsidy, agricultural support"
AGRI125,PKVY (Paramparagat Krishi Vikas Yojana) (Punjab Implementation),Central Government,Punjab,Patiala,Organic Farming,Pulses,0.0,5.0,Below ₹5 Lakh/year,All (Priority for Women),21,70,No,Yes,No,Need organic certification,"Farmers residing in Patiala district of Punjab, cultivating Pulses, owning between 0.0 and 5.0 acres of land, registered with the state agriculture portal. Must adhere to certified organic farming practices.","₹50,000 per ha assistance for cluster organic farming",50%,"Aadhaar Card, Land ownership document, Bank account details, Soil Health Card",Block Development Office,https://pgsindia-ncof.gov.in/,"pulses, organic farming, punjab farmer, patiala, pkvy, government subsidy, agricultural support"
AGRI126,ATMA (Agricultural Technology Management Agency) Scheme (Karnataka Implementation),Agriculture Department,Karnataka,Belagavi,Skill Development,Fruits,0.0,5.0,Below ₹1.5 Lakh/year,Male & Female,18,70,No,No,No,Need technical training and guidance,"Farmers residing in Belagavi district of Karnataka, cultivating Fruits, owning between 0.0 and 5.0 acres of land, registered with the state agriculture portal.","Free training, exposure visits, and demonstrations",Up to ₹10 lakh,"Aadhaar Card, Land ownership document, Bank account details, Caste certificate (where applicable), Farmer registration certificate, Crop details",District Agriculture Office,State Agriculture Department Portal,"fruits, skill development, karnataka farmer, belagavi, atma, government subsidy, agricultural support"
AGRI127,ATMA (Agricultural Technology Management Agency) Scheme (Odisha Implementation),Agriculture Department,Odisha,Ganjam,Skill Development,Wheat,0.0,10.0,Below ₹2.5 Lakh/year,Male & Female,18,75,No,No,No,Need technical training and guidance,"Farmers residing in Ganjam district of Odisha, cultivating Wheat, owning between 0.0 and 10.0 acres of land, registered with the state agriculture portal.","Free training, exposure visits, and demonstrations",50%,"Aadhaar Card, Land ownership document, Bank account details, Caste certificate (where applicable), Farmer registration certificate, Crop details",FPO Office,State Agriculture Department Portal,"wheat, skill development, odisha farmer, ganjam, atma, government subsidy, agricultural support"
AGRI128,Kisan Credit Card (KCC) Scheme (Kerala Implementation),NABARD Supported,Kerala,Idukki,Credit,Wheat,0.0,2.0,Below ₹5 Lakh/year,Male & Female,18,60,No,No,No,Need financial assistance,"Farmers residing in Idukki district of Kerala, cultivating Wheat, owning between 0.0 and 2.0 acres of land, registered with the state agriculture portal.",Concessional interest rate at 4%,Full subsidy for soil testing,"Aadhaar Card, Land ownership document, Bank account details, Farmer registration certificate, Crop details",CSC Center,https://www.nabard.org/,"wheat, credit, kerala farmer, idukki, kisan, government subsidy, agricultural support"
AGRI129,"Formation and Promotion of 10,000 FPOs Scheme - Tamil Nadu Fruits Initiative",FPO Support,Tamil Nadu,Coimbatore,FPO Development,Soybean,0.0,20.0,Below ₹2.5 Lakh/year,All (Priority for Women),21,65,Yes,No,No,Need market linkage and aggregation,"Farmers residing in Coimbatore district of Tamil Nadu, cultivating Soybean, owning between 0.0 and 20.0 acres of land, registered with the state agriculture portal. Must be a member of a registered FPO/Cooperative.",Up to ₹18 lakh financial support per FPO,75%,"Aadhaar Card, Land ownership document, Bank account details, Caste certificate (where applicable)",FPO Office,https://www.sfacindia.com/,"soybean, fpo development, tamil nadu farmer, coimbatore, formation, government subsidy, agricultural support"
AGRI130,ATMA (Agricultural Technology Management Agency) Scheme (Karnataka Implementation),Agriculture Department,Karnataka,Mysuru,Skill Development,Rice,0.0,20.0,Below ₹5 Lakh/year,All (Priority for Women),21,70,No,No,Yes,Need technical training and guidance,"Farmers residing in Mysuru district of Karnataka, cultivating Rice, owning between 0.0 and 20.0 acres of land, registered with the state agriculture portal.","Free training, exposure visits, and demonstrations",50%,"Aadhaar Card, Land ownership document, Bank account details, Caste certificate (where applicable)",Block Development Office,State Agriculture Department Portal,"rice, skill development, karnataka farmer, mysuru, atma, government subsidy, agricultural support"
AGRI131,ATMA - Rajasthan Ganganagar Chapter,State Government,Rajasthan,Ganganagar,Skill Development,Pulses,0.0,5.0,Below ₹1.5 Lakh/year,Female Only,21,75,No,No,No,Need technical training and guidance,"Farmers residing in Ganganagar district of Rajasthan, cultivating Pulses, owning between 0.0 and 5.0 acres of land, registered with the state agriculture portal.","Free training, exposure visits, and demonstrations",Up to ₹5 lakh,"Aadhaar Card, Land ownership document, Bank account details",FPO Office,State Agriculture Department Portal,"pulses, skill development, rajasthan farmer, ganganagar, atma, government subsidy, agricultural support"
AGRI132,SMAM (Sub-Mission on Agricultural Mechanization) (Rajasthan Implementation),Central Government,Rajasthan,Udaipur,Farm Mechanization,Soybean,2.0,5.0,None,All,18,60,No,No,No,Need farm machinery,"Farmers residing in Udaipur district of Rajasthan, cultivating Soybean, owning between 2.0 and 5.0 acres of land, registered with the state agriculture portal.",40% to 50% subsidy on farm implements,60%,"Aadhaar Card, Land ownership document, Bank account details, Caste certificate (where applicable), Farmer registration certificate, Crop details",CSC Center,https://agrimachinery.nic.in/,"soybean, farm mechanization, rajasthan farmer, udaipur, smam, government subsidy, agricultural support"
AGRI133,PM-KUSUM - Kerala Idukki Chapter,State Government,Kerala,Idukki,Irrigation,Onion,2.0,25.0,Below ₹1.5 Lakh/year,Male & Female,18,60,No,No,Yes,Need irrigation support,"Farmers residing in Idukki district of Kerala, cultivating Onion, owning between 2.0 and 25.0 acres of land, registered with the state agriculture portal.",Up to 60% subsidy on solar pump installation,30%,"Aadhaar Card, Land ownership document, Bank account details, Farmer registration certificate, Crop details",NABARD Office,https://pmkusum.mnre.gov.in/,"onion, irrigation, kerala farmer, idukki, pm-kusum, government subsidy, agricultural support"
AGRI134,PM-KISAN - West Bengal Hooghly Chapter,State Government,West Bengal,Hooghly,Credit,Rice,0.0,5.0,Below ₹2.5 Lakh/year,All (Priority for Women),21,70,No,No,No,Need credit support,"Farmers residing in Hooghly district of West Bengal, cultivating Rice, owning between 0.0 and 5.0 acres of land, registered with the state agriculture portal.","₹6,000 per year in 3 installments",Up to ₹2 lakh,"Aadhaar Card, Land ownership document, Bank account details, Farmer registration certificate, Crop details",CSC Center,https://pmkisan.gov.in/,"rice, credit, west bengal farmer, hooghly, pm-kisan, government subsidy, agricultural support"
AGRI135,ATMA - Haryana Karnal Chapter,State Government,Haryana,Karnal,Skill Development,Pulses,0.0,20.0,Below ₹1.5 Lakh/year,All,18,65,Yes,No,No,Need technical training and guidance,"Farmers residing in Karnal district of Haryana, cultivating Pulses, owning between 0.0 and 20.0 acres of land, registered with the state agriculture portal. Must be a member of a registered FPO/Cooperative.","Free training, exposure visits, and demonstrations",Interest subvention of 3%,"Aadhaar Card, Land ownership document, Bank account details",State Agriculture Department Portal,State Agriculture Department Portal,"pulses, skill development, haryana farmer, karnal, atma, government subsidy, agricultural support"
AGRI136,PM-KUSUM - Punjab Bhatinda Chapter,State Government,Punjab,Bhatinda,Irrigation,Tomato,2.0,25.0,Below ₹1.5 Lakh/year,Female Only,18,60,No,No,Yes,Need irrigation support,"Farmers residing in Bhatinda district of Punjab, cultivating Tomato, owning between 2.0 and 25.0 acres of land, registered with the state agriculture portal.",Up to 60% subsidy on solar pump installation,Up to ₹10 lakh,"Aadhaar Card, Land ownership document, Bank account details, Farmer registration certificate, Crop details",FPO Office,https://pmkusum.mnre.gov.in/,"tomato, irrigation, punjab farmer, bhatinda, pm-kusum, government subsidy, agricultural support"
AGRI137,PM-KISAN - Uttar Pradesh Gorakhpur Chapter,State Government,Uttar Pradesh,Gorakhpur,Credit,Potato,0.0,20.0,None,Female Only,18,65,No,No,No,Need credit support,"Farmers residing in Gorakhpur district of Uttar Pradesh, cultivating Potato, owning between 0.0 and 20.0 acres of land, registered with the state agriculture portal.","₹6,000 per year in 3 installments",Interest subvention of 3%,"Aadhaar Card, Land ownership document, Bank account details, Farmer registration certificate, Crop details",District Agriculture Office,https://pmkisan.gov.in/,"potato, credit, uttar pradesh farmer, gorakhpur, pm-kisan, government subsidy, agricultural support"
AGRI138,Kisan Credit Card - Telangana Rice Initiative,NABARD Supported,Telangana,Warangal,Credit,Cotton,0.0,20.0,Below ₹5 Lakh/year,All,21,75,No,No,No,Need financial assistance,"Farmers residing in Warangal district of Telangana, cultivating Cotton, owning between 0.0 and 20.0 acres of land, registered with the state agriculture portal.",Concessional interest rate at 4%,Up to ₹2 lakh,"Aadhaar Card, Land ownership document, Bank account details",Block Development Office,https://www.nabard.org/,"cotton, credit, telangana farmer, warangal, kisan, government subsidy, agricultural support"
AGRI139,Kisan Credit Card - Tamil Nadu Wheat Initiative,NABARD Supported,Tamil Nadu,Madurai,Credit,Soybean,0.0,5.0,Below ₹1.5 Lakh/year,Female Only,21,60,Yes,No,No,Need financial assistance,"Farmers residing in Madurai district of Tamil Nadu, cultivating Soybean, owning between 0.0 and 5.0 acres of land, registered with the state agriculture portal. Must be a member of a registered FPO/Cooperative.",Concessional interest rate at 4%,Up to ₹5 lakh,"Aadhaar Card, Land ownership document, Bank account details, Caste certificate (where applicable), Farmer registration certificate, Crop details",District Agriculture Office,https://www.nabard.org/,"soybean, credit, tamil nadu farmer, madurai, kisan, government subsidy, agricultural support"
AGRI140,Kisan Credit Card (KCC) Scheme (Madhya Pradesh Implementation),NABARD Supported,Madhya Pradesh,Dewas,Credit,Soybean,0.0,2.0,None,All,21,60,No,No,No,Need financial assistance,"Farmers residing in Dewas district of Madhya Pradesh, cultivating Soybean, owning between 0.0 and 2.0 acres of land, registered with the state agriculture portal.",Concessional interest rate at 4%,Up to ₹2 lakh,"Aadhaar Card, Land ownership document, Bank account details, Caste certificate (where applicable), Farmer registration certificate, Crop details",State Agriculture Department Portal,https://www.nabard.org/,"soybean, credit, madhya pradesh farmer, dewas, kisan, government subsidy, agricultural support"
AGRI141,Cooperative Agricultural Credit Structure Scheme (Bihar Implementation),Cooperative,Bihar,Darbhanga,Credit,Wheat,0.0,5.0,Below ₹5 Lakh/year,Female Only,21,75,Yes,No,No,Need short term crop credit,"Farmers residing in Darbhanga district of Bihar, cultivating Wheat, owning between 0.0 and 5.0 acres of land, registered with the state agriculture portal. Must be a member of a registered FPO/Cooperative.",Low interest short term loans,75%,"Aadhaar Card, Land ownership document, Bank account details, Farmer registration certificate, Crop details",State Agriculture Department Portal,State Agriculture Department Portal,"wheat, credit, bihar farmer, darbhanga, cooperative, government subsidy, agricultural support"
AGRI142,AIF (Agriculture Infrastructure Fund) (Karnataka Implementation),Central Government,Karnataka,Tumakuru,Storage,Grapes,0.0,10.0,None,All (Priority for Women),21,60,Yes,No,No,Need cold storage and infrastructure,"Farmers residing in Tumakuru district of Karnataka, cultivating Grapes, owning between 0.0 and 10.0 acres of land, registered with the state agriculture portal. Must be a member of a registered FPO/Cooperative.",3% interest subvention up to ₹2 crore,Up to ₹1 lakh,"Aadhaar Card, Land ownership document, Bank account details, Farmer registration certificate, Crop details",FPO Office,https://agriinfra.dac.gov.in/,"grapes, storage, karnataka farmer, tumakuru, aif, government subsidy, agricultural support"
AGRI143,RKVY-RAFTAAR (Rashtriya Krishi Vikas Yojana) (Andhra Pradesh Implementation),State Government,Andhra Pradesh,Kurnool,Subsidy,Vegetables,0.0,5.0,Below ₹5 Lakh/year,Female Only,18,75,No,No,No,Need financial assistance,"Farmers residing in Kurnool district of Andhra Pradesh, cultivating Vegetables, owning between 0.0 and 5.0 acres of land, registered with the state agriculture portal.",Up to 50% project cost subsidy,Up to ₹1 lakh,"Aadhaar Card, Land ownership document, Bank account details, Caste certificate (where applicable)",Horticulture Department Office,State Agriculture Department Portal,"vegetables, subsidy, andhra pradesh farmer, kurnool, rkvy-raftaar, government subsidy, agricultural support"
AGRI144,Horticulture Cluster Development Program (CDP) (Bihar Implementation),Horticulture Department,Bihar,Muzaffarpur,Horticulture,Mango,0.0,10.0,None,All (Priority for Women),18,60,No,No,No,Need cluster infrastructure,"Farmers residing in Muzaffarpur district of Bihar, cultivating Mango, owning between 0.0 and 10.0 acres of land, registered with the state agriculture portal.",Up to ₹50 lakh grant for post-harvest support,Full subsidy for soil testing,"Aadhaar Card, Land ownership document, Bank account details, Caste certificate (where applicable)",State Agriculture Department Portal,https://midh.gov.in/,"mango, horticulture, bihar farmer, muzaffarpur, horticulture, government subsidy, agricultural support"
AGRI145,National Livestock Mission - Assam Dairy Initiative,Central Government,Assam,Jorhat,Dairy,Dairy,0.0,20.0,None,Male & Female,21,75,No,No,No,Need dairy development,"Farmers residing in Jorhat district of Assam, cultivating Dairy, owning between 0.0 and 20.0 acres of land, registered with the state agriculture portal.",50% capital subsidy for farm setup,Full subsidy for soil testing,"Aadhaar Card, Land ownership document, Bank account details, Farmer registration certificate, Crop details",FPO Office,https://nlm.udyamimitra.in/,"dairy, dairy, assam farmer, jorhat, national, government subsidy, agricultural support"
AGRI146,Cooperative Agricultural Credit Structure Scheme (Haryana Implementation),Cooperative,Haryana,Karnal,Credit,Cotton,0.0,5.0,None,Male & Female,21,75,Yes,No,No,Need short term crop credit,"Farmers residing in Karnal district of Haryana, cultivating Cotton, owning between 0.0 and 5.0 acres of land, registered with the state agriculture portal. Must be a member of a registered FPO/Cooperative.",Low interest short term loans,60%,"Aadhaar Card, Land ownership document, Bank account details",CSC Center,State Agriculture Department Portal,"cotton, credit, haryana farmer, karnal, cooperative, government subsidy, agricultural support"
AGRI147,RKVY-RAFTAAR (Rashtriya Krishi Vikas Yojana) (Telangana Implementation),State Government,Telangana,Khammam,Subsidy,Maize,0.0,5.0,Below ₹5 Lakh/year,All,21,60,No,No,No,Need financial assistance,"Farmers residing in Khammam district of Telangana, cultivating Maize, owning between 0.0 and 5.0 acres of land, registered with the state agriculture portal.",Up to 50% project cost subsidy,40%,"Aadhaar Card, Land ownership document, Bank account details, Caste certificate (where applicable)",District Agriculture Office,State Agriculture Department Portal,"maize, subsidy, telangana farmer, khammam, rkvy-raftaar, government subsidy, agricultural support"
AGRI148,AIF - Tamil Nadu Fruits Initiative,Central Government,Tamil Nadu,Thanjavur,Storage,Tomato,1.0,5.0,Below ₹1.5 Lakh/year,Male & Female,21,60,Yes,No,No,Need cold storage and infrastructure,"Farmers residing in Thanjavur district of Tamil Nadu, cultivating Tomato, owning between 1.0 and 5.0 acres of land, registered with the state agriculture portal. Must be a member of a registered FPO/Cooperative.",3% interest subvention up to ₹2 crore,Full subsidy for soil testing,"Aadhaar Card, Land ownership document, Bank account details, Caste certificate (where applicable)",State Agriculture Department Portal,https://agriinfra.dac.gov.in/,"tomato, storage, tamil nadu farmer, thanjavur, aif, government subsidy, agricultural support"
AGRI149,SMAM - Bihar Darbhanga Chapter,State Government,Bihar,Darbhanga,Farm Mechanization,Rice,1.0,25.0,Below ₹1.5 Lakh/year,Male & Female,18,75,No,No,No,Need farm machinery,"Farmers residing in Darbhanga district of Bihar, cultivating Rice, owning between 1.0 and 25.0 acres of land, registered with the state agriculture portal.",40% to 50% subsidy on farm implements,Up to ₹2 lakh,"Aadhaar Card, Land ownership document, Bank account details, Caste certificate (where applicable)",CSC Center,https://agrimachinery.nic.in/,"rice, farm mechanization, bihar farmer, darbhanga, smam, government subsidy, agricultural support"
AGRI150,RKVY-RAFTAAR - West Bengal Pulses Initiative,State Government,West Bengal,Murshidabad,Subsidy,Maize,0.0,2.0,None,All (Priority for Women),21,70,No,No,No,Need financial assistance,"Farmers residing in Murshidabad district of West Bengal, cultivating Maize, owning between 0.0 and 2.0 acres of land, registered with the state agriculture portal.",Up to 50% project cost subsidy,Interest subvention of 3%,"Aadhaar Card, Land ownership document, Bank account details",FPO Office,State Agriculture Department Portal,"maize, subsidy, west bengal farmer, murshidabad, rkvy-raftaar, government subsidy, agricultural support"
AGRI151,Fisheries Infrastructure Development Fund - Odisha Fisheries Initiative,NABARD Supported,Odisha,Sambalpur,Fisheries,Fisheries,0.0,5.0,Below ₹5 Lakh/year,All,18,70,Yes,No,No,Need fisheries storage and market access,"Farmers residing in Sambalpur district of Odisha, cultivating Fisheries, owning between 0.0 and 5.0 acres of land, registered with the state agriculture portal. Must be a member of a registered FPO/Cooperative.",Interest subvention up to 3%,50%,"Aadhaar Card, Land ownership document, Bank account details, Caste certificate (where applicable), Farmer registration certificate, Crop details",Block Development Office,https://nabard.org/,"fisheries, fisheries, odisha farmer, sambalpur, fisheries, government subsidy, agricultural support"
AGRI152,National Livestock Mission - Rajasthan Udaipur Chapter,State Government,Rajasthan,Udaipur,Dairy,Dairy,0.0,20.0,Below ₹2.5 Lakh/year,All (Priority for Women),21,70,Yes,No,No,Need dairy development,"Farmers residing in Udaipur district of Rajasthan, cultivating Dairy, owning between 0.0 and 20.0 acres of land, registered with the state agriculture portal. Must be a member of a registered FPO/Cooperative.",50% capital subsidy for farm setup,Up to ₹5 lakh,"Aadhaar Card, Land ownership document, Bank account details",PM Kisan Portal,https://nlm.udyamimitra.in/,"dairy, dairy, rajasthan farmer, udaipur, national, government subsidy, agricultural support"
AGRI153,Sub-Mission on Seeds and Planting Material (SMSP) (Rajasthan Implementation),Agriculture Department,Rajasthan,Ganganagar,Subsidy,Vegetables,0.0,20.0,Below ₹1.5 Lakh/year,Male & Female,21,75,No,No,No,Need quality seeds,"Farmers residing in Ganganagar district of Rajasthan, cultivating Vegetables, owning between 0.0 and 20.0 acres of land, registered with the state agriculture portal.",50% subsidy on certified seed distribution,30%,"Aadhaar Card, Land ownership document, Bank account details, Farmer registration certificate, Crop details",PM Kisan Portal,State Agriculture Department Portal,"vegetables, subsidy, rajasthan farmer, ganganagar, sub-mission, government subsidy, agricultural support"
AGRI154,e-NAM - Bihar Darbhanga Chapter,State Government,Bihar,Darbhanga,Marketing,Grapes,0.0,20.0,Below ₹1.5 Lakh/year,All,18,70,Yes,No,No,Need market linkage,"Farmers residing in Darbhanga district of Bihar, cultivating Grapes, owning between 0.0 and 20.0 acres of land, registered with the state agriculture portal. Must be a member of a registered FPO/Cooperative.",Free access to online trading platform,Up to ₹1 lakh,"Aadhaar Card, Land ownership document, Bank account details",Horticulture Department Office,https://www.enam.gov.in/,"grapes, marketing, bihar farmer, darbhanga, e-nam, government subsidy, agricultural support"
AGRI155,Cooperative Agricultural Credit Structure Scheme (Uttar Pradesh Implementation),Cooperative,Uttar Pradesh,Kanpur,Credit,Potato,0.0,5.0,Below ₹5 Lakh/year,All,21,70,No,No,No,Need short term crop credit,"Farmers residing in Kanpur district of Uttar Pradesh, cultivating Potato, owning between 0.0 and 5.0 acres of land, registered with the state agriculture portal.",Low interest short term loans,Up to ₹5 lakh,"Aadhaar Card, Land ownership document, Bank account details, Farmer registration certificate, Crop details",CSC Center,State Agriculture Department Portal,"potato, credit, uttar pradesh farmer, kanpur, cooperative, government subsidy, agricultural support"
AGRI156,MIDH - Telangana Potato Initiative,Horticulture Department,Telangana,Nizamabad,Horticulture,Vegetables,0.0,5.0,None,Female Only,21,65,No,No,No,Need horticulture support,"Farmers residing in Nizamabad district of Telangana, cultivating Vegetables, owning between 0.0 and 5.0 acres of land, registered with the state agriculture portal.",35% to 50% subsidy on planting material,75%,"Aadhaar Card, Land ownership document, Bank account details",State Agriculture Department Portal,https://midh.gov.in/,"vegetables, horticulture, telangana farmer, nizamabad, midh, government subsidy, agricultural support"
AGRI157,Soil Health Card Scheme (West Bengal Implementation),Agriculture Department,West Bengal,Burdwan,Soil Improvement,Wheat,0.0,5.0,Below ₹2.5 Lakh/year,All (Priority for Women),21,65,No,No,No,Need soil health assessment,"Farmers residing in Burdwan district of West Bengal, cultivating Wheat, owning between 0.0 and 5.0 acres of land, registered with the state agriculture portal.",Free soil testing and recommendations,Up to ₹5 lakh,"Aadhaar Card, Land ownership document, Bank account details, Soil Health Card, Caste certificate (where applicable)",Block Development Office,https://soilhealth.dac.gov.in/,"wheat, soil improvement, west bengal farmer, burdwan, soil, government subsidy, agricultural support"
AGRI158,Pradhan Mantri Matsya Sampada Yojana (PMMSY) (Kerala Implementation),Central Government,Kerala,Palakkad,Fisheries,Fisheries,0.0,20.0,Below ₹5 Lakh/year,Female Only,21,75,No,Yes,No,Need aquaculture development,"Farmers residing in Palakkad district of Kerala, cultivating Fisheries, owning between 0.0 and 20.0 acres of land, registered with the state agriculture portal. Must adhere to certified organic farming practices.",40% to 60% subsidy on fishery inputs,Full subsidy for soil testing,"Aadhaar Card, Land ownership document, Bank account details, Caste certificate (where applicable)",FPO Office,https://pmmsy.dof.gov.in/,"fisheries, fisheries, kerala farmer, palakkad, pradhan, government subsidy, agricultural support"
AGRI159,Kisan Credit Card (KCC) Scheme (Odisha Implementation),NABARD Supported,Odisha,Ganjam,Credit,Soybean,0.0,10.0,Below ₹5 Lakh/year,Female Only,21,65,No,No,No,Need financial assistance,"Farmers residing in Ganjam district of Odisha, cultivating Soybean, owning between 0.0 and 10.0 acres of land, registered with the state agriculture portal.",Concessional interest rate at 4%,Up to ₹1 lakh,"Aadhaar Card, Land ownership document, Bank account details",PM Kisan Portal,https://www.nabard.org/,"soybean, credit, odisha farmer, ganjam, kisan, government subsidy, agricultural support"
AGRI160,PMKSY - Kerala Palakkad Chapter,State Government,Kerala,Palakkad,Irrigation,Tomato,0.0,10.0,Below ₹1.5 Lakh/year,All,21,65,No,No,Yes,Need irrigation support,"Farmers residing in Palakkad district of Kerala, cultivating Tomato, owning between 0.0 and 10.0 acres of land, registered with the state agriculture portal.",50% to 55% subsidy on drip/sprinkler,Interest subvention of 3%,"Aadhaar Card, Land ownership document, Bank account details, Caste certificate (where applicable)",NABARD Office,https://pmksy.gov.in/,"tomato, irrigation, kerala farmer, palakkad, pmksy, government subsidy, agricultural support"
AGRI161,Kisan Credit Card (KCC) Scheme (Telangana Implementation),NABARD Supported,Telangana,Karimnagar,Credit,Sugarcane,0.0,5.0,None,Male & Female,21,65,No,No,Yes,Need financial assistance,"Farmers residing in Karimnagar district of Telangana, cultivating Sugarcane, owning between 0.0 and 5.0 acres of land, registered with the state agriculture portal.",Concessional interest rate at 4%,60%,"Aadhaar Card, Land ownership document, Bank account details, Farmer registration certificate, Crop details",CSC Center,https://www.nabard.org/,"sugarcane, credit, telangana farmer, karimnagar, kisan, government subsidy, agricultural support"
AGRI162,PM-KUSUM - Kerala Palakkad Chapter,State Government,Kerala,Palakkad,Irrigation,Wheat,0.0,10.0,Below ₹2.5 Lakh/year,Male & Female,18,65,No,No,Yes,Need irrigation support,"Farmers residing in Palakkad district of Kerala, cultivating Wheat, owning between 0.0 and 10.0 acres of land, registered with the state agriculture portal.",Up to 60% subsidy on solar pump installation,40%,"Aadhaar Card, Land ownership document, Bank account details, Caste certificate (where applicable), Farmer registration certificate, Crop details",NABARD Office,https://pmkusum.mnre.gov.in/,"wheat, irrigation, kerala farmer, palakkad, pm-kusum, government subsidy, agricultural support"
AGRI163,Soil Health Card Scheme (Odisha Implementation),Agriculture Department,Odisha,Ganjam,Soil Improvement,Rice,0.0,2.0,Below ₹2.5 Lakh/year,Male & Female,21,65,No,No,No,Need soil health assessment,"Farmers residing in Ganjam district of Odisha, cultivating Rice, owning between 0.0 and 2.0 acres of land, registered with the state agriculture portal.",Free soil testing and recommendations,Interest subvention of 3%,"Aadhaar Card, Land ownership document, Bank account details, Soil Health Card, Farmer registration certificate, Crop details",State Agriculture Department Portal,https://soilhealth.dac.gov.in/,"rice, soil improvement, odisha farmer, ganjam, soil, government subsidy, agricultural support"
AGRI164,Soil Health Card Scheme (Gujarat Implementation),Agriculture Department,Gujarat,Vadodara,Soil Improvement,Soybean,0.0,10.0,Below ₹2.5 Lakh/year,All (Priority for Women),21,60,No,No,No,Need soil health assessment,"Farmers residing in Vadodara district of Gujarat, cultivating Soybean, owning between 0.0 and 10.0 acres of land, registered with the state agriculture portal.",Free soil testing and recommendations,Full subsidy for soil testing,"Aadhaar Card, Land ownership document, Bank account details, Soil Health Card",PM Kisan Portal,https://soilhealth.dac.gov.in/,"soybean, soil improvement, gujarat farmer, vadodara, soil, government subsidy, agricultural support"
AGRI165,ATMA - Uttar Pradesh Pulses Initiative,Agriculture Department,Uttar Pradesh,Gorakhpur,Skill Development,Vegetables,0.0,2.0,Below ₹2.5 Lakh/year,Male & Female,21,60,No,No,No,Need technical training and guidance,"Farmers residing in Gorakhpur district of Uttar Pradesh, cultivating Vegetables, owning between 0.0 and 2.0 acres of land, registered with the state agriculture portal.","Free training, exposure visits, and demonstrations",40%,"Aadhaar Card, Land ownership document, Bank account details",FPO Office,State Agriculture Department Portal,"vegetables, skill development, uttar pradesh farmer, gorakhpur, atma, government subsidy, agricultural support"
AGRI166,"Formation and Promotion of 10,000 FPOs Scheme (Rajasthan Implementation)",FPO Support,Rajasthan,Jodhpur,FPO Development,Onion,0.0,5.0,Below ₹1.5 Lakh/year,All,18,60,Yes,Yes,No,Need market linkage and aggregation,"Farmers residing in Jodhpur district of Rajasthan, cultivating Onion, owning between 0.0 and 5.0 acres of land, registered with the state agriculture portal. Must be a member of a registered FPO/Cooperative. Must adhere to certified organic farming practices.",Up to ₹18 lakh financial support per FPO,60%,"Aadhaar Card, Land ownership document, Bank account details, Caste certificate (where applicable), Farmer registration certificate, Crop details",Block Development Office,https://www.sfacindia.com/,"onion, fpo development, rajasthan farmer, jodhpur, formation, government subsidy, agricultural support"
AGRI167,PM-KUSUM (Solar Agriculture Pumps Scheme) (Tamil Nadu Implementation),Central Government,Tamil Nadu,Tiruchirappalli,Irrigation,Cotton,0.0,25.0,Below ₹2.5 Lakh/year,Female Only,18,70,Yes,No,Yes,Need irrigation support,"Farmers residing in Tiruchirappalli district of Tamil Nadu, cultivating Cotton, owning between 0.0 and 25.0 acres of land, registered with the state agriculture portal. Must be a member of a registered FPO/Cooperative.",Up to 60% subsidy on solar pump installation,50%,"Aadhaar Card, Land ownership document, Bank account details, Farmer registration certificate, Crop details",State Agriculture Department Portal,https://pmkusum.mnre.gov.in/,"cotton, irrigation, tamil nadu farmer, tiruchirappalli, pm-kusum, government subsidy, agricultural support"
AGRI168,ATMA - West Bengal Hooghly Chapter,State Government,West Bengal,Hooghly,Skill Development,Rice,0.0,20.0,None,Male & Female,18,70,No,No,Yes,Need technical training and guidance,"Farmers residing in Hooghly district of West Bengal, cultivating Rice, owning between 0.0 and 20.0 acres of land, registered with the state agriculture portal.","Free training, exposure visits, and demonstrations",30%,"Aadhaar Card, Land ownership document, Bank account details",District Agriculture Office,State Agriculture Department Portal,"rice, skill development, west bengal farmer, hooghly, atma, government subsidy, agricultural support"
AGRI169,Sub-Mission on Seeds and Planting Material (SMSP) (Telangana Implementation),Agriculture Department,Telangana,Nizamabad,Subsidy,Pulses,0.0,5.0,Below ₹5 Lakh/year,All (Priority for Women),21,60,No,Yes,No,Need quality seeds,"Farmers residing in Nizamabad district of Telangana, cultivating Pulses, owning between 0.0 and 5.0 acres of land, registered with the state agriculture portal. Must adhere to certified organic farming practices.",50% subsidy on certified seed distribution,Up to ₹2 lakh,"Aadhaar Card, Land ownership document, Bank account details, Caste certificate (where applicable), Farmer registration certificate, Crop details",State Agriculture Department Portal,State Agriculture Department Portal,"pulses, subsidy, telangana farmer, nizamabad, sub-mission, government subsidy, agricultural support"
AGRI170,Sub-Mission on Seeds and Planting Material - Kerala Alappuzha Chapter,State Government,Kerala,Alappuzha,Subsidy,Millet,0.0,5.0,Below ₹5 Lakh/year,All (Priority for Women),21,60,No,No,No,Need quality seeds,"Farmers residing in Alappuzha district of Kerala, cultivating Millet, owning between 0.0 and 5.0 acres of land, registered with the state agriculture portal.",50% subsidy on certified seed distribution,40%,"Aadhaar Card, Land ownership document, Bank account details, Caste certificate (where applicable)",PM Kisan Portal,State Agriculture Department Portal,"millet, subsidy, kerala farmer, alappuzha, sub-mission, government subsidy, agricultural support"
AGRI171,PM-KISAN (Pradhan Mantri Kisan Samman Nidhi) (Bihar Implementation),Central Government,Bihar,Patna,Credit,Wheat,0.0,5.0,None,Male & Female,18,70,No,No,No,Need credit support,"Farmers residing in Patna district of Bihar, cultivating Wheat, owning between 0.0 and 5.0 acres of land, registered with the state agriculture portal.","₹6,000 per year in 3 installments",Up to ₹1 lakh,"Aadhaar Card, Land ownership document, Bank account details, Caste certificate (where applicable), Farmer registration certificate, Crop details",FPO Office,https://pmkisan.gov.in/,"wheat, credit, bihar farmer, patna, pm-kisan, government subsidy, agricultural support"
AGRI172,PMKSY - Punjab Bhatinda Chapter,State Government,Punjab,Bhatinda,Irrigation,Vegetables,0.0,10.0,None,Male & Female,21,70,No,No,Yes,Need irrigation support,"Farmers residing in Bhatinda district of Punjab, cultivating Vegetables, owning between 0.0 and 10.0 acres of land, registered with the state agriculture portal.",50% to 55% subsidy on drip/sprinkler,30%,"Aadhaar Card, Land ownership document, Bank account details, Caste certificate (where applicable), Farmer registration certificate, Crop details",NABARD Office,https://pmksy.gov.in/,"vegetables, irrigation, punjab farmer, bhatinda, pmksy, government subsidy, agricultural support"
AGRI173,Fisheries Infrastructure Development Fund (FIDF) (Bihar Implementation),NABARD Supported,Bihar,Bhagalpur,Fisheries,Fisheries,0.0,5.0,Below ₹2.5 Lakh/year,All,21,60,No,No,No,Need fisheries storage and market access,"Farmers residing in Bhagalpur district of Bihar, cultivating Fisheries, owning between 0.0 and 5.0 acres of land, registered with the state agriculture portal.",Interest subvention up to 3%,Full subsidy for soil testing,"Aadhaar Card, Land ownership document, Bank account details",PM Kisan Portal,https://nabard.org/,"fisheries, fisheries, bihar farmer, bhagalpur, fisheries, government subsidy, agricultural support"
AGRI174,Pradhan Mantri Matsya Sampada Yojana - Tamil Nadu Coimbatore Chapter,State Government,Tamil Nadu,Coimbatore,Fisheries,Fisheries,0.0,20.0,Below ₹1.5 Lakh/year,All,18,70,Yes,No,No,Need aquaculture development,"Farmers residing in Coimbatore district of Tamil Nadu, cultivating Fisheries, owning between 0.0 and 20.0 acres of land, registered with the state agriculture portal. Must be a member of a registered FPO/Cooperative.",40% to 60% subsidy on fishery inputs,Up to ₹10 lakh,"Aadhaar Card, Land ownership document, Bank account details",Horticulture Department Office,https://pmmsy.dof.gov.in/,"fisheries, fisheries, tamil nadu farmer, coimbatore, pradhan, government subsidy, agricultural support"
AGRI175,Kisan Credit Card (KCC) Scheme (Gujarat Implementation),NABARD Supported,Gujarat,Vadodara,Credit,Rice,0.0,2.0,Below ₹1.5 Lakh/year,All (Priority for Women),18,70,No,No,No,Need financial assistance,"Farmers residing in Vadodara district of Gujarat, cultivating Rice, owning between 0.0 and 2.0 acres of land, registered with the state agriculture portal.",Concessional interest rate at 4%,Full subsidy for soil testing,"Aadhaar Card, Land ownership document, Bank account details, Farmer registration certificate, Crop details",Horticulture Department Office,https://www.nabard.org/,"rice, credit, gujarat farmer, vadodara, kisan, government subsidy, agricultural support"
AGRI176,e-NAM - Bihar Grapes Initiative,Central Government,Bihar,Patna,Marketing,Soybean,0.0,2.0,Below ₹2.5 Lakh/year,All,18,75,Yes,No,No,Need market linkage,"Farmers residing in Patna district of Bihar, cultivating Soybean, owning between 0.0 and 2.0 acres of land, registered with the state agriculture portal. Must be a member of a registered FPO/Cooperative.",Free access to online trading platform,Up to ₹2 lakh,"Aadhaar Card, Land ownership document, Bank account details, Caste certificate (where applicable), Farmer registration certificate, Crop details",CSC Center,https://www.enam.gov.in/,"soybean, marketing, bihar farmer, patna, e-nam, government subsidy, agricultural support"
AGRI177,RKVY-RAFTAAR - Tamil Nadu Wheat Initiative,State Government,Tamil Nadu,Salem,Subsidy,Maize,0.0,10.0,None,All (Priority for Women),21,65,Yes,No,No,Need financial assistance,"Farmers residing in Salem district of Tamil Nadu, cultivating Maize, owning between 0.0 and 10.0 acres of land, registered with the state agriculture portal. Must be a member of a registered FPO/Cooperative.",Up to 50% project cost subsidy,Up to ₹1 lakh,"Aadhaar Card, Land ownership document, Bank account details, Caste certificate (where applicable), Farmer registration certificate, Crop details",NABARD Office,State Agriculture Department Portal,"maize, subsidy, tamil nadu farmer, salem, rkvy-raftaar, government subsidy, agricultural support"
AGRI178,e-NAM (National Agriculture Market) (Madhya Pradesh Implementation),Central Government,Madhya Pradesh,Indore,Marketing,Soybean,0.0,5.0,None,Male & Female,18,65,Yes,No,No,Need market linkage,"Farmers residing in Indore district of Madhya Pradesh, cultivating Soybean, owning between 0.0 and 5.0 acres of land, registered with the state agriculture portal. Must be a member of a registered FPO/Cooperative.",Free access to online trading platform,30%,"Aadhaar Card, Land ownership document, Bank account details",District Agriculture Office,https://www.enam.gov.in/,"soybean, marketing, madhya pradesh farmer, indore, e-nam, government subsidy, agricultural support"
AGRI179,MIDH (Mission for Integrated Development of Horticulture) (Odisha Implementation),Horticulture Department,Odisha,Balasore,Horticulture,Tomato,0.0,10.0,None,All,18,65,No,No,No,Need horticulture support,"Farmers residing in Balasore district of Odisha, cultivating Tomato, owning between 0.0 and 10.0 acres of land, registered with the state agriculture portal.",35% to 50% subsidy on planting material,50%,"Aadhaar Card, Land ownership document, Bank account details, Caste certificate (where applicable)",FPO Office,https://midh.gov.in/,"tomato, horticulture, odisha farmer, balasore, midh, government subsidy, agricultural support"
AGRI180,PMKSY - Punjab Patiala Chapter,State Government,Punjab,Patiala,Irrigation,Vegetables,1.0,25.0,Below ₹1.5 Lakh/year,Male & Female,18,75,No,No,Yes,Need irrigation support,"Farmers residing in Patiala district of Punjab, cultivating Vegetables, owning between 1.0 and 25.0 acres of land, registered with the state agriculture portal.",50% to 55% subsidy on drip/sprinkler,60%,"Aadhaar Card, Land ownership document, Bank account details, Farmer registration certificate, Crop details",Horticulture Department Office,https://pmksy.gov.in/,"vegetables, irrigation, punjab farmer, patiala, pmksy, government subsidy, agricultural support"
AGRI181,Soil Health Card Scheme - Punjab Pulses Initiative,Agriculture Department,Punjab,Jalandhar,Soil Improvement,Soybean,0.0,20.0,Below ₹1.5 Lakh/year,All,18,70,No,No,No,Need soil health assessment,"Farmers residing in Jalandhar district of Punjab, cultivating Soybean, owning between 0.0 and 20.0 acres of land, registered with the state agriculture portal.",Free soil testing and recommendations,Interest subvention of 3%,"Aadhaar Card, Land ownership document, Bank account details, Soil Health Card",PM Kisan Portal,https://soilhealth.dac.gov.in/,"soybean, soil improvement, punjab farmer, jalandhar, soil, government subsidy, agricultural support"
AGRI182,Pradhan Mantri Matsya Sampada Yojana (PMMSY) (Telangana Implementation),Central Government,Telangana,Khammam,Fisheries,Fisheries,0.0,20.0,Below ₹5 Lakh/year,All (Priority for Women),18,70,No,Yes,No,Need aquaculture development,"Farmers residing in Khammam district of Telangana, cultivating Fisheries, owning between 0.0 and 20.0 acres of land, registered with the state agriculture portal. Must adhere to certified organic farming practices.",40% to 60% subsidy on fishery inputs,75%,"Aadhaar Card, Land ownership document, Bank account details, Caste certificate (where applicable)",FPO Office,https://pmmsy.dof.gov.in/,"fisheries, fisheries, telangana farmer, khammam, pradhan, government subsidy, agricultural support"
AGRI183,Horticulture Cluster Development Program (CDP) (Bihar Implementation),Horticulture Department,Bihar,Gaya,Horticulture,Fruits,0.0,2.0,Below ₹2.5 Lakh/year,Male & Female,21,65,No,No,No,Need cluster infrastructure,"Farmers residing in Gaya district of Bihar, cultivating Fruits, owning between 0.0 and 2.0 acres of land, registered with the state agriculture portal.",Up to ₹50 lakh grant for post-harvest support,Full subsidy for soil testing,"Aadhaar Card, Land ownership document, Bank account details",PM Kisan Portal,https://midh.gov.in/,"fruits, horticulture, bihar farmer, gaya, horticulture, government subsidy, agricultural support"
AGRI184,AIF (Agriculture Infrastructure Fund) (Rajasthan Implementation),Central Government,Rajasthan,Udaipur,Storage,Fruits,2.0,10.0,Below ₹2.5 Lakh/year,Male & Female,18,60,Yes,Yes,No,Need cold storage and infrastructure,"Farmers residing in Udaipur district of Rajasthan, cultivating Fruits, owning between 2.0 and 10.0 acres of land, registered with the state agriculture portal. Must be a member of a registered FPO/Cooperative. Must adhere to certified organic farming practices.",3% interest subvention up to ₹2 crore,Premium subsidy up to 90%,"Aadhaar Card, Land ownership document, Bank account details, Caste certificate (where applicable)",PM Kisan Portal,https://agriinfra.dac.gov.in/,"fruits, storage, rajasthan farmer, udaipur, aif, government subsidy, agricultural support"
AGRI185,"Formation and Promotion of 10,000 FPOs Scheme - Uttar Pradesh Onion Initiative",FPO Support,Uttar Pradesh,Varanasi,FPO Development,Soybean,0.0,2.0,Below ₹2.5 Lakh/year,All (Priority for Women),18,70,Yes,No,No,Need market linkage and aggregation,"Farmers residing in Varanasi district of Uttar Pradesh, cultivating Soybean, owning between 0.0 and 2.0 acres of land, registered with the state agriculture portal. Must be a member of a registered FPO/Cooperative.",Up to ₹18 lakh financial support per FPO,Up to ₹1 lakh,"Aadhaar Card, Land ownership document, Bank account details",State Agriculture Department Portal,https://www.sfacindia.com/,"soybean, fpo development, uttar pradesh farmer, varanasi, formation, government subsidy, agricultural support"
AGRI186,"Formation and Promotion of 10,000 FPOs Scheme - Tamil Nadu Tomato Initiative",FPO Support,Tamil Nadu,Thanjavur,FPO Development,Fruits,0.0,20.0,Below ₹5 Lakh/year,All (Priority for Women),21,65,Yes,No,No,Need market linkage and aggregation,"Farmers residing in Thanjavur district of Tamil Nadu, cultivating Fruits, owning between 0.0 and 20.0 acres of land, registered with the state agriculture portal. Must be a member of a registered FPO/Cooperative.",Up to ₹18 lakh financial support per FPO,50%,"Aadhaar Card, Land ownership document, Bank account details, Caste certificate (where applicable)",NABARD Office,https://www.sfacindia.com/,"fruits, fpo development, tamil nadu farmer, thanjavur, formation, government subsidy, agricultural support"
AGRI187,Soil Health Card Scheme (Madhya Pradesh Implementation),Agriculture Department,Madhya Pradesh,Indore,Soil Improvement,Soybean,0.0,2.0,Below ₹2.5 Lakh/year,Female Only,18,60,No,No,No,Need soil health assessment,"Farmers residing in Indore district of Madhya Pradesh, cultivating Soybean, owning between 0.0 and 2.0 acres of land, registered with the state agriculture portal.",Free soil testing and recommendations,Full subsidy for soil testing,"Aadhaar Card, Land ownership document, Bank account details, Soil Health Card, Caste certificate (where applicable), Farmer registration certificate, Crop details",FPO Office,https://soilhealth.dac.gov.in/,"soybean, soil improvement, madhya pradesh farmer, indore, soil, government subsidy, agricultural support"
AGRI188,SMAM - Haryana Rice Initiative,Central Government,Haryana,Ambala,Farm Mechanization,Wheat,1.0,10.0,None,All,18,75,No,No,No,Need farm machinery,"Farmers residing in Ambala district of Haryana, cultivating Wheat, owning between 1.0 and 10.0 acres of land, registered with the state agriculture portal.",40% to 50% subsidy on farm implements,50%,"Aadhaar Card, Land ownership document, Bank account details, Farmer registration certificate, Crop details",Block Development Office,https://agrimachinery.nic.in/,"wheat, farm mechanization, haryana farmer, ambala, smam, government subsidy, agricultural support"
AGRI189,AIF (Agriculture Infrastructure Fund) (Odisha Implementation),Central Government,Odisha,Cuttack,Storage,Grapes,2.0,25.0,Below ₹2.5 Lakh/year,All (Priority for Women),21,60,Yes,No,No,Need cold storage and infrastructure,"Farmers residing in Cuttack district of Odisha, cultivating Grapes, owning between 2.0 and 25.0 acres of land, registered with the state agriculture portal. Must be a member of a registered FPO/Cooperative.",3% interest subvention up to ₹2 crore,30%,"Aadhaar Card, Land ownership document, Bank account details, Caste certificate (where applicable), Farmer registration certificate, Crop details",State Agriculture Department Portal,https://agriinfra.dac.gov.in/,"grapes, storage, odisha farmer, cuttack, aif, government subsidy, agricultural support"
AGRI190,Kisan Credit Card - Andhra Pradesh Rice Initiative,NABARD Supported,Andhra Pradesh,Krishna,Credit,Pulses,0.0,2.0,Below ₹5 Lakh/year,Male & Female,18,75,No,No,No,Need financial assistance,"Farmers residing in Krishna district of Andhra Pradesh, cultivating Pulses, owning between 0.0 and 2.0 acres of land, registered with the state agriculture portal.",Concessional interest rate at 4%,Up to ₹2 lakh,"Aadhaar Card, Land ownership document, Bank account details, Caste certificate (where applicable), Farmer registration certificate, Crop details",CSC Center,https://www.nabard.org/,"pulses, credit, andhra pradesh farmer, krishna, kisan, government subsidy, agricultural support"
AGRI191,MIDH (Mission for Integrated Development of Horticulture) (West Bengal Implementation),Horticulture Department,West Bengal,North 24 Parganas,Horticulture,Fruits,0.0,10.0,Below ₹5 Lakh/year,All (Priority for Women),18,60,No,No,No,Need horticulture support,"Farmers residing in North 24 Parganas district of West Bengal, cultivating Fruits, owning between 0.0 and 10.0 acres of land, registered with the state agriculture portal.",35% to 50% subsidy on planting material,Up to ₹5 lakh,"Aadhaar Card, Land ownership document, Bank account details, Caste certificate (where applicable), Farmer registration certificate, Crop details",Block Development Office,https://midh.gov.in/,"fruits, horticulture, west bengal farmer, north 24 parganas, midh, government subsidy, agricultural support"
AGRI192,Kisan Credit Card - Tamil Nadu Wheat Initiative,NABARD Supported,Tamil Nadu,Tiruchirappalli,Credit,Wheat,0.0,10.0,None,Male & Female,18,70,No,No,No,Need financial assistance,"Farmers residing in Tiruchirappalli district of Tamil Nadu, cultivating Wheat, owning between 0.0 and 10.0 acres of land, registered with the state agriculture portal.",Concessional interest rate at 4%,Interest subvention of 3%,"Aadhaar Card, Land ownership document, Bank account details, Caste certificate (where applicable)",Block Development Office,https://www.nabard.org/,"wheat, credit, tamil nadu farmer, tiruchirappalli, kisan, government subsidy, agricultural support"
AGRI193,SMAM - Telangana Khammam Chapter,State Government,Telangana,Khammam,Farm Mechanization,Sugarcane,0.0,10.0,Below ₹1.5 Lakh/year,Male & Female,21,65,No,No,Yes,Need farm machinery,"Farmers residing in Khammam district of Telangana, cultivating Sugarcane, owning between 0.0 and 10.0 acres of land, registered with the state agriculture portal.",40% to 50% subsidy on farm implements,Full subsidy for soil testing,"Aadhaar Card, Land ownership document, Bank account details, Farmer registration certificate, Crop details",FPO Office,https://agrimachinery.nic.in/,"sugarcane, farm mechanization, telangana farmer, khammam, smam, government subsidy, agricultural support"
AGRI194,Cooperative Agricultural Credit Structure Scheme - West Bengal Soybean Initiative,Cooperative,West Bengal,North 24 Parganas,Credit,Potato,0.0,20.0,Below ₹1.5 Lakh/year,All (Priority for Women),21,70,Yes,No,No,Need short term crop credit,"Farmers residing in North 24 Parganas district of West Bengal, cultivating Potato, owning between 0.0 and 20.0 acres of land, registered with the state agriculture portal. Must be a member of a registered FPO/Cooperative.",Low interest short term loans,Full subsidy for soil testing,"Aadhaar Card, Land ownership document, Bank account details, Caste certificate (where applicable)",District Agriculture Office,State Agriculture Department Portal,"potato, credit, west bengal farmer, north 24 parganas, cooperative, government subsidy, agricultural support"
AGRI195,PMKSY - Kerala Sugarcane Initiative,Central Government,Kerala,Wayanad,Irrigation,Tomato,0.0,5.0,None,Male & Female,18,75,No,No,Yes,Need irrigation support,"Farmers residing in Wayanad district of Kerala, cultivating Tomato, owning between 0.0 and 5.0 acres of land, registered with the state agriculture portal.",50% to 55% subsidy on drip/sprinkler,50%,"Aadhaar Card, Land ownership document, Bank account details, Farmer registration certificate, Crop details",State Agriculture Department Portal,https://pmksy.gov.in/,"tomato, irrigation, kerala farmer, wayanad, pmksy, government subsidy, agricultural support"
AGRI196,Kisan Credit Card (KCC) Scheme (Odisha Implementation),NABARD Supported,Odisha,Sambalpur,Credit,Cotton,0.0,20.0,None,Male & Female,18,75,Yes,No,No,Need financial assistance,"Farmers residing in Sambalpur district of Odisha, cultivating Cotton, owning between 0.0 and 20.0 acres of land, registered with the state agriculture portal. Must be a member of a registered FPO/Cooperative.",Concessional interest rate at 4%,Premium subsidy up to 90%,"Aadhaar Card, Land ownership document, Bank account details",State Agriculture Department Portal,https://www.nabard.org/,"cotton, credit, odisha farmer, sambalpur, kisan, government subsidy, agricultural support"
AGRI197,Horticulture Cluster Development Program (CDP) (Gujarat Implementation),Horticulture Department,Gujarat,Junagadh,Horticulture,Mango,0.0,10.0,Below ₹1.5 Lakh/year,Male & Female,21,60,No,No,No,Need cluster infrastructure,"Farmers residing in Junagadh district of Gujarat, cultivating Mango, owning between 0.0 and 10.0 acres of land, registered with the state agriculture portal.",Up to ₹50 lakh grant for post-harvest support,Premium subsidy up to 90%,"Aadhaar Card, Land ownership document, Bank account details",PM Kisan Portal,https://midh.gov.in/,"mango, horticulture, gujarat farmer, junagadh, horticulture, government subsidy, agricultural support"
AGRI198,Pradhan Mantri Matsya Sampada Yojana - Andhra Pradesh Krishna Chapter,State Government,Andhra Pradesh,Krishna,Fisheries,Fisheries,0.0,10.0,Below ₹5 Lakh/year,All,21,70,No,No,No,Need aquaculture development,"Farmers residing in Krishna district of Andhra Pradesh, cultivating Fisheries, owning between 0.0 and 10.0 acres of land, registered with the state agriculture portal.",40% to 60% subsidy on fishery inputs,Full subsidy for soil testing,"Aadhaar Card, Land ownership document, Bank account details",CSC Center,https://pmmsy.dof.gov.in/,"fisheries, fisheries, andhra pradesh farmer, krishna, pradhan, government subsidy, agricultural support"
AGRI199,Soil Health Card Scheme (Tamil Nadu Implementation),Agriculture Department,Tamil Nadu,Salem,Soil Improvement,Cotton,0.0,20.0,None,All (Priority for Women),21,65,No,No,No,Need soil health assessment,"Farmers residing in Salem district of Tamil Nadu, cultivating Cotton, owning between 0.0 and 20.0 acres of land, registered with the state agriculture portal.",Free soil testing and recommendations,Up to ₹5 lakh,"Aadhaar Card, Land ownership document, Bank account details, Soil Health Card",PM Kisan Portal,https://soilhealth.dac.gov.in/,"cotton, soil improvement, tamil nadu farmer, salem, soil, government subsidy, agricultural support"
AGRI200,PM-KUSUM - Madhya Pradesh Indore Chapter,State Government,Madhya Pradesh,Indore,Irrigation,Vegetables,1.0,5.0,None,All (Priority for Women),18,65,No,No,Yes,Need irrigation support,"Farmers residing in Indore district of Madhya Pradesh, cultivating Vegetables, owning between 1.0 and 5.0 acres of land, registered with the state agriculture portal.",Up to 60% subsidy on solar pump installation,Up to ₹5 lakh,"Aadhaar Card, Land ownership document, Bank account details, Caste certificate (where applicable), Farmer registration certificate, Crop details",CSC Center,https://pmkusum.mnre.gov.in/,"vegetables, irrigation, madhya pradesh farmer, indore, pm-kusum, government subsidy, agricultural support"
AGRI201,e-NAM (National Agriculture Market) (Telangana Implementation),Central Government,Telangana,Khammam,Marketing,Onion,0.0,2.0,Below ₹2.5 Lakh/year,Female Only,21,75,Yes,No,No,Need market linkage,"Farmers residing in Khammam district of Telangana, cultivating Onion, owning between 0.0 and 2.0 acres of land, registered with the state agriculture portal. Must be a member of a registered FPO/Cooperative.",Free access to online trading platform,Up to ₹5 lakh,"Aadhaar Card, Land ownership document, Bank account details, Farmer registration certificate, Crop details",District Agriculture Office,https://www.enam.gov.in/,"onion, marketing, telangana farmer, khammam, e-nam, government subsidy, agricultural support"
AGRI202,e-NAM - Haryana Ambala Chapter,State Government,Haryana,Ambala,Marketing,Onion,0.0,5.0,Below ₹2.5 Lakh/year,All (Priority for Women),18,65,Yes,No,No,Need market linkage,"Farmers residing in Ambala district of Haryana, cultivating Onion, owning between 0.0 and 5.0 acres of land, registered with the state agriculture portal. Must be a member of a registered FPO/Cooperative.",Free access to online trading platform,Up to ₹2 lakh,"Aadhaar Card, Land ownership document, Bank account details",PM Kisan Portal,https://www.enam.gov.in/,"onion, marketing, haryana farmer, ambala, e-nam, government subsidy, agricultural support"
AGRI203,Sub-Mission on Seeds and Planting Material - Rajasthan Pulses Initiative,Agriculture Department,Rajasthan,Ganganagar,Subsidy,Vegetables,0.0,10.0,Below ₹5 Lakh/year,Male & Female,21,70,No,No,No,Need quality seeds,"Farmers residing in Ganganagar district of Rajasthan, cultivating Vegetables, owning between 0.0 and 10.0 acres of land, registered with the state agriculture portal.",50% subsidy on certified seed distribution,75%,"Aadhaar Card, Land ownership document, Bank account details",Block Development Office,State Agriculture Department Portal,"vegetables, subsidy, rajasthan farmer, ganganagar, sub-mission, government subsidy, agricultural support"
AGRI204,Horticulture Cluster Development Program (CDP) (Gujarat Implementation),Horticulture Department,Gujarat,Rajkot,Horticulture,Grapes,0.0,10.0,Below ₹5 Lakh/year,All,21,60,No,No,No,Need cluster infrastructure,"Farmers residing in Rajkot district of Gujarat, cultivating Grapes, owning between 0.0 and 10.0 acres of land, registered with the state agriculture portal.",Up to ₹50 lakh grant for post-harvest support,Up to ₹1 lakh,"Aadhaar Card, Land ownership document, Bank account details, Farmer registration certificate, Crop details",NABARD Office,https://midh.gov.in/,"grapes, horticulture, gujarat farmer, rajkot, horticulture, government subsidy, agricultural support"
AGRI205,MIDH (Mission for Integrated Development of Horticulture) (Rajasthan Implementation),Horticulture Department,Rajasthan,Udaipur,Horticulture,Mango,0.0,10.0,Below ₹2.5 Lakh/year,All,21,70,No,No,No,Need horticulture support,"Farmers residing in Udaipur district of Rajasthan, cultivating Mango, owning between 0.0 and 10.0 acres of land, registered with the state agriculture portal.",35% to 50% subsidy on planting material,Up to ₹2 lakh,"Aadhaar Card, Land ownership document, Bank account details",CSC Center,https://midh.gov.in/,"mango, horticulture, rajasthan farmer, udaipur, midh, government subsidy, agricultural support"
AGRI206,"Formation and Promotion of 10,000 FPOs Scheme (Bihar Implementation)",FPO Support,Bihar,Darbhanga,FPO Development,Fruits,0.0,10.0,Below ₹5 Lakh/year,All (Priority for Women),18,70,Yes,No,No,Need market linkage and aggregation,"Farmers residing in Darbhanga district of Bihar, cultivating Fruits, owning between 0.0 and 10.0 acres of land, registered with the state agriculture portal. Must be a member of a registered FPO/Cooperative.",Up to ₹18 lakh financial support per FPO,50%,"Aadhaar Card, Land ownership document, Bank account details",District Agriculture Office,https://www.sfacindia.com/,"fruits, fpo development, bihar farmer, darbhanga, formation, government subsidy, agricultural support"
AGRI207,"Formation and Promotion of 10,000 FPOs Scheme (Haryana Implementation)",FPO Support,Haryana,Hisar,FPO Development,Onion,0.0,20.0,Below ₹5 Lakh/year,Female Only,21,70,Yes,No,No,Need market linkage and aggregation,"Farmers residing in Hisar district of Haryana, cultivating Onion, owning between 0.0 and 20.0 acres of land, registered with the state agriculture portal. Must be a member of a registered FPO/Cooperative.",Up to ₹18 lakh financial support per FPO,40%,"Aadhaar Card, Land ownership document, Bank account details",State Agriculture Department Portal,https://www.sfacindia.com/,"onion, fpo development, haryana farmer, hisar, formation, government subsidy, agricultural support"
AGRI208,Sub-Mission on Seeds and Planting Material - Uttar Pradesh Gorakhpur Chapter,State Government,Uttar Pradesh,Gorakhpur,Subsidy,Maize,0.0,20.0,Below ₹5 Lakh/year,Male & Female,18,65,Yes,No,No,Need quality seeds,"Farmers residing in Gorakhpur district of Uttar Pradesh, cultivating Maize, owning between 0.0 and 20.0 acres of land, registered with the state agriculture portal. Must be a member of a registered FPO/Cooperative.",50% subsidy on certified seed distribution,Up to ₹2 lakh,"Aadhaar Card, Land ownership document, Bank account details",Horticulture Department Office,State Agriculture Department Portal,"maize, subsidy, uttar pradesh farmer, gorakhpur, sub-mission, government subsidy, agricultural support"
AGRI209,Soil Health Card Scheme (Andhra Pradesh Implementation),Agriculture Department,Andhra Pradesh,Krishna,Soil Improvement,Cotton,0.0,5.0,Below ₹5 Lakh/year,All,18,75,No,No,No,Need soil health assessment,"Farmers residing in Krishna district of Andhra Pradesh, cultivating Cotton, owning between 0.0 and 5.0 acres of land, registered with the state agriculture portal.",Free soil testing and recommendations,50%,"Aadhaar Card, Land ownership document, Bank account details, Soil Health Card, Farmer registration certificate, Crop details",State Agriculture Department Portal,https://soilhealth.dac.gov.in/,"cotton, soil improvement, andhra pradesh farmer, krishna, soil, government subsidy, agricultural support"
AGRI210,Soil Health Card Scheme (West Bengal Implementation),Agriculture Department,West Bengal,Murshidabad,Soil Improvement,Soybean,0.0,2.0,None,All (Priority for Women),21,60,No,No,No,Need soil health assessment,"Farmers residing in Murshidabad district of West Bengal, cultivating Soybean, owning between 0.0 and 2.0 acres of land, registered with the state agriculture portal.",Free soil testing and recommendations,Up to ₹10 lakh,"Aadhaar Card, Land ownership document, Bank account details, Soil Health Card, Caste certificate (where applicable)",CSC Center,https://soilhealth.dac.gov.in/,"soybean, soil improvement, west bengal farmer, murshidabad, soil, government subsidy, agricultural support"
AGRI211,PKVY - Telangana Karimnagar Chapter,State Government,Telangana,Karimnagar,Organic Farming,Rice,0.0,10.0,Below ₹2.5 Lakh/year,All,18,70,No,Yes,No,Need organic certification,"Farmers residing in Karimnagar district of Telangana, cultivating Rice, owning between 0.0 and 10.0 acres of land, registered with the state agriculture portal. Must adhere to certified organic farming practices.","₹50,000 per ha assistance for cluster organic farming",Up to ₹10 lakh,"Aadhaar Card, Land ownership document, Bank account details, Soil Health Card, Farmer registration certificate, Crop details",District Agriculture Office,https://pgsindia-ncof.gov.in/,"rice, organic farming, telangana farmer, karimnagar, pkvy, government subsidy, agricultural support"
AGRI212,"Formation and Promotion of 10,000 FPOs Scheme - Assam Tomato Initiative",FPO Support,Assam,Nagaon,FPO Development,Soybean,0.0,5.0,Below ₹2.5 Lakh/year,All (Priority for Women),18,60,Yes,No,No,Need market linkage and aggregation,"Farmers residing in Nagaon district of Assam, cultivating Soybean, owning between 0.0 and 5.0 acres of land, registered with the state agriculture portal. Must be a member of a registered FPO/Cooperative.",Up to ₹18 lakh financial support per FPO,50%,"Aadhaar Card, Land ownership document, Bank account details, Caste certificate (where applicable)",PM Kisan Portal,https://www.sfacindia.com/,"soybean, fpo development, assam farmer, nagaon, formation, government subsidy, agricultural support"
AGRI213,Pradhan Mantri Matsya Sampada Yojana (PMMSY) (Karnataka Implementation),Central Government,Karnataka,Shimoga,Fisheries,Fisheries,0.0,2.0,None,All,18,75,No,No,No,Need aquaculture development,"Farmers residing in Shimoga district of Karnataka, cultivating Fisheries, owning between 0.0 and 2.0 acres of land, registered with the state agriculture portal.",40% to 60% subsidy on fishery inputs,75%,"Aadhaar Card, Land ownership document, Bank account details, Farmer registration certificate, Crop details",PM Kisan Portal,https://pmmsy.dof.gov.in/,"fisheries, fisheries, karnataka farmer, shimoga, pradhan, government subsidy, agricultural support"
AGRI214,ATMA - West Bengal Dairy Initiative,Agriculture Department,West Bengal,Burdwan,Skill Development,Fruits,0.0,5.0,Below ₹1.5 Lakh/year,All,18,70,Yes,No,No,Need technical training and guidance,"Farmers residing in Burdwan district of West Bengal, cultivating Fruits, owning between 0.0 and 5.0 acres of land, registered with the state agriculture portal. Must be a member of a registered FPO/Cooperative.","Free training, exposure visits, and demonstrations",60%,"Aadhaar Card, Land ownership document, Bank account details",CSC Center,State Agriculture Department Portal,"fruits, skill development, west bengal farmer, burdwan, atma, government subsidy, agricultural support"
AGRI215,AIF - West Bengal Nadia Chapter,State Government,West Bengal,Nadia,Storage,Grapes,1.0,5.0,Below ₹1.5 Lakh/year,Female Only,18,60,Yes,Yes,No,Need cold storage and infrastructure,"Farmers residing in Nadia district of West Bengal, cultivating Grapes, owning between 1.0 and 5.0 acres of land, registered with the state agriculture portal. Must be a member of a registered FPO/Cooperative. Must adhere to certified organic farming practices.",3% interest subvention up to ₹2 crore,40%,"Aadhaar Card, Land ownership document, Bank account details",Horticulture Department Office,https://agriinfra.dac.gov.in/,"grapes, storage, west bengal farmer, nadia, aif, government subsidy, agricultural support"
AGRI216,Soil Health Card Scheme - Haryana Rohtak Chapter,State Government,Haryana,Rohtak,Soil Improvement,Cotton,0.0,2.0,Below ₹5 Lakh/year,All (Priority for Women),21,70,No,Yes,No,Need soil health assessment,"Farmers residing in Rohtak district of Haryana, cultivating Cotton, owning between 0.0 and 2.0 acres of land, registered with the state agriculture portal. Must adhere to certified organic farming practices.",Free soil testing and recommendations,50%,"Aadhaar Card, Land ownership document, Bank account details, Soil Health Card",FPO Office,https://soilhealth.dac.gov.in/,"cotton, soil improvement, haryana farmer, rohtak, soil, government subsidy, agricultural support"
AGRI217,"Formation and Promotion of 10,000 FPOs Scheme (West Bengal Implementation)",FPO Support,West Bengal,Burdwan,FPO Development,Soybean,0.0,2.0,Below ₹2.5 Lakh/year,All (Priority for Women),21,70,Yes,No,No,Need market linkage and aggregation,"Farmers residing in Burdwan district of West Bengal, cultivating Soybean, owning between 0.0 and 2.0 acres of land, registered with the state agriculture portal. Must be a member of a registered FPO/Cooperative.",Up to ₹18 lakh financial support per FPO,Premium subsidy up to 90%,"Aadhaar Card, Land ownership document, Bank account details, Caste certificate (where applicable)",FPO Office,https://www.sfacindia.com/,"soybean, fpo development, west bengal farmer, burdwan, formation, government subsidy, agricultural support"
AGRI218,"Formation and Promotion of 10,000 FPOs Scheme (Madhya Pradesh Implementation)",FPO Support,Madhya Pradesh,Indore,FPO Development,Onion,0.0,20.0,Below ₹1.5 Lakh/year,Male & Female,18,60,Yes,No,No,Need market linkage and aggregation,"Farmers residing in Indore district of Madhya Pradesh, cultivating Onion, owning between 0.0 and 20.0 acres of land, registered with the state agriculture portal. Must be a member of a registered FPO/Cooperative.",Up to ₹18 lakh financial support per FPO,Full subsidy for soil testing,"Aadhaar Card, Land ownership document, Bank account details, Caste certificate (where applicable)",District Agriculture Office,https://www.sfacindia.com/,"onion, fpo development, madhya pradesh farmer, indore, formation, government subsidy, agricultural support"
AGRI219,PMKSY (Pradhan Mantri Krishi Sinchayee Yojana) (West Bengal Implementation),Central Government,West Bengal,North 24 Parganas,Irrigation,Cotton,0.0,25.0,Below ₹1.5 Lakh/year,Female Only,18,65,No,No,Yes,Need irrigation support,"Farmers residing in North 24 Parganas district of West Bengal, cultivating Cotton, owning between 0.0 and 25.0 acres of land, registered with the state agriculture portal.",50% to 55% subsidy on drip/sprinkler,Up to ₹2 lakh,"Aadhaar Card, Land ownership document, Bank account details, Farmer registration certificate, Crop details",FPO Office,https://pmksy.gov.in/,"cotton, irrigation, west bengal farmer, north 24 parganas, pmksy, government subsidy, agricultural support"
AGRI220,PM-KISAN (Pradhan Mantri Kisan Samman Nidhi) (Bihar Implementation),Central Government,Bihar,Muzaffarpur,Credit,Pulses,0.0,2.0,Below ₹1.5 Lakh/year,All (Priority for Women),21,70,No,No,No,Need credit support,"Farmers residing in Muzaffarpur district of Bihar, cultivating Pulses, owning between 0.0 and 2.0 acres of land, registered with the state agriculture portal.","₹6,000 per year in 3 installments",50%,"Aadhaar Card, Land ownership document, Bank account details",PM Kisan Portal,https://pmkisan.gov.in/,"pulses, credit, bihar farmer, muzaffarpur, pm-kisan, government subsidy, agricultural support"
AGRI221,PM-KISAN (Pradhan Mantri Kisan Samman Nidhi) (Madhya Pradesh Implementation),Central Government,Madhya Pradesh,Jabalpur,Credit,Potato,0.0,5.0,None,Male & Female,21,65,No,No,No,Need credit support,"Farmers residing in Jabalpur district of Madhya Pradesh, cultivating Potato, owning between 0.0 and 5.0 acres of land, registered with the state agriculture portal.","₹6,000 per year in 3 installments",Up to ₹10 lakh,"Aadhaar Card, Land ownership document, Bank account details, Caste certificate (where applicable)",Block Development Office,https://pmkisan.gov.in/,"potato, credit, madhya pradesh farmer, jabalpur, pm-kisan, government subsidy, agricultural support"
AGRI222,PKVY (Paramparagat Krishi Vikas Yojana) (Haryana Implementation),Central Government,Haryana,Sirsa,Organic Farming,Pulses,0.0,20.0,Below ₹1.5 Lakh/year,Female Only,18,75,No,Yes,No,Need organic certification,"Farmers residing in Sirsa district of Haryana, cultivating Pulses, owning between 0.0 and 20.0 acres of land, registered with the state agriculture portal. Must adhere to certified organic farming practices.","₹50,000 per ha assistance for cluster organic farming",30%,"Aadhaar Card, Land ownership document, Bank account details, Soil Health Card, Caste certificate (where applicable), Farmer registration certificate, Crop details",PM Kisan Portal,https://pgsindia-ncof.gov.in/,"pulses, organic farming, haryana farmer, sirsa, pkvy, government subsidy, agricultural support"
AGRI223,Kisan Credit Card (KCC) Scheme (Tamil Nadu Implementation),NABARD Supported,Tamil Nadu,Tiruchirappalli,Credit,Soybean,0.0,10.0,Below ₹5 Lakh/year,All,18,75,No,No,No,Need financial assistance,"Farmers residing in Tiruchirappalli district of Tamil Nadu, cultivating Soybean, owning between 0.0 and 10.0 acres of land, registered with the state agriculture portal.",Concessional interest rate at 4%,Premium subsidy up to 90%,"Aadhaar Card, Land ownership document, Bank account details",Horticulture Department Office,https://www.nabard.org/,"soybean, credit, tamil nadu farmer, tiruchirappalli, kisan, government subsidy, agricultural support"
AGRI224,PMKSY - Gujarat Anand Chapter,State Government,Gujarat,Anand,Irrigation,Wheat,2.0,10.0,Below ₹5 Lakh/year,All,18,65,No,No,Yes,Need irrigation support,"Farmers residing in Anand district of Gujarat, cultivating Wheat, owning between 2.0 and 10.0 acres of land, registered with the state agriculture portal.",50% to 55% subsidy on drip/sprinkler,Full subsidy for soil testing,"Aadhaar Card, Land ownership document, Bank account details, Farmer registration certificate, Crop details",CSC Center,https://pmksy.gov.in/,"wheat, irrigation, gujarat farmer, anand, pmksy, government subsidy, agricultural support"
AGRI225,MIDH (Mission for Integrated Development of Horticulture) (Gujarat Implementation),Horticulture Department,Gujarat,Banaskantha,Horticulture,Vegetables,0.0,10.0,None,Male & Female,18,60,No,No,No,Need horticulture support,"Farmers residing in Banaskantha district of Gujarat, cultivating Vegetables, owning between 0.0 and 10.0 acres of land, registered with the state agriculture portal.",35% to 50% subsidy on planting material,Interest subvention of 3%,"Aadhaar Card, Land ownership document, Bank account details",Horticulture Department Office,https://midh.gov.in/,"vegetables, horticulture, gujarat farmer, banaskantha, midh, government subsidy, agricultural support"
AGRI226,PM-KISAN (Pradhan Mantri Kisan Samman Nidhi) (Punjab Implementation),Central Government,Punjab,Jalandhar,Credit,Soybean,0.0,5.0,Below ₹2.5 Lakh/year,All (Priority for Women),18,75,No,No,No,Need credit support,"Farmers residing in Jalandhar district of Punjab, cultivating Soybean, owning between 0.0 and 5.0 acres of land, registered with the state agriculture portal.","₹6,000 per year in 3 installments",Up to ₹1 lakh,"Aadhaar Card, Land ownership document, Bank account details, Farmer registration certificate, Crop details",CSC Center,https://pmkisan.gov.in/,"soybean, credit, punjab farmer, jalandhar, pm-kisan, government subsidy, agricultural support"
AGRI227,e-NAM (National Agriculture Market) (Odisha Implementation),Central Government,Odisha,Balasore,Marketing,Tomato,0.0,5.0,Below ₹1.5 Lakh/year,Female Only,21,65,Yes,No,No,Need market linkage,"Farmers residing in Balasore district of Odisha, cultivating Tomato, owning between 0.0 and 5.0 acres of land, registered with the state agriculture portal. Must be a member of a registered FPO/Cooperative.",Free access to online trading platform,Premium subsidy up to 90%,"Aadhaar Card, Land ownership document, Bank account details",District Agriculture Office,https://www.enam.gov.in/,"tomato, marketing, odisha farmer, balasore, e-nam, government subsidy, agricultural support"
AGRI228,SMAM (Sub-Mission on Agricultural Mechanization) (Andhra Pradesh Implementation),Central Government,Andhra Pradesh,Guntur,Farm Mechanization,Soybean,2.0,25.0,Below ₹1.5 Lakh/year,Female Only,21,60,No,Yes,No,Need farm machinery,"Farmers residing in Guntur district of Andhra Pradesh, cultivating Soybean, owning between 2.0 and 25.0 acres of land, registered with the state agriculture portal. Must adhere to certified organic farming practices.",40% to 50% subsidy on farm implements,50%,"Aadhaar Card, Land ownership document, Bank account details, Caste certificate (where applicable), Farmer registration certificate, Crop details",NABARD Office,https://agrimachinery.nic.in/,"soybean, farm mechanization, andhra pradesh farmer, guntur, smam, government subsidy, agricultural support"
AGRI229,SMAM - Tamil Nadu Thanjavur Chapter,State Government,Tamil Nadu,Thanjavur,Farm Mechanization,Wheat,2.0,10.0,Below ₹2.5 Lakh/year,All,21,75,Yes,No,No,Need farm machinery,"Farmers residing in Thanjavur district of Tamil Nadu, cultivating Wheat, owning between 2.0 and 10.0 acres of land, registered with the state agriculture portal. Must be a member of a registered FPO/Cooperative.",40% to 50% subsidy on farm implements,Full subsidy for soil testing,"Aadhaar Card, Land ownership document, Bank account details, Farmer registration certificate, Crop details",Block Development Office,https://agrimachinery.nic.in/,"wheat, farm mechanization, tamil nadu farmer, thanjavur, smam, government subsidy, agricultural support"
AGRI230,PKVY (Paramparagat Krishi Vikas Yojana) (Tamil Nadu Implementation),Central Government,Tamil Nadu,Coimbatore,Organic Farming,Fruits,0.0,10.0,None,All,21,65,No,Yes,No,Need organic certification,"Farmers residing in Coimbatore district of Tamil Nadu, cultivating Fruits, owning between 0.0 and 10.0 acres of land, registered with the state agriculture portal. Must adhere to certified organic farming practices.","₹50,000 per ha assistance for cluster organic farming",Up to ₹5 lakh,"Aadhaar Card, Land ownership document, Bank account details, Soil Health Card",FPO Office,https://pgsindia-ncof.gov.in/,"fruits, organic farming, tamil nadu farmer, coimbatore, pkvy, government subsidy, agricultural support"
AGRI231,Horticulture Cluster Development Program - Uttar Pradesh Tomato Initiative,Horticulture Department,Uttar Pradesh,Varanasi,Horticulture,Potato,0.0,5.0,None,Male & Female,18,75,No,No,No,Need cluster infrastructure,"Farmers residing in Varanasi district of Uttar Pradesh, cultivating Potato, owning between 0.0 and 5.0 acres of land, registered with the state agriculture portal.",Up to ₹50 lakh grant for post-harvest support,50%,"Aadhaar Card, Land ownership document, Bank account details, Farmer registration certificate, Crop details",FPO Office,https://midh.gov.in/,"potato, horticulture, uttar pradesh farmer, varanasi, horticulture, government subsidy, agricultural support"
AGRI232,RKVY-RAFTAAR (Rashtriya Krishi Vikas Yojana) (Rajasthan Implementation),State Government,Rajasthan,Jaipur,Subsidy,Rice,0.0,10.0,Below ₹1.5 Lakh/year,Female Only,18,70,No,No,No,Need financial assistance,"Farmers residing in Jaipur district of Rajasthan, cultivating Rice, owning between 0.0 and 10.0 acres of land, registered with the state agriculture portal.",Up to 50% project cost subsidy,Up to ₹10 lakh,"Aadhaar Card, Land ownership document, Bank account details, Caste certificate (where applicable)",Block Development Office,State Agriculture Department Portal,"rice, subsidy, rajasthan farmer, jaipur, rkvy-raftaar, government subsidy, agricultural support"
AGRI233,Kisan Credit Card (KCC) Scheme (Telangana Implementation),NABARD Supported,Telangana,Nalgonda,Credit,Cotton,0.0,10.0,Below ₹5 Lakh/year,All (Priority for Women),21,60,Yes,No,No,Need financial assistance,"Farmers residing in Nalgonda district of Telangana, cultivating Cotton, owning between 0.0 and 10.0 acres of land, registered with the state agriculture portal. Must be a member of a registered FPO/Cooperative.",Concessional interest rate at 4%,60%,"Aadhaar Card, Land ownership document, Bank account details",CSC Center,https://www.nabard.org/,"cotton, credit, telangana farmer, nalgonda, kisan, government subsidy, agricultural support"
AGRI234,PMFBY (Pradhan Mantri Fasal Bima Yojana) (Andhra Pradesh Implementation),Central Government,Andhra Pradesh,Kurnool,Crop Insurance,Soybean,0.0,10.0,Below ₹5 Lakh/year,All,21,75,No,No,No,Need crop insurance,"Farmers residing in Kurnool district of Andhra Pradesh, cultivating Soybean, owning between 0.0 and 10.0 acres of land, registered with the state agriculture portal.",Premium subsidy up to 90%,Interest subvention of 3%,"Aadhaar Card, Land ownership document, Bank account details, Caste certificate (where applicable)",State Agriculture Department Portal,https://pmfby.gov.in/,"soybean, crop insurance, andhra pradesh farmer, kurnool, pmfby, government subsidy, agricultural support"
AGRI235,SMAM - Maharashtra Nagpur Chapter,State Government,Maharashtra,Nagpur,Farm Mechanization,Rice,2.0,10.0,None,All (Priority for Women),21,60,No,No,No,Need farm machinery,"Farmers residing in Nagpur district of Maharashtra, cultivating Rice, owning between 2.0 and 10.0 acres of land, registered with the state agriculture portal.",40% to 50% subsidy on farm implements,Up to ₹1 lakh,"Aadhaar Card, Land ownership document, Bank account details, Caste certificate (where applicable), Farmer registration certificate, Crop details",District Agriculture Office,https://agrimachinery.nic.in/,"rice, farm mechanization, maharashtra farmer, nagpur, smam, government subsidy, agricultural support"
AGRI236,e-NAM (National Agriculture Market) (Haryana Implementation),Central Government,Haryana,Rohtak,Marketing,Cotton,0.0,20.0,Below ₹1.5 Lakh/year,Male & Female,21,70,Yes,Yes,No,Need market linkage,"Farmers residing in Rohtak district of Haryana, cultivating Cotton, owning between 0.0 and 20.0 acres of land, registered with the state agriculture portal. Must be a member of a registered FPO/Cooperative. Must adhere to certified organic farming practices.",Free access to online trading platform,Interest subvention of 3%,"Aadhaar Card, Land ownership document, Bank account details, Caste certificate (where applicable), Farmer registration certificate, Crop details",State Agriculture Department Portal,https://www.enam.gov.in/,"cotton, marketing, haryana farmer, rohtak, e-nam, government subsidy, agricultural support"
AGRI237,Horticulture Cluster Development Program (CDP) (Punjab Implementation),Horticulture Department,Punjab,Ludhiana,Horticulture,Fruits,0.0,10.0,None,Female Only,21,75,No,No,No,Need cluster infrastructure,"Farmers residing in Ludhiana district of Punjab, cultivating Fruits, owning between 0.0 and 10.0 acres of land, registered with the state agriculture portal.",Up to ₹50 lakh grant for post-harvest support,Up to ₹5 lakh,"Aadhaar Card, Land ownership document, Bank account details, Caste certificate (where applicable), Farmer registration certificate, Crop details",Block Development Office,https://midh.gov.in/,"fruits, horticulture, punjab farmer, ludhiana, horticulture, government subsidy, agricultural support"
AGRI238,Cooperative Agricultural Credit Structure Scheme (Tamil Nadu Implementation),Cooperative,Tamil Nadu,Madurai,Credit,Potato,0.0,10.0,None,All (Priority for Women),18,60,Yes,No,No,Need short term crop credit,"Farmers residing in Madurai district of Tamil Nadu, cultivating Potato, owning between 0.0 and 10.0 acres of land, registered with the state agriculture portal. Must be a member of a registered FPO/Cooperative.",Low interest short term loans,Up to ₹10 lakh,"Aadhaar Card, Land ownership document, Bank account details, Farmer registration certificate, Crop details",CSC Center,State Agriculture Department Portal,"potato, credit, tamil nadu farmer, madurai, cooperative, government subsidy, agricultural support"
AGRI239,AIF (Agriculture Infrastructure Fund) (Uttar Pradesh Implementation),Central Government,Uttar Pradesh,Kanpur,Storage,Potato,0.0,5.0,Below ₹2.5 Lakh/year,Female Only,18,60,Yes,No,No,Need cold storage and infrastructure,"Farmers residing in Kanpur district of Uttar Pradesh, cultivating Potato, owning between 0.0 and 5.0 acres of land, registered with the state agriculture portal. Must be a member of a registered FPO/Cooperative.",3% interest subvention up to ₹2 crore,Premium subsidy up to 90%,"Aadhaar Card, Land ownership document, Bank account details",Horticulture Department Office,https://agriinfra.dac.gov.in/,"potato, storage, uttar pradesh farmer, kanpur, aif, government subsidy, agricultural support"
AGRI240,Cooperative Agricultural Credit Structure Scheme - Haryana Wheat Initiative,Cooperative,Haryana,Ambala,Credit,Sugarcane,0.0,20.0,Below ₹5 Lakh/year,Female Only,18,65,Yes,No,No,Need short term crop credit,"Farmers residing in Ambala district of Haryana, cultivating Sugarcane, owning between 0.0 and 20.0 acres of land, registered with the state agriculture portal. Must be a member of a registered FPO/Cooperative.",Low interest short term loans,Up to ₹1 lakh,"Aadhaar Card, Land ownership document, Bank account details, Farmer registration certificate, Crop details",NABARD Office,State Agriculture Department Portal,"sugarcane, credit, haryana farmer, ambala, cooperative, government subsidy, agricultural support"
AGRI241,Horticulture Cluster Development Program (CDP) (Rajasthan Implementation),Horticulture Department,Rajasthan,Udaipur,Horticulture,Mango,0.0,5.0,None,Female Only,18,65,No,No,No,Need cluster infrastructure,"Farmers residing in Udaipur district of Rajasthan, cultivating Mango, owning between 0.0 and 5.0 acres of land, registered with the state agriculture portal.",Up to ₹50 lakh grant for post-harvest support,75%,"Aadhaar Card, Land ownership document, Bank account details, Farmer registration certificate, Crop details",FPO Office,https://midh.gov.in/,"mango, horticulture, rajasthan farmer, udaipur, horticulture, government subsidy, agricultural support"
AGRI242,Sub-Mission on Seeds and Planting Material - Kerala Thrissur Chapter,State Government,Kerala,Thrissur,Subsidy,Pulses,0.0,20.0,None,All (Priority for Women),18,70,No,No,No,Need quality seeds,"Farmers residing in Thrissur district of Kerala, cultivating Pulses, owning between 0.0 and 20.0 acres of land, registered with the state agriculture portal.",50% subsidy on certified seed distribution,Up to ₹10 lakh,"Aadhaar Card, Land ownership document, Bank account details, Caste certificate (where applicable)",State Agriculture Department Portal,State Agriculture Department Portal,"pulses, subsidy, kerala farmer, thrissur, sub-mission, government subsidy, agricultural support"
AGRI243,Kisan Credit Card (KCC) Scheme (Maharashtra Implementation),NABARD Supported,Maharashtra,Latur,Credit,Pulses,0.0,20.0,Below ₹2.5 Lakh/year,All,21,75,No,No,No,Need financial assistance,"Farmers residing in Latur district of Maharashtra, cultivating Pulses, owning between 0.0 and 20.0 acres of land, registered with the state agriculture portal.",Concessional interest rate at 4%,Up to ₹2 lakh,"Aadhaar Card, Land ownership document, Bank account details, Caste certificate (where applicable)",NABARD Office,https://www.nabard.org/,"pulses, credit, maharashtra farmer, latur, kisan, government subsidy, agricultural support"
AGRI244,Soil Health Card Scheme (Kerala Implementation),Agriculture Department,Kerala,Alappuzha,Soil Improvement,Millet,0.0,2.0,Below ₹2.5 Lakh/year,All (Priority for Women),18,75,No,No,No,Need soil health assessment,"Farmers residing in Alappuzha district of Kerala, cultivating Millet, owning between 0.0 and 2.0 acres of land, registered with the state agriculture portal.",Free soil testing and recommendations,Premium subsidy up to 90%,"Aadhaar Card, Land ownership document, Bank account details, Soil Health Card",Horticulture Department Office,https://soilhealth.dac.gov.in/,"millet, soil improvement, kerala farmer, alappuzha, soil, government subsidy, agricultural support"
AGRI245,AIF - Punjab Tomato Initiative,Central Government,Punjab,Bhatinda,Storage,Tomato,0.0,5.0,Below ₹2.5 Lakh/year,Female Only,21,75,Yes,No,No,Need cold storage and infrastructure,"Farmers residing in Bhatinda district of Punjab, cultivating Tomato, owning between 0.0 and 5.0 acres of land, registered with the state agriculture portal. Must be a member of a registered FPO/Cooperative.",3% interest subvention up to ₹2 crore,30%,"Aadhaar Card, Land ownership document, Bank account details, Caste certificate (where applicable)",State Agriculture Department Portal,https://agriinfra.dac.gov.in/,"tomato, storage, punjab farmer, bhatinda, aif, government subsidy, agricultural support"
AGRI246,PM-KUSUM (Solar Agriculture Pumps Scheme) (Karnataka Implementation),Central Government,Karnataka,Mysuru,Irrigation,Cotton,2.0,10.0,Below ₹5 Lakh/year,All,21,75,No,No,Yes,Need irrigation support,"Farmers residing in Mysuru district of Karnataka, cultivating Cotton, owning between 2.0 and 10.0 acres of land, registered with the state agriculture portal.",Up to 60% subsidy on solar pump installation,Up to ₹2 lakh,"Aadhaar Card, Land ownership document, Bank account details, Caste certificate (where applicable)",Horticulture Department Office,https://pmkusum.mnre.gov.in/,"cotton, irrigation, karnataka farmer, mysuru, pm-kusum, government subsidy, agricultural support"
AGRI247,Sub-Mission on Seeds and Planting Material (SMSP) (Maharashtra Implementation),Agriculture Department,Maharashtra,Latur,Subsidy,Wheat,0.0,2.0,Below ₹5 Lakh/year,All (Priority for Women),18,65,No,No,No,Need quality seeds,"Farmers residing in Latur district of Maharashtra, cultivating Wheat, owning between 0.0 and 2.0 acres of land, registered with the state agriculture portal.",50% subsidy on certified seed distribution,40%,"Aadhaar Card, Land ownership document, Bank account details, Farmer registration certificate, Crop details",FPO Office,State Agriculture Department Portal,"wheat, subsidy, maharashtra farmer, latur, sub-mission, government subsidy, agricultural support"
AGRI248,PMKSY (Pradhan Mantri Krishi Sinchayee Yojana) (Assam Implementation),Central Government,Assam,Sonitpur,Irrigation,Onion,1.0,5.0,Below ₹2.5 Lakh/year,All,18,65,Yes,No,Yes,Need irrigation support,"Farmers residing in Sonitpur district of Assam, cultivating Onion, owning between 1.0 and 5.0 acres of land, registered with the state agriculture portal. Must be a member of a registered FPO/Cooperative.",50% to 55% subsidy on drip/sprinkler,Premium subsidy up to 90%,"Aadhaar Card, Land ownership document, Bank account details, Caste certificate (where applicable), Farmer registration certificate, Crop details",District Agriculture Office,https://pmksy.gov.in/,"onion, irrigation, assam farmer, sonitpur, pmksy, government subsidy, agricultural support"
AGRI249,PM-KUSUM (Solar Agriculture Pumps Scheme) (Odisha Implementation),Central Government,Odisha,Sambalpur,Irrigation,Onion,2.0,25.0,Below ₹5 Lakh/year,All,18,75,No,No,Yes,Need irrigation support,"Farmers residing in Sambalpur district of Odisha, cultivating Onion, owning between 2.0 and 25.0 acres of land, registered with the state agriculture portal.",Up to 60% subsidy on solar pump installation,Up to ₹5 lakh,"Aadhaar Card, Land ownership document, Bank account details, Caste certificate (where applicable)",District Agriculture Office,https://pmkusum.mnre.gov.in/,"onion, irrigation, odisha farmer, sambalpur, pm-kusum, government subsidy, agricultural support"
AGRI250,Horticulture Cluster Development Program - Madhya Pradesh Grapes Initiative,Horticulture Department,Madhya Pradesh,Jabalpur,Horticulture,Banana,0.0,2.0,Below ₹2.5 Lakh/year,Male & Female,21,65,Yes,No,No,Need cluster infrastructure,"Farmers residing in Jabalpur district of Madhya Pradesh, cultivating Banana, owning between 0.0 and 2.0 acres of land, registered with the state agriculture portal. Must be a member of a registered FPO/Cooperative.",Up to ₹50 lakh grant for post-harvest support,Up to ₹10 lakh,"Aadhaar Card, Land ownership document, Bank account details",State Agriculture Department Portal,https://midh.gov.in/,"banana, horticulture, madhya pradesh farmer, jabalpur, horticulture, government subsidy, agricultural support"
AGRI251,SMAM (Sub-Mission on Agricultural Mechanization) (Assam Implementation),Central Government,Assam,Cachar,Farm Mechanization,Soybean,2.0,5.0,None,Male & Female,18,60,No,No,No,Need farm machinery,"Farmers residing in Cachar district of Assam, cultivating Soybean, owning between 2.0 and 5.0 acres of land, registered with the state agriculture portal.",40% to 50% subsidy on farm implements,Interest subvention of 3%,"Aadhaar Card, Land ownership document, Bank account details, Farmer registration certificate, Crop details",PM Kisan Portal,https://agrimachinery.nic.in/,"soybean, farm mechanization, assam farmer, cachar, smam, government subsidy, agricultural support"
AGRI252,PM-KUSUM (Solar Agriculture Pumps Scheme) (West Bengal Implementation),Central Government,West Bengal,Hooghly,Irrigation,Tomato,1.0,10.0,None,Male & Female,18,70,No,No,Yes,Need irrigation support,"Farmers residing in Hooghly district of West Bengal, cultivating Tomato, owning between 1.0 and 10.0 acres of land, registered with the state agriculture portal.",Up to 60% subsidy on solar pump installation,40%,"Aadhaar Card, Land ownership document, Bank account details, Caste certificate (where applicable)",Block Development Office,https://pmkusum.mnre.gov.in/,"tomato, irrigation, west bengal farmer, hooghly, pm-kusum, government subsidy, agricultural support"
AGRI253,e-NAM (National Agriculture Market) (Uttar Pradesh Implementation),Central Government,Uttar Pradesh,Lucknow,Marketing,Soybean,0.0,2.0,None,Male & Female,18,70,Yes,No,No,Need market linkage,"Farmers residing in Lucknow district of Uttar Pradesh, cultivating Soybean, owning between 0.0 and 2.0 acres of land, registered with the state agriculture portal. Must be a member of a registered FPO/Cooperative.",Free access to online trading platform,40%,"Aadhaar Card, Land ownership document, Bank account details, Caste certificate (where applicable)",NABARD Office,https://www.enam.gov.in/,"soybean, marketing, uttar pradesh farmer, lucknow, e-nam, government subsidy, agricultural support"
AGRI254,e-NAM - West Bengal North 24 Parganas Chapter,State Government,West Bengal,North 24 Parganas,Marketing,Potato,0.0,20.0,Below ₹2.5 Lakh/year,Male & Female,21,65,Yes,No,No,Need market linkage,"Farmers residing in North 24 Parganas district of West Bengal, cultivating Potato, owning between 0.0 and 20.0 acres of land, registered with the state agriculture portal. Must be a member of a registered FPO/Cooperative.",Free access to online trading platform,Up to ₹10 lakh,"Aadhaar Card, Land ownership document, Bank account details",FPO Office,https://www.enam.gov.in/,"potato, marketing, west bengal farmer, north 24 parganas, e-nam, government subsidy, agricultural support"
AGRI255,Pradhan Mantri Matsya Sampada Yojana (PMMSY) (Rajasthan Implementation),Central Government,Rajasthan,Jaipur,Fisheries,Fisheries,0.0,2.0,Below ₹2.5 Lakh/year,Male & Female,21,60,No,No,No,Need aquaculture development,"Farmers residing in Jaipur district of Rajasthan, cultivating Fisheries, owning between 0.0 and 2.0 acres of land, registered with the state agriculture portal.",40% to 60% subsidy on fishery inputs,30%,"Aadhaar Card, Land ownership document, Bank account details",Horticulture Department Office,https://pmmsy.dof.gov.in/,"fisheries, fisheries, rajasthan farmer, jaipur, pradhan, government subsidy, agricultural support"
AGRI256,Fisheries Infrastructure Development Fund - West Bengal Fisheries Initiative,NABARD Supported,West Bengal,Burdwan,Fisheries,Fisheries,0.0,20.0,Below ₹1.5 Lakh/year,Female Only,18,65,No,No,No,Need fisheries storage and market access,"Farmers residing in Burdwan district of West Bengal, cultivating Fisheries, owning between 0.0 and 20.0 acres of land, registered with the state agriculture portal.",Interest subvention up to 3%,60%,"Aadhaar Card, Land ownership document, Bank account details",NABARD Office,https://nabard.org/,"fisheries, fisheries, west bengal farmer, burdwan, fisheries, government subsidy, agricultural support"
AGRI257,MIDH (Mission for Integrated Development of Horticulture) (Punjab Implementation),Horticulture Department,Punjab,Jalandhar,Horticulture,Potato,0.0,2.0,Below ₹5 Lakh/year,All (Priority for Women),18,65,Yes,No,No,Need horticulture support,"Farmers residing in Jalandhar district of Punjab, cultivating Potato, owning between 0.0 and 2.0 acres of land, registered with the state agriculture portal. Must be a member of a registered FPO/Cooperative.",35% to 50% subsidy on planting material,Up to ₹2 lakh,"Aadhaar Card, Land ownership document, Bank account details, Caste certificate (where applicable), Farmer registration certificate, Crop details",CSC Center,https://midh.gov.in/,"potato, horticulture, punjab farmer, jalandhar, midh, government subsidy, agricultural support"
AGRI258,PM-KUSUM (Solar Agriculture Pumps Scheme) (Maharashtra Implementation),Central Government,Maharashtra,Nagpur,Irrigation,Vegetables,1.0,25.0,Below ₹5 Lakh/year,Female Only,21,65,No,No,Yes,Need irrigation support,"Farmers residing in Nagpur district of Maharashtra, cultivating Vegetables, owning between 1.0 and 25.0 acres of land, registered with the state agriculture portal.",Up to 60% subsidy on solar pump installation,Up to ₹2 lakh,"Aadhaar Card, Land ownership document, Bank account details, Farmer registration certificate, Crop details",Block Development Office,https://pmkusum.mnre.gov.in/,"vegetables, irrigation, maharashtra farmer, nagpur, pm-kusum, government subsidy, agricultural support"
AGRI259,PM-KUSUM - Gujarat Vadodara Chapter,State Government,Gujarat,Vadodara,Irrigation,Wheat,1.0,5.0,Below ₹5 Lakh/year,Female Only,21,75,No,No,Yes,Need irrigation support,"Farmers residing in Vadodara district of Gujarat, cultivating Wheat, owning between 1.0 and 5.0 acres of land, registered with the state agriculture portal.",Up to 60% subsidy on solar pump installation,Up to ₹1 lakh,"Aadhaar Card, Land ownership document, Bank account details, Farmer registration certificate, Crop details",Horticulture Department Office,https://pmkusum.mnre.gov.in/,"wheat, irrigation, gujarat farmer, vadodara, pm-kusum, government subsidy, agricultural support"
AGRI260,Horticulture Cluster Development Program - Maharashtra Vegetables Initiative,Horticulture Department,Maharashtra,Solapur,Horticulture,Vegetables,0.0,10.0,Below ₹1.5 Lakh/year,Female Only,18,70,No,No,No,Need cluster infrastructure,"Farmers residing in Solapur district of Maharashtra, cultivating Vegetables, owning between 0.0 and 10.0 acres of land, registered with the state agriculture portal.",Up to ₹50 lakh grant for post-harvest support,Interest subvention of 3%,"Aadhaar Card, Land ownership document, Bank account details, Farmer registration certificate, Crop details",District Agriculture Office,https://midh.gov.in/,"vegetables, horticulture, maharashtra farmer, solapur, horticulture, government subsidy, agricultural support"
AGRI261,Sub-Mission on Seeds and Planting Material - Andhra Pradesh West Godavari Chapter,State Government,Andhra Pradesh,West Godavari,Subsidy,Vegetables,0.0,10.0,Below ₹2.5 Lakh/year,All (Priority for Women),21,65,No,No,No,Need quality seeds,"Farmers residing in West Godavari district of Andhra Pradesh, cultivating Vegetables, owning between 0.0 and 10.0 acres of land, registered with the state agriculture portal.",50% subsidy on certified seed distribution,75%,"Aadhaar Card, Land ownership document, Bank account details, Caste certificate (where applicable), Farmer registration certificate, Crop details",CSC Center,State Agriculture Department Portal,"vegetables, subsidy, andhra pradesh farmer, west godavari, sub-mission, government subsidy, agricultural support"
AGRI262,Fisheries Infrastructure Development Fund - Telangana Fisheries Initiative,NABARD Supported,Telangana,Nalgonda,Fisheries,Fisheries,0.0,2.0,None,Male & Female,21,70,No,No,No,Need fisheries storage and market access,"Farmers residing in Nalgonda district of Telangana, cultivating Fisheries, owning between 0.0 and 2.0 acres of land, registered with the state agriculture portal.",Interest subvention up to 3%,Premium subsidy up to 90%,"Aadhaar Card, Land ownership document, Bank account details, Farmer registration certificate, Crop details",NABARD Office,https://nabard.org/,"fisheries, fisheries, telangana farmer, nalgonda, fisheries, government subsidy, agricultural support"
AGRI263,Pradhan Mantri Matsya Sampada Yojana - Bihar Darbhanga Chapter,State Government,Bihar,Darbhanga,Fisheries,Fisheries,0.0,20.0,None,Female Only,21,65,No,No,No,Need aquaculture development,"Farmers residing in Darbhanga district of Bihar, cultivating Fisheries, owning between 0.0 and 20.0 acres of land, registered with the state agriculture portal.",40% to 60% subsidy on fishery inputs,Up to ₹10 lakh,"Aadhaar Card, Land ownership document, Bank account details",PM Kisan Portal,https://pmmsy.dof.gov.in/,"fisheries, fisheries, bihar farmer, darbhanga, pradhan, government subsidy, agricultural support"
AGRI264,MIDH (Mission for Integrated Development of Horticulture) (Odisha Implementation),Horticulture Department,Odisha,Sambalpur,Horticulture,Fruits,0.0,5.0,Below ₹5 Lakh/year,All (Priority for Women),21,75,No,No,No,Need horticulture support,"Farmers residing in Sambalpur district of Odisha, cultivating Fruits, owning between 0.0 and 5.0 acres of land, registered with the state agriculture portal.",35% to 50% subsidy on planting material,50%,"Aadhaar Card, Land ownership document, Bank account details, Farmer registration certificate, Crop details",FPO Office,https://midh.gov.in/,"fruits, horticulture, odisha farmer, sambalpur, midh, government subsidy, agricultural support"
AGRI265,AIF (Agriculture Infrastructure Fund) (Odisha Implementation),Central Government,Odisha,Balasore,Storage,Grapes,2.0,5.0,None,Female Only,18,75,Yes,No,No,Need cold storage and infrastructure,"Farmers residing in Balasore district of Odisha, cultivating Grapes, owning between 2.0 and 5.0 acres of land, registered with the state agriculture portal. Must be a member of a registered FPO/Cooperative.",3% interest subvention up to ₹2 crore,60%,"Aadhaar Card, Land ownership document, Bank account details, Caste certificate (where applicable)",District Agriculture Office,https://agriinfra.dac.gov.in/,"grapes, storage, odisha farmer, balasore, aif, government subsidy, agricultural support"
AGRI266,Sub-Mission on Seeds and Planting Material - Maharashtra Maize Initiative,Agriculture Department,Maharashtra,Ahmednagar,Subsidy,Vegetables,0.0,10.0,Below ₹1.5 Lakh/year,Female Only,21,60,No,No,No,Need quality seeds,"Farmers residing in Ahmednagar district of Maharashtra, cultivating Vegetables, owning between 0.0 and 10.0 acres of land, registered with the state agriculture portal.",50% subsidy on certified seed distribution,30%,"Aadhaar Card, Land ownership document, Bank account details, Caste certificate (where applicable), Farmer registration certificate, Crop details",State Agriculture Department Portal,State Agriculture Department Portal,"vegetables, subsidy, maharashtra farmer, ahmednagar, sub-mission, government subsidy, agricultural support"
AGRI267,RKVY-RAFTAAR (Rashtriya Krishi Vikas Yojana) (Andhra Pradesh Implementation),State Government,Andhra Pradesh,West Godavari,Subsidy,Pulses,0.0,10.0,None,Male & Female,18,70,No,No,No,Need financial assistance,"Farmers residing in West Godavari district of Andhra Pradesh, cultivating Pulses, owning between 0.0 and 10.0 acres of land, registered with the state agriculture portal.",Up to 50% project cost subsidy,60%,"Aadhaar Card, Land ownership document, Bank account details",District Agriculture Office,State Agriculture Department Portal,"pulses, subsidy, andhra pradesh farmer, west godavari, rkvy-raftaar, government subsidy, agricultural support"
AGRI268,ATMA (Agricultural Technology Management Agency) Scheme (Telangana Implementation),Agriculture Department,Telangana,Karimnagar,Skill Development,Fruits,0.0,20.0,None,Male & Female,21,75,No,No,No,Need technical training and guidance,"Farmers residing in Karimnagar district of Telangana, cultivating Fruits, owning between 0.0 and 20.0 acres of land, registered with the state agriculture portal.","Free training, exposure visits, and demonstrations",50%,"Aadhaar Card, Land ownership document, Bank account details",Block Development Office,State Agriculture Department Portal,"fruits, skill development, telangana farmer, karimnagar, atma, government subsidy, agricultural support"
AGRI269,Fisheries Infrastructure Development Fund (FIDF) (Odisha Implementation),NABARD Supported,Odisha,Cuttack,Fisheries,Fisheries,0.0,10.0,Below ₹5 Lakh/year,Female Only,21,70,No,No,No,Need fisheries storage and market access,"Farmers residing in Cuttack district of Odisha, cultivating Fisheries, owning between 0.0 and 10.0 acres of land, registered with the state agriculture portal.",Interest subvention up to 3%,Up to ₹1 lakh,"Aadhaar Card, Land ownership document, Bank account details",Horticulture Department Office,https://nabard.org/,"fisheries, fisheries, odisha farmer, cuttack, fisheries, government subsidy, agricultural support"
AGRI270,National Livestock Mission - Madhya Pradesh Dairy Initiative,Central Government,Madhya Pradesh,Ujjain,Dairy,Dairy,0.0,2.0,Below ₹2.5 Lakh/year,All (Priority for Women),21,60,Yes,No,No,Need dairy development,"Farmers residing in Ujjain district of Madhya Pradesh, cultivating Dairy, owning between 0.0 and 2.0 acres of land, registered with the state agriculture portal. Must be a member of a registered FPO/Cooperative.",50% capital subsidy for farm setup,Up to ₹5 lakh,"Aadhaar Card, Land ownership document, Bank account details, Farmer registration certificate, Crop details",Block Development Office,https://nlm.udyamimitra.in/,"dairy, dairy, madhya pradesh farmer, ujjain, national, government subsidy, agricultural support"
AGRI271,PM-KUSUM - Haryana Karnal Chapter,State Government,Haryana,Karnal,Irrigation,Sugarcane,0.0,25.0,Below ₹1.5 Lakh/year,Female Only,18,65,No,No,Yes,Need irrigation support,"Farmers residing in Karnal district of Haryana, cultivating Sugarcane, owning between 0.0 and 25.0 acres of land, registered with the state agriculture portal.",Up to 60% subsidy on solar pump installation,50%,"Aadhaar Card, Land ownership document, Bank account details, Caste certificate (where applicable)",PM Kisan Portal,https://pmkusum.mnre.gov.in/,"sugarcane, irrigation, haryana farmer, karnal, pm-kusum, government subsidy, agricultural support"
AGRI272,PMFBY (Pradhan Mantri Fasal Bima Yojana) (Telangana Implementation),Central Government,Telangana,Karimnagar,Crop Insurance,Sugarcane,0.0,10.0,Below ₹1.5 Lakh/year,All (Priority for Women),18,75,No,No,No,Need crop insurance,"Farmers residing in Karimnagar district of Telangana, cultivating Sugarcane, owning between 0.0 and 10.0 acres of land, registered with the state agriculture portal.",Premium subsidy up to 90%,Up to ₹10 lakh,"Aadhaar Card, Land ownership document, Bank account details",FPO Office,https://pmfby.gov.in/,"sugarcane, crop insurance, telangana farmer, karimnagar, pmfby, government subsidy, agricultural support"
AGRI273,Sub-Mission on Seeds and Planting Material (SMSP) (Bihar Implementation),Agriculture Department,Bihar,Patna,Subsidy,Pulses,0.0,5.0,Below ₹5 Lakh/year,All,18,65,No,No,No,Need quality seeds,"Farmers residing in Patna district of Bihar, cultivating Pulses, owning between 0.0 and 5.0 acres of land, registered with the state agriculture portal.",50% subsidy on certified seed distribution,30%,"Aadhaar Card, Land ownership document, Bank account details, Farmer registration certificate, Crop details",Horticulture Department Office,State Agriculture Department Portal,"pulses, subsidy, bihar farmer, patna, sub-mission, government subsidy, agricultural support"
AGRI274,ATMA (Agricultural Technology Management Agency) Scheme (Maharashtra Implementation),Agriculture Department,Maharashtra,Solapur,Skill Development,Rice,0.0,10.0,Below ₹2.5 Lakh/year,Male & Female,21,75,No,No,No,Need technical training and guidance,"Farmers residing in Solapur district of Maharashtra, cultivating Rice, owning between 0.0 and 10.0 acres of land, registered with the state agriculture portal.","Free training, exposure visits, and demonstrations",Up to ₹2 lakh,"Aadhaar Card, Land ownership document, Bank account details, Caste certificate (where applicable), Farmer registration certificate, Crop details",CSC Center,State Agriculture Department Portal,"rice, skill development, maharashtra farmer, solapur, atma, government subsidy, agricultural support"
AGRI275,PM-KUSUM (Solar Agriculture Pumps Scheme) (Karnataka Implementation),Central Government,Karnataka,Mysuru,Irrigation,Wheat,1.0,5.0,None,All (Priority for Women),18,70,Yes,No,Yes,Need irrigation support,"Farmers residing in Mysuru district of Karnataka, cultivating Wheat, owning between 1.0 and 5.0 acres of land, registered with the state agriculture portal. Must be a member of a registered FPO/Cooperative.",Up to 60% subsidy on solar pump installation,Up to ₹5 lakh,"Aadhaar Card, Land ownership document, Bank account details, Caste certificate (where applicable)",CSC Center,https://pmkusum.mnre.gov.in/,"wheat, irrigation, karnataka farmer, mysuru, pm-kusum, government subsidy, agricultural support"
AGRI276,"Formation and Promotion of 10,000 FPOs Scheme (Maharashtra Implementation)",FPO Support,Maharashtra,Ahmednagar,FPO Development,Pulses,0.0,2.0,Below ₹5 Lakh/year,Female Only,18,75,Yes,No,No,Need market linkage and aggregation,"Farmers residing in Ahmednagar district of Maharashtra, cultivating Pulses, owning between 0.0 and 2.0 acres of land, registered with the state agriculture portal. Must be a member of a registered FPO/Cooperative.",Up to ₹18 lakh financial support per FPO,60%,"Aadhaar Card, Land ownership document, Bank account details, Caste certificate (where applicable), Farmer registration certificate, Crop details",CSC Center,https://www.sfacindia.com/,"pulses, fpo development, maharashtra farmer, ahmednagar, formation, government subsidy, agricultural support"
AGRI277,"Formation and Promotion of 10,000 FPOs Scheme (West Bengal Implementation)",FPO Support,West Bengal,Nadia,FPO Development,Onion,0.0,20.0,None,Female Only,18,65,Yes,Yes,No,Need market linkage and aggregation,"Farmers residing in Nadia district of West Bengal, cultivating Onion, owning between 0.0 and 20.0 acres of land, registered with the state agriculture portal. Must be a member of a registered FPO/Cooperative. Must adhere to certified organic farming practices.",Up to ₹18 lakh financial support per FPO,Up to ₹2 lakh,"Aadhaar Card, Land ownership document, Bank account details, Caste certificate (where applicable), Farmer registration certificate, Crop details",CSC Center,https://www.sfacindia.com/,"onion, fpo development, west bengal farmer, nadia, formation, government subsidy, agricultural support"
AGRI278,e-NAM - Odisha Cuttack Chapter,State Government,Odisha,Cuttack,Marketing,Grapes,0.0,5.0,Below ₹1.5 Lakh/year,Male & Female,18,60,Yes,No,No,Need market linkage,"Farmers residing in Cuttack district of Odisha, cultivating Grapes, owning between 0.0 and 5.0 acres of land, registered with the state agriculture portal. Must be a member of a registered FPO/Cooperative.",Free access to online trading platform,Full subsidy for soil testing,"Aadhaar Card, Land ownership document, Bank account details",CSC Center,https://www.enam.gov.in/,"grapes, marketing, odisha farmer, cuttack, e-nam, government subsidy, agricultural support"
AGRI279,Sub-Mission on Seeds and Planting Material - Odisha Maize Initiative,Agriculture Department,Odisha,Balasore,Subsidy,Rice,0.0,2.0,Below ₹5 Lakh/year,Male & Female,21,65,No,Yes,No,Need quality seeds,"Farmers residing in Balasore district of Odisha, cultivating Rice, owning between 0.0 and 2.0 acres of land, registered with the state agriculture portal. Must adhere to certified organic farming practices.",50% subsidy on certified seed distribution,40%,"Aadhaar Card, Land ownership document, Bank account details, Caste certificate (where applicable), Farmer registration certificate, Crop details",PM Kisan Portal,State Agriculture Department Portal,"rice, subsidy, odisha farmer, balasore, sub-mission, government subsidy, agricultural support"
AGRI280,SMAM - Karnataka Shimoga Chapter,State Government,Karnataka,Shimoga,Farm Mechanization,Rice,0.0,5.0,Below ₹1.5 Lakh/year,All (Priority for Women),21,60,No,No,No,Need farm machinery,"Farmers residing in Shimoga district of Karnataka, cultivating Rice, owning between 0.0 and 5.0 acres of land, registered with the state agriculture portal.",40% to 50% subsidy on farm implements,Up to ₹1 lakh,"Aadhaar Card, Land ownership document, Bank account details",PM Kisan Portal,https://agrimachinery.nic.in/,"rice, farm mechanization, karnataka farmer, shimoga, smam, government subsidy, agricultural support"
AGRI281,PMFBY (Pradhan Mantri Fasal Bima Yojana) (Telangana Implementation),Central Government,Telangana,Nalgonda,Crop Insurance,Wheat,0.0,20.0,Below ₹2.5 Lakh/year,Female Only,21,75,No,Yes,No,Need crop insurance,"Farmers residing in Nalgonda district of Telangana, cultivating Wheat, owning between 0.0 and 20.0 acres of land, registered with the state agriculture portal. Must adhere to certified organic farming practices.",Premium subsidy up to 90%,Up to ₹2 lakh,"Aadhaar Card, Land ownership document, Bank account details, Caste certificate (where applicable), Farmer registration certificate, Crop details",PM Kisan Portal,https://pmfby.gov.in/,"wheat, crop insurance, telangana farmer, nalgonda, pmfby, government subsidy, agricultural support"
AGRI282,Sub-Mission on Seeds and Planting Material - Kerala Alappuzha Chapter,State Government,Kerala,Alappuzha,Subsidy,Maize,0.0,20.0,Below ₹2.5 Lakh/year,All (Priority for Women),21,70,No,No,No,Need quality seeds,"Farmers residing in Alappuzha district of Kerala, cultivating Maize, owning between 0.0 and 20.0 acres of land, registered with the state agriculture portal.",50% subsidy on certified seed distribution,Premium subsidy up to 90%,"Aadhaar Card, Land ownership document, Bank account details",State Agriculture Department Portal,State Agriculture Department Portal,"maize, subsidy, kerala farmer, alappuzha, sub-mission, government subsidy, agricultural support"
AGRI283,PM-KUSUM - Rajasthan Jodhpur Chapter,State Government,Rajasthan,Jodhpur,Irrigation,Wheat,2.0,10.0,Below ₹1.5 Lakh/year,All,21,65,No,No,Yes,Need irrigation support,"Farmers residing in Jodhpur district of Rajasthan, cultivating Wheat, owning between 2.0 and 10.0 acres of land, registered with the state agriculture portal.",Up to 60% subsidy on solar pump installation,Up to ₹1 lakh,"Aadhaar Card, Land ownership document, Bank account details, Farmer registration certificate, Crop details",State Agriculture Department Portal,https://pmkusum.mnre.gov.in/,"wheat, irrigation, rajasthan farmer, jodhpur, pm-kusum, government subsidy, agricultural support"
AGRI284,Cooperative Agricultural Credit Structure Scheme (Odisha Implementation),Cooperative,Odisha,Ganjam,Credit,Pulses,0.0,5.0,Below ₹5 Lakh/year,Female Only,21,70,Yes,No,No,Need short term crop credit,"Farmers residing in Ganjam district of Odisha, cultivating Pulses, owning between 0.0 and 5.0 acres of land, registered with the state agriculture portal. Must be a member of a registered FPO/Cooperative.",Low interest short term loans,40%,"Aadhaar Card, Land ownership document, Bank account details, Caste certificate (where applicable)",District Agriculture Office,State Agriculture Department Portal,"pulses, credit, odisha farmer, ganjam, cooperative, government subsidy, agricultural support"
AGRI285,PMFBY - Uttar Pradesh Pulses Initiative,Central Government,Uttar Pradesh,Lucknow,Crop Insurance,Maize,0.0,20.0,Below ₹1.5 Lakh/year,Female Only,18,70,No,No,No,Need crop insurance,"Farmers residing in Lucknow district of Uttar Pradesh, cultivating Maize, owning between 0.0 and 20.0 acres of land, registered with the state agriculture portal.",Premium subsidy up to 90%,30%,"Aadhaar Card, Land ownership document, Bank account details, Farmer registration certificate, Crop details",Horticulture Department Office,https://pmfby.gov.in/,"maize, crop insurance, uttar pradesh farmer, lucknow, pmfby, government subsidy, agricultural support"
AGRI286,Kisan Credit Card (KCC) Scheme (Kerala Implementation),NABARD Supported,Kerala,Palakkad,Credit,Soybean,0.0,10.0,None,Female Only,18,60,No,Yes,No,Need financial assistance,"Farmers residing in Palakkad district of Kerala, cultivating Soybean, owning between 0.0 and 10.0 acres of land, registered with the state agriculture portal. Must adhere to certified organic farming practices.",Concessional interest rate at 4%,60%,"Aadhaar Card, Land ownership document, Bank account details, Farmer registration certificate, Crop details",CSC Center,https://www.nabard.org/,"soybean, credit, kerala farmer, palakkad, kisan, government subsidy, agricultural support"
AGRI287,Cooperative Agricultural Credit Structure Scheme (Odisha Implementation),Cooperative,Odisha,Ganjam,Credit,Pulses,0.0,5.0,Below ₹1.5 Lakh/year,All,21,75,No,No,No,Need short term crop credit,"Farmers residing in Ganjam district of Odisha, cultivating Pulses, owning between 0.0 and 5.0 acres of land, registered with the state agriculture portal.",Low interest short term loans,40%,"Aadhaar Card, Land ownership document, Bank account details, Caste certificate (where applicable), Farmer registration certificate, Crop details",Block Development Office,State Agriculture Department Portal,"pulses, credit, odisha farmer, ganjam, cooperative, government subsidy, agricultural support"
AGRI288,PM-KUSUM (Solar Agriculture Pumps Scheme) (Andhra Pradesh Implementation),Central Government,Andhra Pradesh,Krishna,Irrigation,Wheat,1.0,25.0,Below ₹5 Lakh/year,Female Only,21,75,No,No,Yes,Need irrigation support,"Farmers residing in Krishna district of Andhra Pradesh, cultivating Wheat, owning between 1.0 and 25.0 acres of land, registered with the state agriculture portal.",Up to 60% subsidy on solar pump installation,60%,"Aadhaar Card, Land ownership document, Bank account details, Farmer registration certificate, Crop details",NABARD Office,https://pmkusum.mnre.gov.in/,"wheat, irrigation, andhra pradesh farmer, krishna, pm-kusum, government subsidy, agricultural support"
AGRI289,AIF - Kerala Onion Initiative,Central Government,Kerala,Thrissur,Storage,Tomato,2.0,5.0,Below ₹2.5 Lakh/year,Female Only,18,70,Yes,No,No,Need cold storage and infrastructure,"Farmers residing in Thrissur district of Kerala, cultivating Tomato, owning between 2.0 and 5.0 acres of land, registered with the state agriculture portal. Must be a member of a registered FPO/Cooperative.",3% interest subvention up to ₹2 crore,60%,"Aadhaar Card, Land ownership document, Bank account details, Farmer registration certificate, Crop details",NABARD Office,https://agriinfra.dac.gov.in/,"tomato, storage, kerala farmer, thrissur, aif, government subsidy, agricultural support"
AGRI290,Cooperative Agricultural Credit Structure Scheme (Rajasthan Implementation),Cooperative,Rajasthan,Jaipur,Credit,Wheat,0.0,10.0,Below ₹5 Lakh/year,All (Priority for Women),18,70,No,No,No,Need short term crop credit,"Farmers residing in Jaipur district of Rajasthan, cultivating Wheat, owning between 0.0 and 10.0 acres of land, registered with the state agriculture portal.",Low interest short term loans,Up to ₹2 lakh,"Aadhaar Card, Land ownership document, Bank account details, Farmer registration certificate, Crop details",State Agriculture Department Portal,State Agriculture Department Portal,"wheat, credit, rajasthan farmer, jaipur, cooperative, government subsidy, agricultural support"
AGRI291,"Formation and Promotion of 10,000 FPOs Scheme (Assam Implementation)",FPO Support,Assam,Jorhat,FPO Development,Fruits,0.0,2.0,Below ₹5 Lakh/year,All,21,60,Yes,No,No,Need market linkage and aggregation,"Farmers residing in Jorhat district of Assam, cultivating Fruits, owning between 0.0 and 2.0 acres of land, registered with the state agriculture portal. Must be a member of a registered FPO/Cooperative.",Up to ₹18 lakh financial support per FPO,Up to ₹1 lakh,"Aadhaar Card, Land ownership document, Bank account details, Caste certificate (where applicable)",Block Development Office,https://www.sfacindia.com/,"fruits, fpo development, assam farmer, jorhat, formation, government subsidy, agricultural support"
AGRI292,PMKSY (Pradhan Mantri Krishi Sinchayee Yojana) (Bihar Implementation),Central Government,Bihar,Darbhanga,Irrigation,Onion,1.0,5.0,Below ₹5 Lakh/year,All,21,65,No,No,Yes,Need irrigation support,"Farmers residing in Darbhanga district of Bihar, cultivating Onion, owning between 1.0 and 5.0 acres of land, registered with the state agriculture portal.",50% to 55% subsidy on drip/sprinkler,50%,"Aadhaar Card, Land ownership document, Bank account details, Caste certificate (where applicable)",Block Development Office,https://pmksy.gov.in/,"onion, irrigation, bihar farmer, darbhanga, pmksy, government subsidy, agricultural support"
AGRI293,RKVY-RAFTAAR (Rashtriya Krishi Vikas Yojana) (Haryana Implementation),State Government,Haryana,Hisar,Subsidy,Wheat,0.0,5.0,Below ₹5 Lakh/year,All,21,60,No,No,No,Need financial assistance,"Farmers residing in Hisar district of Haryana, cultivating Wheat, owning between 0.0 and 5.0 acres of land, registered with the state agriculture portal.",Up to 50% project cost subsidy,Up to ₹2 lakh,"Aadhaar Card, Land ownership document, Bank account details",District Agriculture Office,State Agriculture Department Portal,"wheat, subsidy, haryana farmer, hisar, rkvy-raftaar, government subsidy, agricultural support"
AGRI294,Soil Health Card Scheme - Assam Cachar Chapter,State Government,Assam,Cachar,Soil Improvement,Soybean,0.0,5.0,Below ₹2.5 Lakh/year,All (Priority for Women),18,70,No,No,No,Need soil health assessment,"Farmers residing in Cachar district of Assam, cultivating Soybean, owning between 0.0 and 5.0 acres of land, registered with the state agriculture portal.",Free soil testing and recommendations,Premium subsidy up to 90%,"Aadhaar Card, Land ownership document, Bank account details, Soil Health Card, Caste certificate (where applicable)",Block Development Office,https://soilhealth.dac.gov.in/,"soybean, soil improvement, assam farmer, cachar, soil, government subsidy, agricultural support"
AGRI295,AIF - Telangana Nalgonda Chapter,State Government,Telangana,Nalgonda,Storage,Grapes,2.0,5.0,Below ₹5 Lakh/year,All (Priority for Women),21,75,Yes,No,No,Need cold storage and infrastructure,"Farmers residing in Nalgonda district of Telangana, cultivating Grapes, owning between 2.0 and 5.0 acres of land, registered with the state agriculture portal. Must be a member of a registered FPO/Cooperative.",3% interest subvention up to ₹2 crore,Up to ₹5 lakh,"Aadhaar Card, Land ownership document, Bank account details, Caste certificate (where applicable)",CSC Center,https://agriinfra.dac.gov.in/,"grapes, storage, telangana farmer, nalgonda, aif, government subsidy, agricultural support"
AGRI296,AIF - Rajasthan Jaipur Chapter,State Government,Rajasthan,Jaipur,Storage,Onion,0.0,25.0,Below ₹2.5 Lakh/year,Female Only,18,70,Yes,No,No,Need cold storage and infrastructure,"Farmers residing in Jaipur district of Rajasthan, cultivating Onion, owning between 0.0 and 25.0 acres of land, registered with the state agriculture portal. Must be a member of a registered FPO/Cooperative.",3% interest subvention up to ₹2 crore,40%,"Aadhaar Card, Land ownership document, Bank account details, Caste certificate (where applicable), Farmer registration certificate, Crop details",FPO Office,https://agriinfra.dac.gov.in/,"onion, storage, rajasthan farmer, jaipur, aif, government subsidy, agricultural support"
AGRI297,MIDH (Mission for Integrated Development of Horticulture) (Uttar Pradesh Implementation),Horticulture Department,Uttar Pradesh,Varanasi,Horticulture,Banana,0.0,5.0,None,Male & Female,18,70,No,No,No,Need horticulture support,"Farmers residing in Varanasi district of Uttar Pradesh, cultivating Banana, owning between 0.0 and 5.0 acres of land, registered with the state agriculture portal.",35% to 50% subsidy on planting material,Premium subsidy up to 90%,"Aadhaar Card, Land ownership document, Bank account details, Caste certificate (where applicable), Farmer registration certificate, Crop details",PM Kisan Portal,https://midh.gov.in/,"banana, horticulture, uttar pradesh farmer, varanasi, midh, government subsidy, agricultural support"
AGRI298,Kisan Credit Card (KCC) Scheme (Odisha Implementation),NABARD Supported,Odisha,Balasore,Credit,Cotton,0.0,2.0,None,Female Only,21,65,No,No,No,Need financial assistance,"Farmers residing in Balasore district of Odisha, cultivating Cotton, owning between 0.0 and 2.0 acres of land, registered with the state agriculture portal.",Concessional interest rate at 4%,Full subsidy for soil testing,"Aadhaar Card, Land ownership document, Bank account details, Caste certificate (where applicable), Farmer registration certificate, Crop details",State Agriculture Department Portal,https://www.nabard.org/,"cotton, credit, odisha farmer, balasore, kisan, government subsidy, agricultural support"
AGRI299,SMAM (Sub-Mission on Agricultural Mechanization) (Uttar Pradesh Implementation),Central Government,Uttar Pradesh,Gorakhpur,Farm Mechanization,Wheat,0.0,5.0,Below ₹5 Lakh/year,Female Only,21,75,No,Yes,No,Need farm machinery,"Farmers residing in Gorakhpur district of Uttar Pradesh, cultivating Wheat, owning between 0.0 and 5.0 acres of land, registered with the state agriculture portal. Must adhere to certified organic farming practices.",40% to 50% subsidy on farm implements,Interest subvention of 3%,"Aadhaar Card, Land ownership document, Bank account details, Caste certificate (where applicable)",CSC Center,https://agrimachinery.nic.in/,"wheat, farm mechanization, uttar pradesh farmer, gorakhpur, smam, government subsidy, agricultural support"
AGRI300,PM-KUSUM (Solar Agriculture Pumps Scheme) (Karnataka Implementation),Central Government,Karnataka,Belagavi,Irrigation,Tomato,0.0,25.0,Below ₹5 Lakh/year,All (Priority for Women),18,70,No,No,Yes,Need irrigation support,"Farmers residing in Belagavi district of Karnataka, cultivating Tomato, owning between 0.0 and 25.0 acres of land, registered with the state agriculture portal.",Up to 60% subsidy on solar pump installation,40%,"Aadhaar Card, Land ownership document, Bank account details",CSC Center,https://pmkusum.mnre.gov.in/,"tomato, irrigation, karnataka farmer, belagavi, pm-kusum, government subsidy, agricultural support"
AGRI301,National Livestock Mission - Bihar Darbhanga Chapter,State Government,Bihar,Darbhanga,Dairy,Dairy,0.0,10.0,Below ₹1.5 Lakh/year,All (Priority for Women),18,65,No,No,No,Need dairy development,"Farmers residing in Darbhanga district of Bihar, cultivating Dairy, owning between 0.0 and 10.0 acres of land, registered with the state agriculture portal.",50% capital subsidy for farm setup,60%,"Aadhaar Card, Land ownership document, Bank account details, Farmer registration certificate, Crop details",District Agriculture Office,https://nlm.udyamimitra.in/,"dairy, dairy, bihar farmer, darbhanga, national, government subsidy, agricultural support"
AGRI302,National Livestock Mission (NLM) - Dairy/Poultry (Rajasthan Implementation),Central Government,Rajasthan,Udaipur,Dairy,Dairy,0.0,5.0,Below ₹5 Lakh/year,All (Priority for Women),18,70,No,No,No,Need dairy development,"Farmers residing in Udaipur district of Rajasthan, cultivating Dairy, owning between 0.0 and 5.0 acres of land, registered with the state agriculture portal.",50% capital subsidy for farm setup,Up to ₹2 lakh,"Aadhaar Card, Land ownership document, Bank account details, Caste certificate (where applicable)",NABARD Office,https://nlm.udyamimitra.in/,"dairy, dairy, rajasthan farmer, udaipur, national, government subsidy, agricultural support"
AGRI303,Soil Health Card Scheme - Uttar Pradesh Lucknow Chapter,State Government,Uttar Pradesh,Lucknow,Soil Improvement,Rice,0.0,10.0,Below ₹2.5 Lakh/year,All (Priority for Women),18,60,No,No,No,Need soil health assessment,"Farmers residing in Lucknow district of Uttar Pradesh, cultivating Rice, owning between 0.0 and 10.0 acres of land, registered with the state agriculture portal.",Free soil testing and recommendations,Up to ₹10 lakh,"Aadhaar Card, Land ownership document, Bank account details, Soil Health Card, Farmer registration certificate, Crop details",FPO Office,https://soilhealth.dac.gov.in/,"rice, soil improvement, uttar pradesh farmer, lucknow, soil, government subsidy, agricultural support"
AGRI304,SMAM - Odisha Rice Initiative,Central Government,Odisha,Puri,Farm Mechanization,Wheat,1.0,5.0,Below ₹5 Lakh/year,Male & Female,18,65,No,Yes,No,Need farm machinery,"Farmers residing in Puri district of Odisha, cultivating Wheat, owning between 1.0 and 5.0 acres of land, registered with the state agriculture portal. Must adhere to certified organic farming practices.",40% to 50% subsidy on farm implements,Up to ₹5 lakh,"Aadhaar Card, Land ownership document, Bank account details, Farmer registration certificate, Crop details",FPO Office,https://agrimachinery.nic.in/,"wheat, farm mechanization, odisha farmer, puri, smam, government subsidy, agricultural support"
AGRI305,RKVY-RAFTAAR - Bihar Maize Initiative,State Government,Bihar,Bhagalpur,Subsidy,Millet,0.0,10.0,Below ₹1.5 Lakh/year,All,18,75,No,No,No,Need financial assistance,"Farmers residing in Bhagalpur district of Bihar, cultivating Millet, owning between 0.0 and 10.0 acres of land, registered with the state agriculture portal.",Up to 50% project cost subsidy,60%,"Aadhaar Card, Land ownership document, Bank account details, Farmer registration certificate, Crop details",PM Kisan Portal,State Agriculture Department Portal,"millet, subsidy, bihar farmer, bhagalpur, rkvy-raftaar, government subsidy, agricultural support"
AGRI306,Cooperative Agricultural Credit Structure Scheme (Odisha Implementation),Cooperative,Odisha,Sambalpur,Credit,Wheat,0.0,10.0,Below ₹1.5 Lakh/year,Male & Female,21,70,No,No,No,Need short term crop credit,"Farmers residing in Sambalpur district of Odisha, cultivating Wheat, owning between 0.0 and 10.0 acres of land, registered with the state agriculture portal.",Low interest short term loans,Premium subsidy up to 90%,"Aadhaar Card, Land ownership document, Bank account details",District Agriculture Office,State Agriculture Department Portal,"wheat, credit, odisha farmer, sambalpur, cooperative, government subsidy, agricultural support"
AGRI307,RKVY-RAFTAAR - Kerala Vegetables Initiative,State Government,Kerala,Palakkad,Subsidy,Maize,0.0,5.0,Below ₹1.5 Lakh/year,Male & Female,21,75,Yes,No,No,Need financial assistance,"Farmers residing in Palakkad district of Kerala, cultivating Maize, owning between 0.0 and 5.0 acres of land, registered with the state agriculture portal. Must be a member of a registered FPO/Cooperative.",Up to 50% project cost subsidy,Full subsidy for soil testing,"Aadhaar Card, Land ownership document, Bank account details",State Agriculture Department Portal,State Agriculture Department Portal,"maize, subsidy, kerala farmer, palakkad, rkvy-raftaar, government subsidy, agricultural support"
AGRI308,e-NAM - Andhra Pradesh Onion Initiative,Central Government,Andhra Pradesh,Krishna,Marketing,Pulses,0.0,20.0,Below ₹5 Lakh/year,All,21,65,Yes,No,No,Need market linkage,"Farmers residing in Krishna district of Andhra Pradesh, cultivating Pulses, owning between 0.0 and 20.0 acres of land, registered with the state agriculture portal. Must be a member of a registered FPO/Cooperative.",Free access to online trading platform,Up to ₹2 lakh,"Aadhaar Card, Land ownership document, Bank account details, Caste certificate (where applicable), Farmer registration certificate, Crop details",FPO Office,https://www.enam.gov.in/,"pulses, marketing, andhra pradesh farmer, krishna, e-nam, government subsidy, agricultural support"
AGRI309,Horticulture Cluster Development Program - Rajasthan Onion Initiative,Horticulture Department,Rajasthan,Ganganagar,Horticulture,Mango,0.0,10.0,Below ₹5 Lakh/year,Male & Female,21,65,Yes,No,No,Need cluster infrastructure,"Farmers residing in Ganganagar district of Rajasthan, cultivating Mango, owning between 0.0 and 10.0 acres of land, registered with the state agriculture portal. Must be a member of a registered FPO/Cooperative.",Up to ₹50 lakh grant for post-harvest support,60%,"Aadhaar Card, Land ownership document, Bank account details, Caste certificate (where applicable)",PM Kisan Portal,https://midh.gov.in/,"mango, horticulture, rajasthan farmer, ganganagar, horticulture, government subsidy, agricultural support"
AGRI310,RKVY-RAFTAAR - Assam Millet Initiative,State Government,Assam,Sonitpur,Subsidy,Wheat,0.0,5.0,Below ₹1.5 Lakh/year,Male & Female,21,75,Yes,No,No,Need financial assistance,"Farmers residing in Sonitpur district of Assam, cultivating Wheat, owning between 0.0 and 5.0 acres of land, registered with the state agriculture portal. Must be a member of a registered FPO/Cooperative.",Up to 50% project cost subsidy,60%,"Aadhaar Card, Land ownership document, Bank account details, Farmer registration certificate, Crop details",CSC Center,State Agriculture Department Portal,"wheat, subsidy, assam farmer, sonitpur, rkvy-raftaar, government subsidy, agricultural support"
AGRI311,PMFBY - Madhya Pradesh Ujjain Chapter,State Government,Madhya Pradesh,Ujjain,Crop Insurance,Cotton,0.0,2.0,Below ₹2.5 Lakh/year,All,21,70,No,Yes,No,Need crop insurance,"Farmers residing in Ujjain district of Madhya Pradesh, cultivating Cotton, owning between 0.0 and 2.0 acres of land, registered with the state agriculture portal. Must adhere to certified organic farming practices.",Premium subsidy up to 90%,Up to ₹2 lakh,"Aadhaar Card, Land ownership document, Bank account details, Farmer registration certificate, Crop details",NABARD Office,https://pmfby.gov.in/,"cotton, crop insurance, madhya pradesh farmer, ujjain, pmfby, government subsidy, agricultural support"
AGRI312,Fisheries Infrastructure Development Fund (FIDF) (Madhya Pradesh Implementation),NABARD Supported,Madhya Pradesh,Dewas,Fisheries,Fisheries,0.0,2.0,Below ₹5 Lakh/year,Female Only,21,75,No,No,No,Need fisheries storage and market access,"Farmers residing in Dewas district of Madhya Pradesh, cultivating Fisheries, owning between 0.0 and 2.0 acres of land, registered with the state agriculture portal.",Interest subvention up to 3%,Up to ₹10 lakh,"Aadhaar Card, Land ownership document, Bank account details, Caste certificate (where applicable), Farmer registration certificate, Crop details",State Agriculture Department Portal,https://nabard.org/,"fisheries, fisheries, madhya pradesh farmer, dewas, fisheries, government subsidy, agricultural support"
AGRI313,e-NAM - Andhra Pradesh Tomato Initiative,Central Government,Andhra Pradesh,Anantapur,Marketing,Soybean,0.0,2.0,None,All,21,70,Yes,No,No,Need market linkage,"Farmers residing in Anantapur district of Andhra Pradesh, cultivating Soybean, owning between 0.0 and 2.0 acres of land, registered with the state agriculture portal. Must be a member of a registered FPO/Cooperative.",Free access to online trading platform,Up to ₹1 lakh,"Aadhaar Card, Land ownership document, Bank account details, Caste certificate (where applicable)",FPO Office,https://www.enam.gov.in/,"soybean, marketing, andhra pradesh farmer, anantapur, e-nam, government subsidy, agricultural support"
AGRI314,Soil Health Card Scheme (Assam Implementation),Agriculture Department,Assam,Cachar,Soil Improvement,Wheat,0.0,5.0,Below ₹5 Lakh/year,All (Priority for Women),18,60,Yes,No,No,Need soil health assessment,"Farmers residing in Cachar district of Assam, cultivating Wheat, owning between 0.0 and 5.0 acres of land, registered with the state agriculture portal. Must be a member of a registered FPO/Cooperative.",Free soil testing and recommendations,40%,"Aadhaar Card, Land ownership document, Bank account details, Soil Health Card, Farmer registration certificate, Crop details",Block Development Office,https://soilhealth.dac.gov.in/,"wheat, soil improvement, assam farmer, cachar, soil, government subsidy, agricultural support"
AGRI315,National Livestock Mission - Punjab Amritsar Chapter,State Government,Punjab,Amritsar,Dairy,Dairy,0.0,2.0,Below ₹2.5 Lakh/year,Female Only,21,60,No,No,No,Need dairy development,"Farmers residing in Amritsar district of Punjab, cultivating Dairy, owning between 0.0 and 2.0 acres of land, registered with the state agriculture portal.",50% capital subsidy for farm setup,Up to ₹1 lakh,"Aadhaar Card, Land ownership document, Bank account details, Farmer registration certificate, Crop details",FPO Office,https://nlm.udyamimitra.in/,"dairy, dairy, punjab farmer, amritsar, national, government subsidy, agricultural support"
AGRI316,"Formation and Promotion of 10,000 FPOs Scheme - Odisha Pulses Initiative",FPO Support,Odisha,Sambalpur,FPO Development,Pulses,0.0,10.0,Below ₹5 Lakh/year,Male & Female,21,60,Yes,No,No,Need market linkage and aggregation,"Farmers residing in Sambalpur district of Odisha, cultivating Pulses, owning between 0.0 and 10.0 acres of land, registered with the state agriculture portal. Must be a member of a registered FPO/Cooperative.",Up to ₹18 lakh financial support per FPO,Up to ₹5 lakh,"Aadhaar Card, Land ownership document, Bank account details, Caste certificate (where applicable), Farmer registration certificate, Crop details",FPO Office,https://www.sfacindia.com/,"pulses, fpo development, odisha farmer, sambalpur, formation, government subsidy, agricultural support"
AGRI317,RKVY-RAFTAAR - West Bengal Maize Initiative,State Government,West Bengal,Burdwan,Subsidy,Maize,0.0,10.0,None,All (Priority for Women),21,70,Yes,No,No,Need financial assistance,"Farmers residing in Burdwan district of West Bengal, cultivating Maize, owning between 0.0 and 10.0 acres of land, registered with the state agriculture portal. Must be a member of a registered FPO/Cooperative.",Up to 50% project cost subsidy,30%,"Aadhaar Card, Land ownership document, Bank account details, Caste certificate (where applicable), Farmer registration certificate, Crop details",District Agriculture Office,State Agriculture Department Portal,"maize, subsidy, west bengal farmer, burdwan, rkvy-raftaar, government subsidy, agricultural support"
AGRI318,Horticulture Cluster Development Program (CDP) (Odisha Implementation),Horticulture Department,Odisha,Ganjam,Horticulture,Fruits,0.0,10.0,None,Female Only,21,60,No,No,No,Need cluster infrastructure,"Farmers residing in Ganjam district of Odisha, cultivating Fruits, owning between 0.0 and 10.0 acres of land, registered with the state agriculture portal.",Up to ₹50 lakh grant for post-harvest support,Up to ₹5 lakh,"Aadhaar Card, Land ownership document, Bank account details, Farmer registration certificate, Crop details",NABARD Office,https://midh.gov.in/,"fruits, horticulture, odisha farmer, ganjam, horticulture, government subsidy, agricultural support"
AGRI319,SMAM (Sub-Mission on Agricultural Mechanization) (Gujarat Implementation),Central Government,Gujarat,Junagadh,Farm Mechanization,Wheat,1.0,25.0,None,Male & Female,18,65,No,No,No,Need farm machinery,"Farmers residing in Junagadh district of Gujarat, cultivating Wheat, owning between 1.0 and 25.0 acres of land, registered with the state agriculture portal.",40% to 50% subsidy on farm implements,Up to ₹10 lakh,"Aadhaar Card, Land ownership document, Bank account details, Caste certificate (where applicable), Farmer registration certificate, Crop details",State Agriculture Department Portal,https://agrimachinery.nic.in/,"wheat, farm mechanization, gujarat farmer, junagadh, smam, government subsidy, agricultural support"
AGRI320,PM-KUSUM (Solar Agriculture Pumps Scheme) (Rajasthan Implementation),Central Government,Rajasthan,Ganganagar,Irrigation,Onion,2.0,5.0,None,Female Only,18,60,No,No,Yes,Need irrigation support,"Farmers residing in Ganganagar district of Rajasthan, cultivating Onion, owning between 2.0 and 5.0 acres of land, registered with the state agriculture portal.",Up to 60% subsidy on solar pump installation,40%,"Aadhaar Card, Land ownership document, Bank account details",NABARD Office,https://pmkusum.mnre.gov.in/,"onion, irrigation, rajasthan farmer, ganganagar, pm-kusum, government subsidy, agricultural support"
AGRI321,PM-KISAN - Tamil Nadu Madurai Chapter,State Government,Tamil Nadu,Madurai,Credit,Wheat,0.0,10.0,Below ₹5 Lakh/year,Female Only,21,60,No,No,No,Need credit support,"Farmers residing in Madurai district of Tamil Nadu, cultivating Wheat, owning between 0.0 and 10.0 acres of land, registered with the state agriculture portal.","₹6,000 per year in 3 installments",40%,"Aadhaar Card, Land ownership document, Bank account details, Caste certificate (where applicable)",State Agriculture Department Portal,https://pmkisan.gov.in/,"wheat, credit, tamil nadu farmer, madurai, pm-kisan, government subsidy, agricultural support"
AGRI322,MIDH - Telangana Fruits Initiative,Horticulture Department,Telangana,Nizamabad,Horticulture,Vegetables,0.0,5.0,None,Female Only,21,75,Yes,Yes,No,Need horticulture support,"Farmers residing in Nizamabad district of Telangana, cultivating Vegetables, owning between 0.0 and 5.0 acres of land, registered with the state agriculture portal. Must be a member of a registered FPO/Cooperative. Must adhere to certified organic farming practices.",35% to 50% subsidy on planting material,Interest subvention of 3%,"Aadhaar Card, Land ownership document, Bank account details, Caste certificate (where applicable), Farmer registration certificate, Crop details",State Agriculture Department Portal,https://midh.gov.in/,"vegetables, horticulture, telangana farmer, nizamabad, midh, government subsidy, agricultural support"
AGRI323,National Livestock Mission (NLM) - Dairy/Poultry (Odisha Implementation),Central Government,Odisha,Ganjam,Dairy,Dairy,0.0,10.0,Below ₹5 Lakh/year,Female Only,18,60,No,No,No,Need dairy development,"Farmers residing in Ganjam district of Odisha, cultivating Dairy, owning between 0.0 and 10.0 acres of land, registered with the state agriculture portal.",50% capital subsidy for farm setup,Up to ₹5 lakh,"Aadhaar Card, Land ownership document, Bank account details, Farmer registration certificate, Crop details",Horticulture Department Office,https://nlm.udyamimitra.in/,"dairy, dairy, odisha farmer, ganjam, national, government subsidy, agricultural support"
AGRI324,PMKSY (Pradhan Mantri Krishi Sinchayee Yojana) (Kerala Implementation),Central Government,Kerala,Idukki,Irrigation,Cotton,1.0,5.0,Below ₹2.5 Lakh/year,All (Priority for Women),21,70,No,No,Yes,Need irrigation support,"Farmers residing in Idukki district of Kerala, cultivating Cotton, owning between 1.0 and 5.0 acres of land, registered with the state agriculture portal.",50% to 55% subsidy on drip/sprinkler,Interest subvention of 3%,"Aadhaar Card, Land ownership document, Bank account details, Caste certificate (where applicable)",FPO Office,https://pmksy.gov.in/,"cotton, irrigation, kerala farmer, idukki, pmksy, government subsidy, agricultural support"
AGRI325,RKVY-RAFTAAR - Assam Millet Initiative,State Government,Assam,Kamrup,Subsidy,Millet,0.0,5.0,Below ₹5 Lakh/year,Female Only,18,60,No,No,No,Need financial assistance,"Farmers residing in Kamrup district of Assam, cultivating Millet, owning between 0.0 and 5.0 acres of land, registered with the state agriculture portal.",Up to 50% project cost subsidy,40%,"Aadhaar Card, Land ownership document, Bank account details, Caste certificate (where applicable)",NABARD Office,State Agriculture Department Portal,"millet, subsidy, assam farmer, kamrup, rkvy-raftaar, government subsidy, agricultural support"
AGRI326,Cooperative Agricultural Credit Structure Scheme - Kerala Wheat Initiative,Cooperative,Kerala,Thrissur,Credit,Pulses,0.0,5.0,Below ₹1.5 Lakh/year,Male & Female,18,70,No,No,No,Need short term crop credit,"Farmers residing in Thrissur district of Kerala, cultivating Pulses, owning between 0.0 and 5.0 acres of land, registered with the state agriculture portal.",Low interest short term loans,Up to ₹2 lakh,"Aadhaar Card, Land ownership document, Bank account details, Farmer registration certificate, Crop details",FPO Office,State Agriculture Department Portal,"pulses, credit, kerala farmer, thrissur, cooperative, government subsidy, agricultural support"
AGRI327,Cooperative Agricultural Credit Structure Scheme - Bihar Sugarcane Initiative,Cooperative,Bihar,Gaya,Credit,Pulses,0.0,20.0,None,Male & Female,21,60,No,No,No,Need short term crop credit,"Farmers residing in Gaya district of Bihar, cultivating Pulses, owning between 0.0 and 20.0 acres of land, registered with the state agriculture portal.",Low interest short term loans,Up to ₹2 lakh,"Aadhaar Card, Land ownership document, Bank account details, Caste certificate (where applicable), Farmer registration certificate, Crop details",Block Development Office,State Agriculture Department Portal,"pulses, credit, bihar farmer, gaya, cooperative, government subsidy, agricultural support"
AGRI328,"Formation and Promotion of 10,000 FPOs Scheme (Assam Implementation)",FPO Support,Assam,Kamrup,FPO Development,Millet,0.0,2.0,Below ₹2.5 Lakh/year,All (Priority for Women),21,70,Yes,No,No,Need market linkage and aggregation,"Farmers residing in Kamrup district of Assam, cultivating Millet, owning between 0.0 and 2.0 acres of land, registered with the state agriculture portal. Must be a member of a registered FPO/Cooperative.",Up to ₹18 lakh financial support per FPO,Premium subsidy up to 90%,"Aadhaar Card, Land ownership document, Bank account details, Farmer registration certificate, Crop details",FPO Office,https://www.sfacindia.com/,"millet, fpo development, assam farmer, kamrup, formation, government subsidy, agricultural support"
AGRI329,ATMA (Agricultural Technology Management Agency) Scheme (Tamil Nadu Implementation),Agriculture Department,Tamil Nadu,Salem,Skill Development,Rice,0.0,2.0,Below ₹1.5 Lakh/year,All (Priority for Women),21,60,No,No,Yes,Need technical training and guidance,"Farmers residing in Salem district of Tamil Nadu, cultivating Rice, owning between 0.0 and 2.0 acres of land, registered with the state agriculture portal.","Free training, exposure visits, and demonstrations",Full subsidy for soil testing,"Aadhaar Card, Land ownership document, Bank account details",State Agriculture Department Portal,State Agriculture Department Portal,"rice, skill development, tamil nadu farmer, salem, atma, government subsidy, agricultural support"
AGRI330,ATMA (Agricultural Technology Management Agency) Scheme (Maharashtra Implementation),Agriculture Department,Maharashtra,Ahmednagar,Skill Development,Fruits,0.0,10.0,Below ₹1.5 Lakh/year,Male & Female,21,75,No,No,No,Need technical training and guidance,"Farmers residing in Ahmednagar district of Maharashtra, cultivating Fruits, owning between 0.0 and 10.0 acres of land, registered with the state agriculture portal.","Free training, exposure visits, and demonstrations",Up to ₹5 lakh,"Aadhaar Card, Land ownership document, Bank account details, Caste certificate (where applicable)",FPO Office,State Agriculture Department Portal,"fruits, skill development, maharashtra farmer, ahmednagar, atma, government subsidy, agricultural support"
AGRI331,National Livestock Mission (NLM) - Dairy/Poultry (Rajasthan Implementation),Central Government,Rajasthan,Kota,Dairy,Dairy,0.0,2.0,None,All,18,75,No,No,No,Need dairy development,"Farmers residing in Kota district of Rajasthan, cultivating Dairy, owning between 0.0 and 2.0 acres of land, registered with the state agriculture portal.",50% capital subsidy for farm setup,50%,"Aadhaar Card, Land ownership document, Bank account details, Caste certificate (where applicable)",Block Development Office,https://nlm.udyamimitra.in/,"dairy, dairy, rajasthan farmer, kota, national, government subsidy, agricultural support"
AGRI332,RKVY-RAFTAAR (Rashtriya Krishi Vikas Yojana) (West Bengal Implementation),State Government,West Bengal,North 24 Parganas,Subsidy,Vegetables,0.0,20.0,Below ₹1.5 Lakh/year,Female Only,18,65,No,Yes,No,Need financial assistance,"Farmers residing in North 24 Parganas district of West Bengal, cultivating Vegetables, owning between 0.0 and 20.0 acres of land, registered with the state agriculture portal. Must adhere to certified organic farming practices.",Up to 50% project cost subsidy,Up to ₹5 lakh,"Aadhaar Card, Land ownership document, Bank account details, Farmer registration certificate, Crop details",NABARD Office,State Agriculture Department Portal,"vegetables, subsidy, west bengal farmer, north 24 parganas, rkvy-raftaar, government subsidy, agricultural support"
AGRI333,National Livestock Mission (NLM) - Dairy/Poultry (Telangana Implementation),Central Government,Telangana,Warangal,Dairy,Dairy,0.0,2.0,Below ₹1.5 Lakh/year,All,18,70,No,Yes,No,Need dairy development,"Farmers residing in Warangal district of Telangana, cultivating Dairy, owning between 0.0 and 2.0 acres of land, registered with the state agriculture portal. Must adhere to certified organic farming practices.",50% capital subsidy for farm setup,Premium subsidy up to 90%,"Aadhaar Card, Land ownership document, Bank account details, Caste certificate (where applicable), Farmer registration certificate, Crop details",State Agriculture Department Portal,https://nlm.udyamimitra.in/,"dairy, dairy, telangana farmer, warangal, national, government subsidy, agricultural support"
AGRI334,Cooperative Agricultural Credit Structure Scheme (Tamil Nadu Implementation),Cooperative,Tamil Nadu,Tiruchirappalli,Credit,Potato,0.0,2.0,Below ₹1.5 Lakh/year,Male & Female,21,70,No,No,No,Need short term crop credit,"Farmers residing in Tiruchirappalli district of Tamil Nadu, cultivating Potato, owning between 0.0 and 2.0 acres of land, registered with the state agriculture portal.",Low interest short term loans,75%,"Aadhaar Card, Land ownership document, Bank account details, Caste certificate (where applicable), Farmer registration certificate, Crop details",NABARD Office,State Agriculture Department Portal,"potato, credit, tamil nadu farmer, tiruchirappalli, cooperative, government subsidy, agricultural support"
AGRI335,Horticulture Cluster Development Program (CDP) (Karnataka Implementation),Horticulture Department,Karnataka,Belagavi,Horticulture,Onion,0.0,10.0,None,Female Only,21,60,Yes,Yes,No,Need cluster infrastructure,"Farmers residing in Belagavi district of Karnataka, cultivating Onion, owning between 0.0 and 10.0 acres of land, registered with the state agriculture portal. Must be a member of a registered FPO/Cooperative. Must adhere to certified organic farming practices.",Up to ₹50 lakh grant for post-harvest support,75%,"Aadhaar Card, Land ownership document, Bank account details, Caste certificate (where applicable)",NABARD Office,https://midh.gov.in/,"onion, horticulture, karnataka farmer, belagavi, horticulture, government subsidy, agricultural support"
AGRI336,e-NAM - Maharashtra Nagpur Chapter,State Government,Maharashtra,Nagpur,Marketing,Tomato,0.0,5.0,Below ₹1.5 Lakh/year,Female Only,18,70,Yes,No,No,Need market linkage,"Farmers residing in Nagpur district of Maharashtra, cultivating Tomato, owning between 0.0 and 5.0 acres of land, registered with the state agriculture portal. Must be a member of a registered FPO/Cooperative.",Free access to online trading platform,60%,"Aadhaar Card, Land ownership document, Bank account details",PM Kisan Portal,https://www.enam.gov.in/,"tomato, marketing, maharashtra farmer, nagpur, e-nam, government subsidy, agricultural support"
AGRI337,"Formation and Promotion of 10,000 FPOs Scheme (Haryana Implementation)",FPO Support,Haryana,Hisar,FPO Development,Tomato,0.0,20.0,Below ₹1.5 Lakh/year,All (Priority for Women),21,65,Yes,No,No,Need market linkage and aggregation,"Farmers residing in Hisar district of Haryana, cultivating Tomato, owning between 0.0 and 20.0 acres of land, registered with the state agriculture portal. Must be a member of a registered FPO/Cooperative.",Up to ₹18 lakh financial support per FPO,Full subsidy for soil testing,"Aadhaar Card, Land ownership document, Bank account details, Farmer registration certificate, Crop details",NABARD Office,https://www.sfacindia.com/,"tomato, fpo development, haryana farmer, hisar, formation, government subsidy, agricultural support"
AGRI338,PMKSY (Pradhan Mantri Krishi Sinchayee Yojana) (Punjab Implementation),Central Government,Punjab,Bhatinda,Irrigation,Cotton,2.0,25.0,Below ₹2.5 Lakh/year,Male & Female,21,75,No,No,Yes,Need irrigation support,"Farmers residing in Bhatinda district of Punjab, cultivating Cotton, owning between 2.0 and 25.0 acres of land, registered with the state agriculture portal.",50% to 55% subsidy on drip/sprinkler,Up to ₹2 lakh,"Aadhaar Card, Land ownership document, Bank account details, Caste certificate (where applicable)",Horticulture Department Office,https://pmksy.gov.in/,"cotton, irrigation, punjab farmer, bhatinda, pmksy, government subsidy, agricultural support"
AGRI339,Pradhan Mantri Matsya Sampada Yojana - Andhra Pradesh Fisheries Initiative,Central Government,Andhra Pradesh,Anantapur,Fisheries,Fisheries,0.0,10.0,Below ₹5 Lakh/year,Female Only,21,60,No,No,No,Need aquaculture development,"Farmers residing in Anantapur district of Andhra Pradesh, cultivating Fisheries, owning between 0.0 and 10.0 acres of land, registered with the state agriculture portal.",40% to 60% subsidy on fishery inputs,Up to ₹5 lakh,"Aadhaar Card, Land ownership document, Bank account details",CSC Center,https://pmmsy.dof.gov.in/,"fisheries, fisheries, andhra pradesh farmer, anantapur, pradhan, government subsidy, agricultural support"
AGRI340,PM-KUSUM - Andhra Pradesh Krishna Chapter,State Government,Andhra Pradesh,Krishna,Irrigation,Rice,2.0,5.0,None,All,21,60,No,No,Yes,Need irrigation support,"Farmers residing in Krishna district of Andhra Pradesh, cultivating Rice, owning between 2.0 and 5.0 acres of land, registered with the state agriculture portal.",Up to 60% subsidy on solar pump installation,Up to ₹1 lakh,"Aadhaar Card, Land ownership document, Bank account details, Caste certificate (where applicable), Farmer registration certificate, Crop details",CSC Center,https://pmkusum.mnre.gov.in/,"rice, irrigation, andhra pradesh farmer, krishna, pm-kusum, government subsidy, agricultural support"
AGRI341,PMFBY - Maharashtra Latur Chapter,State Government,Maharashtra,Latur,Crop Insurance,Pulses,0.0,5.0,None,All,18,65,No,No,No,Need crop insurance,"Farmers residing in Latur district of Maharashtra, cultivating Pulses, owning between 0.0 and 5.0 acres of land, registered with the state agriculture portal.",Premium subsidy up to 90%,Interest subvention of 3%,"Aadhaar Card, Land ownership document, Bank account details",State Agriculture Department Portal,https://pmfby.gov.in/,"pulses, crop insurance, maharashtra farmer, latur, pmfby, government subsidy, agricultural support"
AGRI342,SMAM (Sub-Mission on Agricultural Mechanization) (Karnataka Implementation),Central Government,Karnataka,Mysuru,Farm Mechanization,Sugarcane,1.0,10.0,Below ₹5 Lakh/year,Female Only,18,60,No,Yes,No,Need farm machinery,"Farmers residing in Mysuru district of Karnataka, cultivating Sugarcane, owning between 1.0 and 10.0 acres of land, registered with the state agriculture portal. Must adhere to certified organic farming practices.",40% to 50% subsidy on farm implements,30%,"Aadhaar Card, Land ownership document, Bank account details, Caste certificate (where applicable)",District Agriculture Office,https://agrimachinery.nic.in/,"sugarcane, farm mechanization, karnataka farmer, mysuru, smam, government subsidy, agricultural support"
AGRI343,RKVY-RAFTAAR - Haryana Millet Initiative,State Government,Haryana,Sirsa,Subsidy,Wheat,0.0,20.0,None,All (Priority for Women),21,65,No,No,No,Need financial assistance,"Farmers residing in Sirsa district of Haryana, cultivating Wheat, owning between 0.0 and 20.0 acres of land, registered with the state agriculture portal.",Up to 50% project cost subsidy,Up to ₹5 lakh,"Aadhaar Card, Land ownership document, Bank account details, Farmer registration certificate, Crop details",State Agriculture Department Portal,State Agriculture Department Portal,"wheat, subsidy, haryana farmer, sirsa, rkvy-raftaar, government subsidy, agricultural support"
AGRI344,Kisan Credit Card (KCC) Scheme (Karnataka Implementation),NABARD Supported,Karnataka,Davangere,Credit,Sugarcane,0.0,2.0,None,Male & Female,21,65,No,No,No,Need financial assistance,"Farmers residing in Davangere district of Karnataka, cultivating Sugarcane, owning between 0.0 and 2.0 acres of land, registered with the state agriculture portal.",Concessional interest rate at 4%,Up to ₹10 lakh,"Aadhaar Card, Land ownership document, Bank account details",Horticulture Department Office,https://www.nabard.org/,"sugarcane, credit, karnataka farmer, davangere, kisan, government subsidy, agricultural support"
AGRI345,National Livestock Mission - Odisha Dairy Initiative,Central Government,Odisha,Cuttack,Dairy,Dairy,0.0,10.0,Below ₹5 Lakh/year,Female Only,21,60,No,No,No,Need dairy development,"Farmers residing in Cuttack district of Odisha, cultivating Dairy, owning between 0.0 and 10.0 acres of land, registered with the state agriculture portal.",50% capital subsidy for farm setup,40%,"Aadhaar Card, Land ownership document, Bank account details, Caste certificate (where applicable)",FPO Office,https://nlm.udyamimitra.in/,"dairy, dairy, odisha farmer, cuttack, national, government subsidy, agricultural support"
AGRI346,Kisan Credit Card - Kerala Rice Initiative,NABARD Supported,Kerala,Idukki,Credit,Soybean,0.0,5.0,Below ₹5 Lakh/year,Male & Female,18,70,No,No,No,Need financial assistance,"Farmers residing in Idukki district of Kerala, cultivating Soybean, owning between 0.0 and 5.0 acres of land, registered with the state agriculture portal.",Concessional interest rate at 4%,Up to ₹5 lakh,"Aadhaar Card, Land ownership document, Bank account details, Farmer registration certificate, Crop details",CSC Center,https://www.nabard.org/,"soybean, credit, kerala farmer, idukki, kisan, government subsidy, agricultural support"
AGRI347,PM-KISAN - Bihar Bhagalpur Chapter,State Government,Bihar,Bhagalpur,Credit,Potato,0.0,10.0,Below ₹1.5 Lakh/year,Male & Female,18,60,No,No,No,Need credit support,"Farmers residing in Bhagalpur district of Bihar, cultivating Potato, owning between 0.0 and 10.0 acres of land, registered with the state agriculture portal.","₹6,000 per year in 3 installments",Full subsidy for soil testing,"Aadhaar Card, Land ownership document, Bank account details, Caste certificate (where applicable), Farmer registration certificate, Crop details",Horticulture Department Office,https://pmkisan.gov.in/,"potato, credit, bihar farmer, bhagalpur, pm-kisan, government subsidy, agricultural support"
AGRI348,Cooperative Agricultural Credit Structure Scheme - Rajasthan Sugarcane Initiative,Cooperative,Rajasthan,Udaipur,Credit,Wheat,0.0,20.0,None,Male & Female,18,65,No,No,No,Need short term crop credit,"Farmers residing in Udaipur district of Rajasthan, cultivating Wheat, owning between 0.0 and 20.0 acres of land, registered with the state agriculture portal.",Low interest short term loans,50%,"Aadhaar Card, Land ownership document, Bank account details",State Agriculture Department Portal,State Agriculture Department Portal,"wheat, credit, rajasthan farmer, udaipur, cooperative, government subsidy, agricultural support"
AGRI349,RKVY-RAFTAAR (Rashtriya Krishi Vikas Yojana) (Madhya Pradesh Implementation),State Government,Madhya Pradesh,Jabalpur,Subsidy,Rice,0.0,20.0,Below ₹2.5 Lakh/year,All,18,75,No,No,No,Need financial assistance,"Farmers residing in Jabalpur district of Madhya Pradesh, cultivating Rice, owning between 0.0 and 20.0 acres of land, registered with the state agriculture portal.",Up to 50% project cost subsidy,Up to ₹2 lakh,"Aadhaar Card, Land ownership document, Bank account details, Caste certificate (where applicable)",District Agriculture Office,State Agriculture Department Portal,"rice, subsidy, madhya pradesh farmer, jabalpur, rkvy-raftaar, government subsidy, agricultural support"
AGRI350,"Formation and Promotion of 10,000 FPOs Scheme (Uttar Pradesh Implementation)",FPO Support,Uttar Pradesh,Lucknow,FPO Development,Soybean,0.0,10.0,Below ₹2.5 Lakh/year,Male & Female,18,70,Yes,No,No,Need market linkage and aggregation,"Farmers residing in Lucknow district of Uttar Pradesh, cultivating Soybean, owning between 0.0 and 10.0 acres of land, registered with the state agriculture portal. Must be a member of a registered FPO/Cooperative.",Up to ₹18 lakh financial support per FPO,Up to ₹5 lakh,"Aadhaar Card, Land ownership document, Bank account details, Caste certificate (where applicable)",District Agriculture Office,https://www.sfacindia.com/,"soybean, fpo development, uttar pradesh farmer, lucknow, formation, government subsidy, agricultural support"
AGRI351,PMKSY - Odisha Ganjam Chapter,State Government,Odisha,Ganjam,Irrigation,Cotton,0.0,5.0,None,All (Priority for Women),18,70,No,No,Yes,Need irrigation support,"Farmers residing in Ganjam district of Odisha, cultivating Cotton, owning between 0.0 and 5.0 acres of land, registered with the state agriculture portal.",50% to 55% subsidy on drip/sprinkler,Up to ₹5 lakh,"Aadhaar Card, Land ownership document, Bank account details, Farmer registration certificate, Crop details",NABARD Office,https://pmksy.gov.in/,"cotton, irrigation, odisha farmer, ganjam, pmksy, government subsidy, agricultural support"
AGRI352,PM-KUSUM - Kerala Thrissur Chapter,State Government,Kerala,Thrissur,Irrigation,Sugarcane,2.0,25.0,None,All (Priority for Women),21,60,No,No,Yes,Need irrigation support,"Farmers residing in Thrissur district of Kerala, cultivating Sugarcane, owning between 2.0 and 25.0 acres of land, registered with the state agriculture portal.",Up to 60% subsidy on solar pump installation,Up to ₹1 lakh,"Aadhaar Card, Land ownership document, Bank account details",CSC Center,https://pmkusum.mnre.gov.in/,"sugarcane, irrigation, kerala farmer, thrissur, pm-kusum, government subsidy, agricultural support"
AGRI353,PMKSY - Gujarat Vadodara Chapter,State Government,Gujarat,Vadodara,Irrigation,Tomato,2.0,25.0,Below ₹2.5 Lakh/year,Male & Female,18,70,Yes,No,Yes,Need irrigation support,"Farmers residing in Vadodara district of Gujarat, cultivating Tomato, owning between 2.0 and 25.0 acres of land, registered with the state agriculture portal. Must be a member of a registered FPO/Cooperative.",50% to 55% subsidy on drip/sprinkler,50%,"Aadhaar Card, Land ownership document, Bank account details",Horticulture Department Office,https://pmksy.gov.in/,"tomato, irrigation, gujarat farmer, vadodara, pmksy, government subsidy, agricultural support"
AGRI354,Sub-Mission on Seeds and Planting Material - Madhya Pradesh Maize Initiative,Agriculture Department,Madhya Pradesh,Ujjain,Subsidy,Pulses,0.0,10.0,Below ₹2.5 Lakh/year,Male & Female,21,70,No,No,No,Need quality seeds,"Farmers residing in Ujjain district of Madhya Pradesh, cultivating Pulses, owning between 0.0 and 10.0 acres of land, registered with the state agriculture portal.",50% subsidy on certified seed distribution,Up to ₹5 lakh,"Aadhaar Card, Land ownership document, Bank account details, Caste certificate (where applicable)",District Agriculture Office,State Agriculture Department Portal,"pulses, subsidy, madhya pradesh farmer, ujjain, sub-mission, government subsidy, agricultural support"
AGRI355,SMAM - Maharashtra Rice Initiative,Central Government,Maharashtra,Solapur,Farm Mechanization,Sugarcane,2.0,25.0,Below ₹5 Lakh/year,Male & Female,18,70,No,No,Yes,Need farm machinery,"Farmers residing in Solapur district of Maharashtra, cultivating Sugarcane, owning between 2.0 and 25.0 acres of land, registered with the state agriculture portal.",40% to 50% subsidy on farm implements,60%,"Aadhaar Card, Land ownership document, Bank account details",Block Development Office,https://agrimachinery.nic.in/,"sugarcane, farm mechanization, maharashtra farmer, solapur, smam, government subsidy, agricultural support"
AGRI356,PKVY - Haryana Rice Initiative,Central Government,Haryana,Sirsa,Organic Farming,Millet,0.0,5.0,Below ₹1.5 Lakh/year,All (Priority for Women),21,70,Yes,Yes,No,Need organic certification,"Farmers residing in Sirsa district of Haryana, cultivating Millet, owning between 0.0 and 5.0 acres of land, registered with the state agriculture portal. Must be a member of a registered FPO/Cooperative. Must adhere to certified organic farming practices.","₹50,000 per ha assistance for cluster organic farming",Full subsidy for soil testing,"Aadhaar Card, Land ownership document, Bank account details, Soil Health Card, Caste certificate (where applicable), Farmer registration certificate, Crop details",NABARD Office,https://pgsindia-ncof.gov.in/,"millet, organic farming, haryana farmer, sirsa, pkvy, government subsidy, agricultural support"
AGRI357,MIDH (Mission for Integrated Development of Horticulture) (Andhra Pradesh Implementation),Horticulture Department,Andhra Pradesh,Krishna,Horticulture,Fruits,0.0,5.0,None,Male & Female,21,75,No,No,No,Need horticulture support,"Farmers residing in Krishna district of Andhra Pradesh, cultivating Fruits, owning between 0.0 and 5.0 acres of land, registered with the state agriculture portal.",35% to 50% subsidy on planting material,75%,"Aadhaar Card, Land ownership document, Bank account details",District Agriculture Office,https://midh.gov.in/,"fruits, horticulture, andhra pradesh farmer, krishna, midh, government subsidy, agricultural support"
AGRI358,Horticulture Cluster Development Program (CDP) (Bihar Implementation),Horticulture Department,Bihar,Patna,Horticulture,Vegetables,0.0,20.0,Below ₹1.5 Lakh/year,Female Only,18,75,No,No,No,Need cluster infrastructure,"Farmers residing in Patna district of Bihar, cultivating Vegetables, owning between 0.0 and 20.0 acres of land, registered with the state agriculture portal.",Up to ₹50 lakh grant for post-harvest support,Up to ₹1 lakh,"Aadhaar Card, Land ownership document, Bank account details, Farmer registration certificate, Crop details",District Agriculture Office,https://midh.gov.in/,"vegetables, horticulture, bihar farmer, patna, horticulture, government subsidy, agricultural support"
AGRI359,Horticulture Cluster Development Program - Maharashtra Banana Initiative,Horticulture Department,Maharashtra,Solapur,Horticulture,Onion,0.0,20.0,Below ₹1.5 Lakh/year,Male & Female,18,75,No,No,No,Need cluster infrastructure,"Farmers residing in Solapur district of Maharashtra, cultivating Onion, owning between 0.0 and 20.0 acres of land, registered with the state agriculture portal.",Up to ₹50 lakh grant for post-harvest support,30%,"Aadhaar Card, Land ownership document, Bank account details, Farmer registration certificate, Crop details",CSC Center,https://midh.gov.in/,"onion, horticulture, maharashtra farmer, solapur, horticulture, government subsidy, agricultural support"
AGRI360,Soil Health Card Scheme - Telangana Karimnagar Chapter,State Government,Telangana,Karimnagar,Soil Improvement,Rice,0.0,2.0,Below ₹1.5 Lakh/year,Female Only,18,75,No,No,Yes,Need soil health assessment,"Farmers residing in Karimnagar district of Telangana, cultivating Rice, owning between 0.0 and 2.0 acres of land, registered with the state agriculture portal.",Free soil testing and recommendations,Up to ₹5 lakh,"Aadhaar Card, Land ownership document, Bank account details, Soil Health Card, Farmer registration certificate, Crop details",Block Development Office,https://soilhealth.dac.gov.in/,"rice, soil improvement, telangana farmer, karimnagar, soil, government subsidy, agricultural support"
AGRI361,SMAM - Telangana Wheat Initiative,Central Government,Telangana,Khammam,Farm Mechanization,Sugarcane,2.0,10.0,None,Female Only,21,70,No,No,No,Need farm machinery,"Farmers residing in Khammam district of Telangana, cultivating Sugarcane, owning between 2.0 and 10.0 acres of land, registered with the state agriculture portal.",40% to 50% subsidy on farm implements,60%,"Aadhaar Card, Land ownership document, Bank account details, Farmer registration certificate, Crop details",FPO Office,https://agrimachinery.nic.in/,"sugarcane, farm mechanization, telangana farmer, khammam, smam, government subsidy, agricultural support"
AGRI362,PMFBY - Telangana Warangal Chapter,State Government,Telangana,Warangal,Crop Insurance,Cotton,0.0,20.0,None,Female Only,21,65,No,No,No,Need crop insurance,"Farmers residing in Warangal district of Telangana, cultivating Cotton, owning between 0.0 and 20.0 acres of land, registered with the state agriculture portal.",Premium subsidy up to 90%,Up to ₹10 lakh,"Aadhaar Card, Land ownership document, Bank account details, Farmer registration certificate, Crop details",FPO Office,https://pmfby.gov.in/,"cotton, crop insurance, telangana farmer, warangal, pmfby, government subsidy, agricultural support"
AGRI363,PKVY (Paramparagat Krishi Vikas Yojana) (Gujarat Implementation),Central Government,Gujarat,Banaskantha,Organic Farming,Fruits,0.0,5.0,Below ₹2.5 Lakh/year,Female Only,21,70,No,Yes,No,Need organic certification,"Farmers residing in Banaskantha district of Gujarat, cultivating Fruits, owning between 0.0 and 5.0 acres of land, registered with the state agriculture portal. Must adhere to certified organic farming practices.","₹50,000 per ha assistance for cluster organic farming",Up to ₹2 lakh,"Aadhaar Card, Land ownership document, Bank account details, Soil Health Card, Caste certificate (where applicable), Farmer registration certificate, Crop details",FPO Office,https://pgsindia-ncof.gov.in/,"fruits, organic farming, gujarat farmer, banaskantha, pkvy, government subsidy, agricultural support"
AGRI364,RKVY-RAFTAAR - Assam Maize Initiative,State Government,Assam,Cachar,Subsidy,Vegetables,0.0,10.0,Below ₹1.5 Lakh/year,Female Only,18,65,No,No,No,Need financial assistance,"Farmers residing in Cachar district of Assam, cultivating Vegetables, owning between 0.0 and 10.0 acres of land, registered with the state agriculture portal.",Up to 50% project cost subsidy,40%,"Aadhaar Card, Land ownership document, Bank account details, Caste certificate (where applicable), Farmer registration certificate, Crop details",State Agriculture Department Portal,State Agriculture Department Portal,"vegetables, subsidy, assam farmer, cachar, rkvy-raftaar, government subsidy, agricultural support"
AGRI365,PMKSY - Madhya Pradesh Bhopal Chapter,State Government,Madhya Pradesh,Bhopal,Irrigation,Sugarcane,1.0,5.0,Below ₹2.5 Lakh/year,All,21,75,No,No,Yes,Need irrigation support,"Farmers residing in Bhopal district of Madhya Pradesh, cultivating Sugarcane, owning between 1.0 and 5.0 acres of land, registered with the state agriculture portal.",50% to 55% subsidy on drip/sprinkler,50%,"Aadhaar Card, Land ownership document, Bank account details, Farmer registration certificate, Crop details",PM Kisan Portal,https://pmksy.gov.in/,"sugarcane, irrigation, madhya pradesh farmer, bhopal, pmksy, government subsidy, agricultural support"
AGRI366,ATMA - Uttar Pradesh Lucknow Chapter,State Government,Uttar Pradesh,Lucknow,Skill Development,Wheat,0.0,10.0,Below ₹1.5 Lakh/year,Female Only,21,75,No,No,No,Need technical training and guidance,"Farmers residing in Lucknow district of Uttar Pradesh, cultivating Wheat, owning between 0.0 and 10.0 acres of land, registered with the state agriculture portal.","Free training, exposure visits, and demonstrations",Up to ₹10 lakh,"Aadhaar Card, Land ownership document, Bank account details, Farmer registration certificate, Crop details",District Agriculture Office,State Agriculture Department Portal,"wheat, skill development, uttar pradesh farmer, lucknow, atma, government subsidy, agricultural support"
AGRI367,ATMA - Madhya Pradesh Bhopal Chapter,State Government,Madhya Pradesh,Bhopal,Skill Development,Vegetables,0.0,10.0,None,All (Priority for Women),21,70,No,No,No,Need technical training and guidance,"Farmers residing in Bhopal district of Madhya Pradesh, cultivating Vegetables, owning between 0.0 and 10.0 acres of land, registered with the state agriculture portal.","Free training, exposure visits, and demonstrations",50%,"Aadhaar Card, Land ownership document, Bank account details, Farmer registration certificate, Crop details",District Agriculture Office,State Agriculture Department Portal,"vegetables, skill development, madhya pradesh farmer, bhopal, atma, government subsidy, agricultural support"
AGRI368,Soil Health Card Scheme - Madhya Pradesh Ujjain Chapter,State Government,Madhya Pradesh,Ujjain,Soil Improvement,Pulses,0.0,5.0,Below ₹1.5 Lakh/year,Female Only,21,65,No,No,No,Need soil health assessment,"Farmers residing in Ujjain district of Madhya Pradesh, cultivating Pulses, owning between 0.0 and 5.0 acres of land, registered with the state agriculture portal.",Free soil testing and recommendations,Interest subvention of 3%,"Aadhaar Card, Land ownership document, Bank account details, Soil Health Card, Caste certificate (where applicable), Farmer registration certificate, Crop details",FPO Office,https://soilhealth.dac.gov.in/,"pulses, soil improvement, madhya pradesh farmer, ujjain, soil, government subsidy, agricultural support"
AGRI369,RKVY-RAFTAAR (Rashtriya Krishi Vikas Yojana) (Madhya Pradesh Implementation),State Government,Madhya Pradesh,Jabalpur,Subsidy,Millet,0.0,20.0,Below ₹2.5 Lakh/year,Male & Female,21,65,Yes,No,No,Need financial assistance,"Farmers residing in Jabalpur district of Madhya Pradesh, cultivating Millet, owning between 0.0 and 20.0 acres of land, registered with the state agriculture portal. Must be a member of a registered FPO/Cooperative.",Up to 50% project cost subsidy,Up to ₹10 lakh,"Aadhaar Card, Land ownership document, Bank account details, Caste certificate (where applicable)",Horticulture Department Office,State Agriculture Department Portal,"millet, subsidy, madhya pradesh farmer, jabalpur, rkvy-raftaar, government subsidy, agricultural support"
AGRI370,ATMA (Agricultural Technology Management Agency) Scheme (Rajasthan Implementation),Agriculture Department,Rajasthan,Udaipur,Skill Development,Vegetables,0.0,2.0,Below ₹1.5 Lakh/year,All,18,60,No,No,No,Need technical training and guidance,"Farmers residing in Udaipur district of Rajasthan, cultivating Vegetables, owning between 0.0 and 2.0 acres of land, registered with the state agriculture portal.","Free training, exposure visits, and demonstrations",60%,"Aadhaar Card, Land ownership document, Bank account details, Farmer registration certificate, Crop details",PM Kisan Portal,State Agriculture Department Portal,"vegetables, skill development, rajasthan farmer, udaipur, atma, government subsidy, agricultural support"
AGRI371,Fisheries Infrastructure Development Fund (FIDF) (Uttar Pradesh Implementation),NABARD Supported,Uttar Pradesh,Gorakhpur,Fisheries,Fisheries,0.0,5.0,None,All,21,60,No,No,No,Need fisheries storage and market access,"Farmers residing in Gorakhpur district of Uttar Pradesh, cultivating Fisheries, owning between 0.0 and 5.0 acres of land, registered with the state agriculture portal.",Interest subvention up to 3%,Up to ₹5 lakh,"Aadhaar Card, Land ownership document, Bank account details, Caste certificate (where applicable)",PM Kisan Portal,https://nabard.org/,"fisheries, fisheries, uttar pradesh farmer, gorakhpur, fisheries, government subsidy, agricultural support"
AGRI372,AIF (Agriculture Infrastructure Fund) (Odisha Implementation),Central Government,Odisha,Ganjam,Storage,Fruits,1.0,5.0,Below ₹5 Lakh/year,Female Only,21,70,Yes,No,No,Need cold storage and infrastructure,"Farmers residing in Ganjam district of Odisha, cultivating Fruits, owning between 1.0 and 5.0 acres of land, registered with the state agriculture portal. Must be a member of a registered FPO/Cooperative.",3% interest subvention up to ₹2 crore,Up to ₹10 lakh,"Aadhaar Card, Land ownership document, Bank account details, Caste certificate (where applicable)",Horticulture Department Office,https://agriinfra.dac.gov.in/,"fruits, storage, odisha farmer, ganjam, aif, government subsidy, agricultural support"
AGRI373,National Livestock Mission - Kerala Idukki Chapter,State Government,Kerala,Idukki,Dairy,Dairy,0.0,20.0,Below ₹2.5 Lakh/year,All,18,65,No,No,No,Need dairy development,"Farmers residing in Idukki district of Kerala, cultivating Dairy, owning between 0.0 and 20.0 acres of land, registered with the state agriculture portal.",50% capital subsidy for farm setup,Up to ₹10 lakh,"Aadhaar Card, Land ownership document, Bank account details, Farmer registration certificate, Crop details",Block Development Office,https://nlm.udyamimitra.in/,"dairy, dairy, kerala farmer, idukki, national, government subsidy, agricultural support"
AGRI374,Kisan Credit Card - Maharashtra Wheat Initiative,NABARD Supported,Maharashtra,Solapur,Credit,Pulses,0.0,20.0,Below ₹2.5 Lakh/year,All (Priority for Women),18,75,No,No,No,Need financial assistance,"Farmers residing in Solapur district of Maharashtra, cultivating Pulses, owning between 0.0 and 20.0 acres of land, registered with the state agriculture portal.",Concessional interest rate at 4%,75%,"Aadhaar Card, Land ownership document, Bank account details, Farmer registration certificate, Crop details",Horticulture Department Office,https://www.nabard.org/,"pulses, credit, maharashtra farmer, solapur, kisan, government subsidy, agricultural support"
AGRI375,PKVY - Maharashtra Nashik Chapter,State Government,Maharashtra,Nashik,Organic Farming,Vegetables,0.0,20.0,None,Female Only,21,65,No,Yes,No,Need organic certification,"Farmers residing in Nashik district of Maharashtra, cultivating Vegetables, owning between 0.0 and 20.0 acres of land, registered with the state agriculture portal. Must adhere to certified organic farming practices.","₹50,000 per ha assistance for cluster organic farming",Full subsidy for soil testing,"Aadhaar Card, Land ownership document, Bank account details, Soil Health Card, Farmer registration certificate, Crop details",NABARD Office,https://pgsindia-ncof.gov.in/,"vegetables, organic farming, maharashtra farmer, nashik, pkvy, government subsidy, agricultural support"
AGRI376,Sub-Mission on Seeds and Planting Material (SMSP) (Haryana Implementation),Agriculture Department,Haryana,Rohtak,Subsidy,Vegetables,0.0,20.0,Below ₹5 Lakh/year,Male & Female,18,70,No,No,No,Need quality seeds,"Farmers residing in Rohtak district of Haryana, cultivating Vegetables, owning between 0.0 and 20.0 acres of land, registered with the state agriculture portal.",50% subsidy on certified seed distribution,75%,"Aadhaar Card, Land ownership document, Bank account details, Caste certificate (where applicable), Farmer registration certificate, Crop details",FPO Office,State Agriculture Department Portal,"vegetables, subsidy, haryana farmer, rohtak, sub-mission, government subsidy, agricultural support"
AGRI377,RKVY-RAFTAAR - Rajasthan Millet Initiative,State Government,Rajasthan,Kota,Subsidy,Maize,0.0,10.0,None,Female Only,21,60,No,No,No,Need financial assistance,"Farmers residing in Kota district of Rajasthan, cultivating Maize, owning between 0.0 and 10.0 acres of land, registered with the state agriculture portal.",Up to 50% project cost subsidy,50%,"Aadhaar Card, Land ownership document, Bank account details",District Agriculture Office,State Agriculture Department Portal,"maize, subsidy, rajasthan farmer, kota, rkvy-raftaar, government subsidy, agricultural support"
AGRI378,Cooperative Agricultural Credit Structure Scheme (Andhra Pradesh Implementation),Cooperative,Andhra Pradesh,West Godavari,Credit,Cotton,0.0,10.0,Below ₹5 Lakh/year,All,21,65,Yes,No,No,Need short term crop credit,"Farmers residing in West Godavari district of Andhra Pradesh, cultivating Cotton, owning between 0.0 and 10.0 acres of land, registered with the state agriculture portal. Must be a member of a registered FPO/Cooperative.",Low interest short term loans,Up to ₹1 lakh,"Aadhaar Card, Land ownership document, Bank account details, Farmer registration certificate, Crop details",District Agriculture Office,State Agriculture Department Portal,"cotton, credit, andhra pradesh farmer, west godavari, cooperative, government subsidy, agricultural support"
AGRI379,PMKSY (Pradhan Mantri Krishi Sinchayee Yojana) (Uttar Pradesh Implementation),Central Government,Uttar Pradesh,Varanasi,Irrigation,Tomato,2.0,25.0,None,Male & Female,21,60,Yes,No,Yes,Need irrigation support,"Farmers residing in Varanasi district of Uttar Pradesh, cultivating Tomato, owning between 2.0 and 25.0 acres of land, registered with the state agriculture portal. Must be a member of a registered FPO/Cooperative.",50% to 55% subsidy on drip/sprinkler,30%,"Aadhaar Card, Land ownership document, Bank account details, Farmer registration certificate, Crop details",FPO Office,https://pmksy.gov.in/,"tomato, irrigation, uttar pradesh farmer, varanasi, pmksy, government subsidy, agricultural support"
AGRI380,Soil Health Card Scheme (Kerala Implementation),Agriculture Department,Kerala,Alappuzha,Soil Improvement,Wheat,0.0,10.0,None,All,18,65,No,No,No,Need soil health assessment,"Farmers residing in Alappuzha district of Kerala, cultivating Wheat, owning between 0.0 and 10.0 acres of land, registered with the state agriculture portal.",Free soil testing and recommendations,60%,"Aadhaar Card, Land ownership document, Bank account details, Soil Health Card, Caste certificate (where applicable), Farmer registration certificate, Crop details",State Agriculture Department Portal,https://soilhealth.dac.gov.in/,"wheat, soil improvement, kerala farmer, alappuzha, soil, government subsidy, agricultural support"
AGRI381,National Livestock Mission - Gujarat Rajkot Chapter,State Government,Gujarat,Rajkot,Dairy,Dairy,0.0,20.0,None,All (Priority for Women),18,60,No,No,No,Need dairy development,"Farmers residing in Rajkot district of Gujarat, cultivating Dairy, owning between 0.0 and 20.0 acres of land, registered with the state agriculture portal.",50% capital subsidy for farm setup,30%,"Aadhaar Card, Land ownership document, Bank account details",PM Kisan Portal,https://nlm.udyamimitra.in/,"dairy, dairy, gujarat farmer, rajkot, national, government subsidy, agricultural support"
AGRI382,Kisan Credit Card (KCC) Scheme (Tamil Nadu Implementation),NABARD Supported,Tamil Nadu,Coimbatore,Credit,Pulses,0.0,5.0,Below ₹2.5 Lakh/year,All (Priority for Women),21,60,Yes,No,No,Need financial assistance,"Farmers residing in Coimbatore district of Tamil Nadu, cultivating Pulses, owning between 0.0 and 5.0 acres of land, registered with the state agriculture portal. Must be a member of a registered FPO/Cooperative.",Concessional interest rate at 4%,75%,"Aadhaar Card, Land ownership document, Bank account details, Farmer registration certificate, Crop details",District Agriculture Office,https://www.nabard.org/,"pulses, credit, tamil nadu farmer, coimbatore, kisan, government subsidy, agricultural support"
AGRI383,PM-KUSUM - Bihar Vegetables Initiative,Central Government,Bihar,Darbhanga,Irrigation,Tomato,0.0,25.0,Below ₹2.5 Lakh/year,All (Priority for Women),21,65,No,No,Yes,Need irrigation support,"Farmers residing in Darbhanga district of Bihar, cultivating Tomato, owning between 0.0 and 25.0 acres of land, registered with the state agriculture portal.",Up to 60% subsidy on solar pump installation,Full subsidy for soil testing,"Aadhaar Card, Land ownership document, Bank account details, Caste certificate (where applicable), Farmer registration certificate, Crop details",Horticulture Department Office,https://pmkusum.mnre.gov.in/,"tomato, irrigation, bihar farmer, darbhanga, pm-kusum, government subsidy, agricultural support"
AGRI384,AIF - Madhya Pradesh Tomato Initiative,Central Government,Madhya Pradesh,Dewas,Storage,Fruits,1.0,5.0,Below ₹2.5 Lakh/year,Male & Female,18,70,Yes,No,No,Need cold storage and infrastructure,"Farmers residing in Dewas district of Madhya Pradesh, cultivating Fruits, owning between 1.0 and 5.0 acres of land, registered with the state agriculture portal. Must be a member of a registered FPO/Cooperative.",3% interest subvention up to ₹2 crore,40%,"Aadhaar Card, Land ownership document, Bank account details, Farmer registration certificate, Crop details",FPO Office,https://agriinfra.dac.gov.in/,"fruits, storage, madhya pradesh farmer, dewas, aif, government subsidy, agricultural support"
AGRI385,ATMA - Punjab Ludhiana Chapter,State Government,Punjab,Ludhiana,Skill Development,Rice,0.0,20.0,Below ₹5 Lakh/year,Male & Female,21,75,No,No,No,Need technical training and guidance,"Farmers residing in Ludhiana district of Punjab, cultivating Rice, owning between 0.0 and 20.0 acres of land, registered with the state agriculture portal.","Free training, exposure visits, and demonstrations",Up to ₹2 lakh,"Aadhaar Card, Land ownership document, Bank account details, Caste certificate (where applicable), Farmer registration certificate, Crop details",Horticulture Department Office,State Agriculture Department Portal,"rice, skill development, punjab farmer, ludhiana, atma, government subsidy, agricultural support"
AGRI386,AIF (Agriculture Infrastructure Fund) (Madhya Pradesh Implementation),Central Government,Madhya Pradesh,Indore,Storage,Onion,1.0,10.0,None,All,18,75,Yes,No,No,Need cold storage and infrastructure,"Farmers residing in Indore district of Madhya Pradesh, cultivating Onion, owning between 1.0 and 10.0 acres of land, registered with the state agriculture portal. Must be a member of a registered FPO/Cooperative.",3% interest subvention up to ₹2 crore,Premium subsidy up to 90%,"Aadhaar Card, Land ownership document, Bank account details",District Agriculture Office,https://agriinfra.dac.gov.in/,"onion, storage, madhya pradesh farmer, indore, aif, government subsidy, agricultural support"
AGRI387,Kisan Credit Card (KCC) Scheme (Telangana Implementation),NABARD Supported,Telangana,Nalgonda,Credit,Soybean,0.0,2.0,Below ₹2.5 Lakh/year,Male & Female,21,70,No,No,No,Need financial assistance,"Farmers residing in Nalgonda district of Telangana, cultivating Soybean, owning between 0.0 and 2.0 acres of land, registered with the state agriculture portal.",Concessional interest rate at 4%,Premium subsidy up to 90%,"Aadhaar Card, Land ownership document, Bank account details, Caste certificate (where applicable)",Block Development Office,https://www.nabard.org/,"soybean, credit, telangana farmer, nalgonda, kisan, government subsidy, agricultural support"
AGRI388,AIF (Agriculture Infrastructure Fund) (Assam Implementation),Central Government,Assam,Cachar,Storage,Grapes,1.0,5.0,Below ₹1.5 Lakh/year,All,18,70,Yes,No,No,Need cold storage and infrastructure,"Farmers residing in Cachar district of Assam, cultivating Grapes, owning between 1.0 and 5.0 acres of land, registered with the state agriculture portal. Must be a member of a registered FPO/Cooperative.",3% interest subvention up to ₹2 crore,60%,"Aadhaar Card, Land ownership document, Bank account details, Farmer registration certificate, Crop details",State Agriculture Department Portal,https://agriinfra.dac.gov.in/,"grapes, storage, assam farmer, cachar, aif, government subsidy, agricultural support"
AGRI389,PMFBY (Pradhan Mantri Fasal Bima Yojana) (Haryana Implementation),Central Government,Haryana,Sirsa,Crop Insurance,Soybean,0.0,10.0,Below ₹2.5 Lakh/year,Female Only,18,60,No,No,No,Need crop insurance,"Farmers residing in Sirsa district of Haryana, cultivating Soybean, owning between 0.0 and 10.0 acres of land, registered with the state agriculture portal.",Premium subsidy up to 90%,Up to ₹5 lakh,"Aadhaar Card, Land ownership document, Bank account details, Farmer registration certificate, Crop details",Horticulture Department Office,https://pmfby.gov.in/,"soybean, crop insurance, haryana farmer, sirsa, pmfby, government subsidy, agricultural support"
AGRI390,Sub-Mission on Seeds and Planting Material - Karnataka Shimoga Chapter,State Government,Karnataka,Shimoga,Subsidy,Vegetables,0.0,2.0,None,Male & Female,18,75,No,No,No,Need quality seeds,"Farmers residing in Shimoga district of Karnataka, cultivating Vegetables, owning between 0.0 and 2.0 acres of land, registered with the state agriculture portal.",50% subsidy on certified seed distribution,Up to ₹5 lakh,"Aadhaar Card, Land ownership document, Bank account details, Farmer registration certificate, Crop details",NABARD Office,State Agriculture Department Portal,"vegetables, subsidy, karnataka farmer, shimoga, sub-mission, government subsidy, agricultural support"
AGRI391,SMAM - Assam Sonitpur Chapter,State Government,Assam,Sonitpur,Farm Mechanization,Sugarcane,1.0,5.0,Below ₹1.5 Lakh/year,Male & Female,21,65,No,No,No,Need farm machinery,"Farmers residing in Sonitpur district of Assam, cultivating Sugarcane, owning between 1.0 and 5.0 acres of land, registered with the state agriculture portal.",40% to 50% subsidy on farm implements,Up to ₹2 lakh,"Aadhaar Card, Land ownership document, Bank account details, Farmer registration certificate, Crop details",NABARD Office,https://agrimachinery.nic.in/,"sugarcane, farm mechanization, assam farmer, sonitpur, smam, government subsidy, agricultural support"
AGRI392,"Formation and Promotion of 10,000 FPOs Scheme - Punjab Onion Initiative",FPO Support,Punjab,Ludhiana,FPO Development,Onion,0.0,2.0,Below ₹5 Lakh/year,Male & Female,18,75,Yes,No,No,Need market linkage and aggregation,"Farmers residing in Ludhiana district of Punjab, cultivating Onion, owning between 0.0 and 2.0 acres of land, registered with the state agriculture portal. Must be a member of a registered FPO/Cooperative.",Up to ₹18 lakh financial support per FPO,Up to ₹1 lakh,"Aadhaar Card, Land ownership document, Bank account details, Farmer registration certificate, Crop details",CSC Center,https://www.sfacindia.com/,"onion, fpo development, punjab farmer, ludhiana, formation, government subsidy, agricultural support"
AGRI393,PKVY (Paramparagat Krishi Vikas Yojana) (Bihar Implementation),Central Government,Bihar,Muzaffarpur,Organic Farming,Pulses,0.0,10.0,None,Female Only,18,60,No,Yes,No,Need organic certification,"Farmers residing in Muzaffarpur district of Bihar, cultivating Pulses, owning between 0.0 and 10.0 acres of land, registered with the state agriculture portal. Must adhere to certified organic farming practices.","₹50,000 per ha assistance for cluster organic farming",30%,"Aadhaar Card, Land ownership document, Bank account details, Soil Health Card",Block Development Office,https://pgsindia-ncof.gov.in/,"pulses, organic farming, bihar farmer, muzaffarpur, pkvy, government subsidy, agricultural support"
AGRI394,e-NAM - Maharashtra Potato Initiative,Central Government,Maharashtra,Nagpur,Marketing,Cotton,0.0,20.0,Below ₹5 Lakh/year,All,21,60,Yes,No,No,Need market linkage,"Farmers residing in Nagpur district of Maharashtra, cultivating Cotton, owning between 0.0 and 20.0 acres of land, registered with the state agriculture portal. Must be a member of a registered FPO/Cooperative.",Free access to online trading platform,60%,"Aadhaar Card, Land ownership document, Bank account details, Caste certificate (where applicable)",FPO Office,https://www.enam.gov.in/,"cotton, marketing, maharashtra farmer, nagpur, e-nam, government subsidy, agricultural support"
AGRI395,SMAM - Tamil Nadu Wheat Initiative,Central Government,Tamil Nadu,Thanjavur,Farm Mechanization,Soybean,0.0,10.0,Below ₹5 Lakh/year,All,21,75,No,No,No,Need farm machinery,"Farmers residing in Thanjavur district of Tamil Nadu, cultivating Soybean, owning between 0.0 and 10.0 acres of land, registered with the state agriculture portal.",40% to 50% subsidy on farm implements,40%,"Aadhaar Card, Land ownership document, Bank account details",FPO Office,https://agrimachinery.nic.in/,"soybean, farm mechanization, tamil nadu farmer, thanjavur, smam, government subsidy, agricultural support"
AGRI396,e-NAM (National Agriculture Market) (Haryana Implementation),Central Government,Haryana,Rohtak,Marketing,Tomato,0.0,10.0,None,Female Only,21,75,Yes,No,No,Need market linkage,"Farmers residing in Rohtak district of Haryana, cultivating Tomato, owning between 0.0 and 10.0 acres of land, registered with the state agriculture portal. Must be a member of a registered FPO/Cooperative.",Free access to online trading platform,Up to ₹1 lakh,"Aadhaar Card, Land ownership document, Bank account details, Caste certificate (where applicable), Farmer registration certificate, Crop details",Horticulture Department Office,https://www.enam.gov.in/,"tomato, marketing, haryana farmer, rohtak, e-nam, government subsidy, agricultural support"
AGRI397,Cooperative Agricultural Credit Structure Scheme (Madhya Pradesh Implementation),Cooperative,Madhya Pradesh,Indore,Credit,Wheat,0.0,20.0,Below ₹2.5 Lakh/year,Male & Female,21,75,No,No,No,Need short term crop credit,"Farmers residing in Indore district of Madhya Pradesh, cultivating Wheat, owning between 0.0 and 20.0 acres of land, registered with the state agriculture portal.",Low interest short term loans,30%,"Aadhaar Card, Land ownership document, Bank account details, Farmer registration certificate, Crop details",District Agriculture Office,State Agriculture Department Portal,"wheat, credit, madhya pradesh farmer, indore, cooperative, government subsidy, agricultural support"
AGRI398,PKVY (Paramparagat Krishi Vikas Yojana) (Rajasthan Implementation),Central Government,Rajasthan,Kota,Organic Farming,Pulses,0.0,5.0,Below ₹1.5 Lakh/year,Female Only,21,65,No,Yes,No,Need organic certification,"Farmers residing in Kota district of Rajasthan, cultivating Pulses, owning between 0.0 and 5.0 acres of land, registered with the state agriculture portal. Must adhere to certified organic farming practices.","₹50,000 per ha assistance for cluster organic farming",Premium subsidy up to 90%,"Aadhaar Card, Land ownership document, Bank account details, Soil Health Card, Caste certificate (where applicable), Farmer registration certificate, Crop details",District Agriculture Office,https://pgsindia-ncof.gov.in/,"pulses, organic farming, rajasthan farmer, kota, pkvy, government subsidy, agricultural support"
AGRI399,MIDH (Mission for Integrated Development of Horticulture) (Maharashtra Implementation),Horticulture Department,Maharashtra,Ahmednagar,Horticulture,Banana,0.0,20.0,Below ₹1.5 Lakh/year,All,18,65,No,Yes,No,Need horticulture support,"Farmers residing in Ahmednagar district of Maharashtra, cultivating Banana, owning between 0.0 and 20.0 acres of land, registered with the state agriculture portal. Must adhere to certified organic farming practices.",35% to 50% subsidy on planting material,75%,"Aadhaar Card, Land ownership document, Bank account details, Farmer registration certificate, Crop details",PM Kisan Portal,https://midh.gov.in/,"banana, horticulture, maharashtra farmer, ahmednagar, midh, government subsidy, agricultural support"
AGRI400,Sub-Mission on Seeds and Planting Material - Maharashtra Vegetables Initiative,Agriculture Department,Maharashtra,Nashik,Subsidy,Pulses,0.0,2.0,Below ₹1.5 Lakh/year,Female Only,18,75,No,No,No,Need quality seeds,"Farmers residing in Nashik district of Maharashtra, cultivating Pulses, owning between 0.0 and 2.0 acres of land, registered with the state agriculture portal.",50% subsidy on certified seed distribution,50%,"Aadhaar Card, Land ownership document, Bank account details, Caste certificate (where applicable)",State Agriculture Department Portal,State Agriculture Department Portal,"pulses, subsidy, maharashtra farmer, nashik, sub-mission, government subsidy, agricultural support"
AGRI401,PM-KUSUM - Karnataka Rice Initiative,Central Government,Karnataka,Davangere,Irrigation,Tomato,1.0,10.0,Below ₹1.5 Lakh/year,All (Priority for Women),21,65,Yes,No,Yes,Need irrigation support,"Farmers residing in Davangere district of Karnataka, cultivating Tomato, owning between 1.0 and 10.0 acres of land, registered with the state agriculture portal. Must be a member of a registered FPO/Cooperative.",Up to 60% subsidy on solar pump installation,75%,"Aadhaar Card, Land ownership document, Bank account details, Farmer registration certificate, Crop details",PM Kisan Portal,https://pmkusum.mnre.gov.in/,"tomato, irrigation, karnataka farmer, davangere, pm-kusum, government subsidy, agricultural support"
AGRI402,Sub-Mission on Seeds and Planting Material - Telangana Warangal Chapter,State Government,Telangana,Warangal,Subsidy,Millet,0.0,20.0,Below ₹2.5 Lakh/year,Female Only,18,70,No,No,No,Need quality seeds,"Farmers residing in Warangal district of Telangana, cultivating Millet, owning between 0.0 and 20.0 acres of land, registered with the state agriculture portal.",50% subsidy on certified seed distribution,75%,"Aadhaar Card, Land ownership document, Bank account details, Caste certificate (where applicable)",PM Kisan Portal,State Agriculture Department Portal,"millet, subsidy, telangana farmer, warangal, sub-mission, government subsidy, agricultural support"
AGRI403,PMFBY (Pradhan Mantri Fasal Bima Yojana) (Bihar Implementation),Central Government,Bihar,Muzaffarpur,Crop Insurance,Maize,0.0,10.0,None,All (Priority for Women),21,75,Yes,No,No,Need crop insurance,"Farmers residing in Muzaffarpur district of Bihar, cultivating Maize, owning between 0.0 and 10.0 acres of land, registered with the state agriculture portal. Must be a member of a registered FPO/Cooperative.",Premium subsidy up to 90%,75%,"Aadhaar Card, Land ownership document, Bank account details, Caste certificate (where applicable)",CSC Center,https://pmfby.gov.in/,"maize, crop insurance, bihar farmer, muzaffarpur, pmfby, government subsidy, agricultural support"
AGRI404,ATMA (Agricultural Technology Management Agency) Scheme (Uttar Pradesh Implementation),Agriculture Department,Uttar Pradesh,Varanasi,Skill Development,Fruits,0.0,20.0,None,Female Only,18,75,No,No,No,Need technical training and guidance,"Farmers residing in Varanasi district of Uttar Pradesh, cultivating Fruits, owning between 0.0 and 20.0 acres of land, registered with the state agriculture portal.","Free training, exposure visits, and demonstrations",Up to ₹1 lakh,"Aadhaar Card, Land ownership document, Bank account details",State Agriculture Department Portal,State Agriculture Department Portal,"fruits, skill development, uttar pradesh farmer, varanasi, atma, government subsidy, agricultural support"
AGRI405,SMAM - Karnataka Shimoga Chapter,State Government,Karnataka,Shimoga,Farm Mechanization,Sugarcane,2.0,25.0,Below ₹5 Lakh/year,Male & Female,18,60,No,No,No,Need farm machinery,"Farmers residing in Shimoga district of Karnataka, cultivating Sugarcane, owning between 2.0 and 25.0 acres of land, registered with the state agriculture portal.",40% to 50% subsidy on farm implements,Interest subvention of 3%,"Aadhaar Card, Land ownership document, Bank account details, Caste certificate (where applicable), Farmer registration certificate, Crop details",NABARD Office,https://agrimachinery.nic.in/,"sugarcane, farm mechanization, karnataka farmer, shimoga, smam, government subsidy, agricultural support"
AGRI406,"Formation and Promotion of 10,000 FPOs Scheme (Haryana Implementation)",FPO Support,Haryana,Karnal,FPO Development,Fruits,0.0,5.0,Below ₹1.5 Lakh/year,Female Only,21,75,Yes,No,No,Need market linkage and aggregation,"Farmers residing in Karnal district of Haryana, cultivating Fruits, owning between 0.0 and 5.0 acres of land, registered with the state agriculture portal. Must be a member of a registered FPO/Cooperative.",Up to ₹18 lakh financial support per FPO,50%,"Aadhaar Card, Land ownership document, Bank account details, Caste certificate (where applicable)",FPO Office,https://www.sfacindia.com/,"fruits, fpo development, haryana farmer, karnal, formation, government subsidy, agricultural support"
AGRI407,ATMA - Uttar Pradesh Pulses Initiative,Agriculture Department,Uttar Pradesh,Lucknow,Skill Development,Dairy,0.0,5.0,None,All,18,60,No,No,No,Need technical training and guidance,"Farmers residing in Lucknow district of Uttar Pradesh, cultivating Dairy, owning between 0.0 and 5.0 acres of land, registered with the state agriculture portal.","Free training, exposure visits, and demonstrations",Full subsidy for soil testing,"Aadhaar Card, Land ownership document, Bank account details, Farmer registration certificate, Crop details",Block Development Office,State Agriculture Department Portal,"dairy, skill development, uttar pradesh farmer, lucknow, atma, government subsidy, agricultural support"
AGRI408,Fisheries Infrastructure Development Fund (FIDF) (Karnataka Implementation),NABARD Supported,Karnataka,Tumakuru,Fisheries,Fisheries,0.0,2.0,Below ₹1.5 Lakh/year,Male & Female,21,60,No,No,No,Need fisheries storage and market access,"Farmers residing in Tumakuru district of Karnataka, cultivating Fisheries, owning between 0.0 and 2.0 acres of land, registered with the state agriculture portal.",Interest subvention up to 3%,75%,"Aadhaar Card, Land ownership document, Bank account details, Caste certificate (where applicable), Farmer registration certificate, Crop details",District Agriculture Office,https://nabard.org/,"fisheries, fisheries, karnataka farmer, tumakuru, fisheries, government subsidy, agricultural support"
AGRI409,National Livestock Mission - Uttar Pradesh Gorakhpur Chapter,State Government,Uttar Pradesh,Gorakhpur,Dairy,Dairy,0.0,5.0,Below ₹1.5 Lakh/year,All (Priority for Women),21,65,Yes,No,No,Need dairy development,"Farmers residing in Gorakhpur district of Uttar Pradesh, cultivating Dairy, owning between 0.0 and 5.0 acres of land, registered with the state agriculture portal. Must be a member of a registered FPO/Cooperative.",50% capital subsidy for farm setup,60%,"Aadhaar Card, Land ownership document, Bank account details",FPO Office,https://nlm.udyamimitra.in/,"dairy, dairy, uttar pradesh farmer, gorakhpur, national, government subsidy, agricultural support"
AGRI410,Horticulture Cluster Development Program - Kerala Grapes Initiative,Horticulture Department,Kerala,Palakkad,Horticulture,Mango,0.0,5.0,Below ₹1.5 Lakh/year,Male & Female,21,60,Yes,Yes,No,Need cluster infrastructure,"Farmers residing in Palakkad district of Kerala, cultivating Mango, owning between 0.0 and 5.0 acres of land, registered with the state agriculture portal. Must be a member of a registered FPO/Cooperative. Must adhere to certified organic farming practices.",Up to ₹50 lakh grant for post-harvest support,Up to ₹1 lakh,"Aadhaar Card, Land ownership document, Bank account details, Farmer registration certificate, Crop details",FPO Office,https://midh.gov.in/,"mango, horticulture, kerala farmer, palakkad, horticulture, government subsidy, agricultural support"
AGRI411,Fisheries Infrastructure Development Fund (FIDF) (Punjab Implementation),NABARD Supported,Punjab,Ludhiana,Fisheries,Fisheries,0.0,20.0,Below ₹5 Lakh/year,All (Priority for Women),18,65,No,No,No,Need fisheries storage and market access,"Farmers residing in Ludhiana district of Punjab, cultivating Fisheries, owning between 0.0 and 20.0 acres of land, registered with the state agriculture portal.",Interest subvention up to 3%,Up to ₹1 lakh,"Aadhaar Card, Land ownership document, Bank account details, Farmer registration certificate, Crop details",FPO Office,https://nabard.org/,"fisheries, fisheries, punjab farmer, ludhiana, fisheries, government subsidy, agricultural support"
AGRI412,PM-KUSUM - West Bengal Hooghly Chapter,State Government,West Bengal,Hooghly,Irrigation,Wheat,0.0,5.0,Below ₹1.5 Lakh/year,Female Only,21,75,No,No,Yes,Need irrigation support,"Farmers residing in Hooghly district of West Bengal, cultivating Wheat, owning between 0.0 and 5.0 acres of land, registered with the state agriculture portal.",Up to 60% subsidy on solar pump installation,Premium subsidy up to 90%,"Aadhaar Card, Land ownership document, Bank account details",FPO Office,https://pmkusum.mnre.gov.in/,"wheat, irrigation, west bengal farmer, hooghly, pm-kusum, government subsidy, agricultural support"
AGRI413,National Livestock Mission (NLM) - Dairy/Poultry (Madhya Pradesh Implementation),Central Government,Madhya Pradesh,Bhopal,Dairy,Dairy,0.0,20.0,None,All (Priority for Women),18,60,No,Yes,No,Need dairy development,"Farmers residing in Bhopal district of Madhya Pradesh, cultivating Dairy, owning between 0.0 and 20.0 acres of land, registered with the state agriculture portal. Must adhere to certified organic farming practices.",50% capital subsidy for farm setup,75%,"Aadhaar Card, Land ownership document, Bank account details, Caste certificate (where applicable), Farmer registration certificate, Crop details",State Agriculture Department Portal,https://nlm.udyamimitra.in/,"dairy, dairy, madhya pradesh farmer, bhopal, national, government subsidy, agricultural support"
AGRI414,Sub-Mission on Seeds and Planting Material - Punjab Patiala Chapter,State Government,Punjab,Patiala,Subsidy,Maize,0.0,20.0,Below ₹1.5 Lakh/year,Male & Female,18,65,Yes,No,No,Need quality seeds,"Farmers residing in Patiala district of Punjab, cultivating Maize, owning between 0.0 and 20.0 acres of land, registered with the state agriculture portal. Must be a member of a registered FPO/Cooperative.",50% subsidy on certified seed distribution,75%,"Aadhaar Card, Land ownership document, Bank account details, Caste certificate (where applicable), Farmer registration certificate, Crop details",NABARD Office,State Agriculture Department Portal,"maize, subsidy, punjab farmer, patiala, sub-mission, government subsidy, agricultural support"
AGRI415,Horticulture Cluster Development Program - Uttar Pradesh Potato Initiative,Horticulture Department,Uttar Pradesh,Gorakhpur,Horticulture,Mango,0.0,2.0,Below ₹2.5 Lakh/year,Male & Female,18,70,Yes,No,No,Need cluster infrastructure,"Farmers residing in Gorakhpur district of Uttar Pradesh, cultivating Mango, owning between 0.0 and 2.0 acres of land, registered with the state agriculture portal. Must be a member of a registered FPO/Cooperative.",Up to ₹50 lakh grant for post-harvest support,Interest subvention of 3%,"Aadhaar Card, Land ownership document, Bank account details, Caste certificate (where applicable), Farmer registration certificate, Crop details",State Agriculture Department Portal,https://midh.gov.in/,"mango, horticulture, uttar pradesh farmer, gorakhpur, horticulture, government subsidy, agricultural support"
AGRI416,"Formation and Promotion of 10,000 FPOs Scheme (Rajasthan Implementation)",FPO Support,Rajasthan,Jaipur,FPO Development,Fruits,0.0,20.0,Below ₹1.5 Lakh/year,Female Only,18,70,Yes,No,No,Need market linkage and aggregation,"Farmers residing in Jaipur district of Rajasthan, cultivating Fruits, owning between 0.0 and 20.0 acres of land, registered with the state agriculture portal. Must be a member of a registered FPO/Cooperative.",Up to ₹18 lakh financial support per FPO,Interest subvention of 3%,"Aadhaar Card, Land ownership document, Bank account details, Farmer registration certificate, Crop details",District Agriculture Office,https://www.sfacindia.com/,"fruits, fpo development, rajasthan farmer, jaipur, formation, government subsidy, agricultural support"
AGRI417,MIDH - Punjab Tomato Initiative,Horticulture Department,Punjab,Amritsar,Horticulture,Mango,0.0,2.0,Below ₹1.5 Lakh/year,Female Only,18,65,No,No,No,Need horticulture support,"Farmers residing in Amritsar district of Punjab, cultivating Mango, owning between 0.0 and 2.0 acres of land, registered with the state agriculture portal.",35% to 50% subsidy on planting material,40%,"Aadhaar Card, Land ownership document, Bank account details, Caste certificate (where applicable), Farmer registration certificate, Crop details",Block Development Office,https://midh.gov.in/,"mango, horticulture, punjab farmer, amritsar, midh, government subsidy, agricultural support"
AGRI418,Pradhan Mantri Matsya Sampada Yojana - Tamil Nadu Madurai Chapter,State Government,Tamil Nadu,Madurai,Fisheries,Fisheries,0.0,20.0,Below ₹5 Lakh/year,All (Priority for Women),21,60,No,No,No,Need aquaculture development,"Farmers residing in Madurai district of Tamil Nadu, cultivating Fisheries, owning between 0.0 and 20.0 acres of land, registered with the state agriculture portal.",40% to 60% subsidy on fishery inputs,Up to ₹5 lakh,"Aadhaar Card, Land ownership document, Bank account details, Farmer registration certificate, Crop details",NABARD Office,https://pmmsy.dof.gov.in/,"fisheries, fisheries, tamil nadu farmer, madurai, pradhan, government subsidy, agricultural support"
AGRI419,Horticulture Cluster Development Program (CDP) (West Bengal Implementation),Horticulture Department,West Bengal,Burdwan,Horticulture,Potato,0.0,20.0,Below ₹1.5 Lakh/year,All,18,70,No,No,No,Need cluster infrastructure,"Farmers residing in Burdwan district of West Bengal, cultivating Potato, owning between 0.0 and 20.0 acres of land, registered with the state agriculture portal.",Up to ₹50 lakh grant for post-harvest support,Interest subvention of 3%,"Aadhaar Card, Land ownership document, Bank account details, Farmer registration certificate, Crop details",Horticulture Department Office,https://midh.gov.in/,"potato, horticulture, west bengal farmer, burdwan, horticulture, government subsidy, agricultural support"
AGRI420,PM-KUSUM - Haryana Tomato Initiative,Central Government,Haryana,Ambala,Irrigation,Cotton,1.0,5.0,Below ₹2.5 Lakh/year,Female Only,18,75,No,Yes,Yes,Need irrigation support,"Farmers residing in Ambala district of Haryana, cultivating Cotton, owning between 1.0 and 5.0 acres of land, registered with the state agriculture portal. Must adhere to certified organic farming practices.",Up to 60% subsidy on solar pump installation,40%,"Aadhaar Card, Land ownership document, Bank account details",Block Development Office,https://pmkusum.mnre.gov.in/,"cotton, irrigation, haryana farmer, ambala, pm-kusum, government subsidy, agricultural support"
AGRI421,National Livestock Mission (NLM) - Dairy/Poultry (Gujarat Implementation),Central Government,Gujarat,Banaskantha,Dairy,Dairy,0.0,10.0,Below ₹5 Lakh/year,All,18,60,No,No,No,Need dairy development,"Farmers residing in Banaskantha district of Gujarat, cultivating Dairy, owning between 0.0 and 10.0 acres of land, registered with the state agriculture portal.",50% capital subsidy for farm setup,50%,"Aadhaar Card, Land ownership document, Bank account details, Farmer registration certificate, Crop details",Block Development Office,https://nlm.udyamimitra.in/,"dairy, dairy, gujarat farmer, banaskantha, national, government subsidy, agricultural support"
AGRI422,ATMA (Agricultural Technology Management Agency) Scheme (Andhra Pradesh Implementation),Agriculture Department,Andhra Pradesh,Anantapur,Skill Development,Pulses,0.0,10.0,Below ₹5 Lakh/year,All (Priority for Women),18,65,Yes,No,No,Need technical training and guidance,"Farmers residing in Anantapur district of Andhra Pradesh, cultivating Pulses, owning between 0.0 and 10.0 acres of land, registered with the state agriculture portal. Must be a member of a registered FPO/Cooperative.","Free training, exposure visits, and demonstrations",75%,"Aadhaar Card, Land ownership document, Bank account details, Farmer registration certificate, Crop details",PM Kisan Portal,State Agriculture Department Portal,"pulses, skill development, andhra pradesh farmer, anantapur, atma, government subsidy, agricultural support"
AGRI423,PM-KISAN - Odisha Cuttack Chapter,State Government,Odisha,Cuttack,Credit,Sugarcane,0.0,20.0,Below ₹1.5 Lakh/year,Male & Female,21,70,No,No,No,Need credit support,"Farmers residing in Cuttack district of Odisha, cultivating Sugarcane, owning between 0.0 and 20.0 acres of land, registered with the state agriculture portal.","₹6,000 per year in 3 installments",Interest subvention of 3%,"Aadhaar Card, Land ownership document, Bank account details",NABARD Office,https://pmkisan.gov.in/,"sugarcane, credit, odisha farmer, cuttack, pm-kisan, government subsidy, agricultural support"
AGRI424,Kisan Credit Card - Rajasthan Rice Initiative,NABARD Supported,Rajasthan,Ganganagar,Credit,Sugarcane,0.0,5.0,None,All (Priority for Women),21,65,No,No,No,Need financial assistance,"Farmers residing in Ganganagar district of Rajasthan, cultivating Sugarcane, owning between 0.0 and 5.0 acres of land, registered with the state agriculture portal.",Concessional interest rate at 4%,Up to ₹10 lakh,"Aadhaar Card, Land ownership document, Bank account details, Caste certificate (where applicable), Farmer registration certificate, Crop details",Horticulture Department Office,https://www.nabard.org/,"sugarcane, credit, rajasthan farmer, ganganagar, kisan, government subsidy, agricultural support"
AGRI425,Soil Health Card Scheme - Assam Sonitpur Chapter,State Government,Assam,Sonitpur,Soil Improvement,Wheat,0.0,5.0,Below ₹1.5 Lakh/year,Male & Female,21,60,No,No,No,Need soil health assessment,"Farmers residing in Sonitpur district of Assam, cultivating Wheat, owning between 0.0 and 5.0 acres of land, registered with the state agriculture portal.",Free soil testing and recommendations,60%,"Aadhaar Card, Land ownership document, Bank account details, Soil Health Card, Caste certificate (where applicable)",Block Development Office,https://soilhealth.dac.gov.in/,"wheat, soil improvement, assam farmer, sonitpur, soil, government subsidy, agricultural support"
AGRI426,PMFBY - Andhra Pradesh Guntur Chapter,State Government,Andhra Pradesh,Guntur,Crop Insurance,Sugarcane,0.0,20.0,Below ₹1.5 Lakh/year,Male & Female,21,60,No,No,No,Need crop insurance,"Farmers residing in Guntur district of Andhra Pradesh, cultivating Sugarcane, owning between 0.0 and 20.0 acres of land, registered with the state agriculture portal.",Premium subsidy up to 90%,Premium subsidy up to 90%,"Aadhaar Card, Land ownership document, Bank account details",Horticulture Department Office,https://pmfby.gov.in/,"sugarcane, crop insurance, andhra pradesh farmer, guntur, pmfby, government subsidy, agricultural support"
AGRI427,PKVY - Punjab Jalandhar Chapter,State Government,Punjab,Jalandhar,Organic Farming,Wheat,0.0,10.0,None,Female Only,21,75,Yes,Yes,No,Need organic certification,"Farmers residing in Jalandhar district of Punjab, cultivating Wheat, owning between 0.0 and 10.0 acres of land, registered with the state agriculture portal. Must be a member of a registered FPO/Cooperative. Must adhere to certified organic farming practices.","₹50,000 per ha assistance for cluster organic farming",Premium subsidy up to 90%,"Aadhaar Card, Land ownership document, Bank account details, Soil Health Card, Farmer registration certificate, Crop details",Block Development Office,https://pgsindia-ncof.gov.in/,"wheat, organic farming, punjab farmer, jalandhar, pkvy, government subsidy, agricultural support"
AGRI428,PM-KISAN (Pradhan Mantri Kisan Samman Nidhi) (Madhya Pradesh Implementation),Central Government,Madhya Pradesh,Bhopal,Credit,Soybean,0.0,5.0,Below ₹2.5 Lakh/year,Female Only,21,65,No,No,No,Need credit support,"Farmers residing in Bhopal district of Madhya Pradesh, cultivating Soybean, owning between 0.0 and 5.0 acres of land, registered with the state agriculture portal.","₹6,000 per year in 3 installments",Up to ₹2 lakh,"Aadhaar Card, Land ownership document, Bank account details",FPO Office,https://pmkisan.gov.in/,"soybean, credit, madhya pradesh farmer, bhopal, pm-kisan, government subsidy, agricultural support"
AGRI429,Sub-Mission on Seeds and Planting Material - Madhya Pradesh Jabalpur Chapter,State Government,Madhya Pradesh,Jabalpur,Subsidy,Maize,0.0,2.0,Below ₹1.5 Lakh/year,All (Priority for Women),18,65,No,No,No,Need quality seeds,"Farmers residing in Jabalpur district of Madhya Pradesh, cultivating Maize, owning between 0.0 and 2.0 acres of land, registered with the state agriculture portal.",50% subsidy on certified seed distribution,Up to ₹2 lakh,"Aadhaar Card, Land ownership document, Bank account details, Farmer registration certificate, Crop details",CSC Center,State Agriculture Department Portal,"maize, subsidy, madhya pradesh farmer, jabalpur, sub-mission, government subsidy, agricultural support"
AGRI430,MIDH - Punjab Potato Initiative,Horticulture Department,Punjab,Ludhiana,Horticulture,Potato,0.0,2.0,None,Female Only,21,60,No,No,No,Need horticulture support,"Farmers residing in Ludhiana district of Punjab, cultivating Potato, owning between 0.0 and 2.0 acres of land, registered with the state agriculture portal.",35% to 50% subsidy on planting material,60%,"Aadhaar Card, Land ownership document, Bank account details",FPO Office,https://midh.gov.in/,"potato, horticulture, punjab farmer, ludhiana, midh, government subsidy, agricultural support"
AGRI431,PMFBY (Pradhan Mantri Fasal Bima Yojana) (Karnataka Implementation),Central Government,Karnataka,Tumakuru,Crop Insurance,Pulses,0.0,2.0,None,Male & Female,21,60,No,No,No,Need crop insurance,"Farmers residing in Tumakuru district of Karnataka, cultivating Pulses, owning between 0.0 and 2.0 acres of land, registered with the state agriculture portal.",Premium subsidy up to 90%,Premium subsidy up to 90%,"Aadhaar Card, Land ownership document, Bank account details",PM Kisan Portal,https://pmfby.gov.in/,"pulses, crop insurance, karnataka farmer, tumakuru, pmfby, government subsidy, agricultural support"
AGRI432,PM-KUSUM (Solar Agriculture Pumps Scheme) (Gujarat Implementation),Central Government,Gujarat,Anand,Irrigation,Wheat,0.0,25.0,Below ₹5 Lakh/year,Male & Female,21,60,No,No,Yes,Need irrigation support,"Farmers residing in Anand district of Gujarat, cultivating Wheat, owning between 0.0 and 25.0 acres of land, registered with the state agriculture portal.",Up to 60% subsidy on solar pump installation,50%,"Aadhaar Card, Land ownership document, Bank account details, Caste certificate (where applicable), Farmer registration certificate, Crop details",Block Development Office,https://pmkusum.mnre.gov.in/,"wheat, irrigation, gujarat farmer, anand, pm-kusum, government subsidy, agricultural support"
AGRI433,PM-KISAN - Bihar Bhagalpur Chapter,State Government,Bihar,Bhagalpur,Credit,Pulses,0.0,5.0,None,Female Only,21,75,No,No,No,Need credit support,"Farmers residing in Bhagalpur district of Bihar, cultivating Pulses, owning between 0.0 and 5.0 acres of land, registered with the state agriculture portal.","₹6,000 per year in 3 installments",50%,"Aadhaar Card, Land ownership document, Bank account details",CSC Center,https://pmkisan.gov.in/,"pulses, credit, bihar farmer, bhagalpur, pm-kisan, government subsidy, agricultural support"
AGRI434,Soil Health Card Scheme (West Bengal Implementation),Agriculture Department,West Bengal,Murshidabad,Soil Improvement,Millet,0.0,10.0,None,Male & Female,18,60,No,No,No,Need soil health assessment,"Farmers residing in Murshidabad district of West Bengal, cultivating Millet, owning between 0.0 and 10.0 acres of land, registered with the state agriculture portal.",Free soil testing and recommendations,40%,"Aadhaar Card, Land ownership document, Bank account details, Soil Health Card, Caste certificate (where applicable), Farmer registration certificate, Crop details",District Agriculture Office,https://soilhealth.dac.gov.in/,"millet, soil improvement, west bengal farmer, murshidabad, soil, government subsidy, agricultural support"
AGRI435,National Livestock Mission (NLM) - Dairy/Poultry (Punjab Implementation),Central Government,Punjab,Patiala,Dairy,Dairy,0.0,2.0,Below ₹5 Lakh/year,Male & Female,21,70,No,No,No,Need dairy development,"Farmers residing in Patiala district of Punjab, cultivating Dairy, owning between 0.0 and 2.0 acres of land, registered with the state agriculture portal.",50% capital subsidy for farm setup,Up to ₹1 lakh,"Aadhaar Card, Land ownership document, Bank account details, Caste certificate (where applicable), Farmer registration certificate, Crop details",District Agriculture Office,https://nlm.udyamimitra.in/,"dairy, dairy, punjab farmer, patiala, national, government subsidy, agricultural support"
AGRI436,Pradhan Mantri Matsya Sampada Yojana (PMMSY) (Kerala Implementation),Central Government,Kerala,Wayanad,Fisheries,Fisheries,0.0,10.0,Below ₹1.5 Lakh/year,All (Priority for Women),21,60,Yes,No,No,Need aquaculture development,"Farmers residing in Wayanad district of Kerala, cultivating Fisheries, owning between 0.0 and 10.0 acres of land, registered with the state agriculture portal. Must be a member of a registered FPO/Cooperative.",40% to 60% subsidy on fishery inputs,Full subsidy for soil testing,"Aadhaar Card, Land ownership document, Bank account details",NABARD Office,https://pmmsy.dof.gov.in/,"fisheries, fisheries, kerala farmer, wayanad, pradhan, government subsidy, agricultural support"
AGRI437,MIDH (Mission for Integrated Development of Horticulture) (Haryana Implementation),Horticulture Department,Haryana,Rohtak,Horticulture,Potato,0.0,2.0,None,Female Only,18,70,No,No,No,Need horticulture support,"Farmers residing in Rohtak district of Haryana, cultivating Potato, owning between 0.0 and 2.0 acres of land, registered with the state agriculture portal.",35% to 50% subsidy on planting material,40%,"Aadhaar Card, Land ownership document, Bank account details",NABARD Office,https://midh.gov.in/,"potato, horticulture, haryana farmer, rohtak, midh, government subsidy, agricultural support"
AGRI438,PM-KUSUM - Telangana Warangal Chapter,State Government,Telangana,Warangal,Irrigation,Onion,0.0,10.0,Below ₹5 Lakh/year,All,21,70,No,No,Yes,Need irrigation support,"Farmers residing in Warangal district of Telangana, cultivating Onion, owning between 0.0 and 10.0 acres of land, registered with the state agriculture portal.",Up to 60% subsidy on solar pump installation,Premium subsidy up to 90%,"Aadhaar Card, Land ownership document, Bank account details",CSC Center,https://pmkusum.mnre.gov.in/,"onion, irrigation, telangana farmer, warangal, pm-kusum, government subsidy, agricultural support"
AGRI439,AIF (Agriculture Infrastructure Fund) (Tamil Nadu Implementation),Central Government,Tamil Nadu,Thanjavur,Storage,Grapes,2.0,5.0,Below ₹1.5 Lakh/year,All (Priority for Women),18,70,Yes,No,No,Need cold storage and infrastructure,"Farmers residing in Thanjavur district of Tamil Nadu, cultivating Grapes, owning between 2.0 and 5.0 acres of land, registered with the state agriculture portal. Must be a member of a registered FPO/Cooperative.",3% interest subvention up to ₹2 crore,60%,"Aadhaar Card, Land ownership document, Bank account details, Farmer registration certificate, Crop details",State Agriculture Department Portal,https://agriinfra.dac.gov.in/,"grapes, storage, tamil nadu farmer, thanjavur, aif, government subsidy, agricultural support"
AGRI440,Soil Health Card Scheme - West Bengal Murshidabad Chapter,State Government,West Bengal,Murshidabad,Soil Improvement,Rice,0.0,20.0,Below ₹2.5 Lakh/year,Male & Female,18,75,Yes,No,No,Need soil health assessment,"Farmers residing in Murshidabad district of West Bengal, cultivating Rice, owning between 0.0 and 20.0 acres of land, registered with the state agriculture portal. Must be a member of a registered FPO/Cooperative.",Free soil testing and recommendations,Up to ₹10 lakh,"Aadhaar Card, Land ownership document, Bank account details, Soil Health Card, Farmer registration certificate, Crop details",NABARD Office,https://soilhealth.dac.gov.in/,"rice, soil improvement, west bengal farmer, murshidabad, soil, government subsidy, agricultural support"
AGRI441,Horticulture Cluster Development Program (CDP) (Assam Implementation),Horticulture Department,Assam,Sonitpur,Horticulture,Banana,0.0,20.0,Below ₹2.5 Lakh/year,All (Priority for Women),18,75,No,No,No,Need cluster infrastructure,"Farmers residing in Sonitpur district of Assam, cultivating Banana, owning between 0.0 and 20.0 acres of land, registered with the state agriculture portal.",Up to ₹50 lakh grant for post-harvest support,Up to ₹10 lakh,"Aadhaar Card, Land ownership document, Bank account details, Caste certificate (where applicable), Farmer registration certificate, Crop details",Horticulture Department Office,https://midh.gov.in/,"banana, horticulture, assam farmer, sonitpur, horticulture, government subsidy, agricultural support"
AGRI442,PMFBY - Madhya Pradesh Jabalpur Chapter,State Government,Madhya Pradesh,Jabalpur,Crop Insurance,Rice,0.0,20.0,None,All,21,70,Yes,No,No,Need crop insurance,"Farmers residing in Jabalpur district of Madhya Pradesh, cultivating Rice, owning between 0.0 and 20.0 acres of land, registered with the state agriculture portal. Must be a member of a registered FPO/Cooperative.",Premium subsidy up to 90%,Up to ₹1 lakh,"Aadhaar Card, Land ownership document, Bank account details, Caste certificate (where applicable), Farmer registration certificate, Crop details",District Agriculture Office,https://pmfby.gov.in/,"rice, crop insurance, madhya pradesh farmer, jabalpur, pmfby, government subsidy, agricultural support"
AGRI443,Soil Health Card Scheme (West Bengal Implementation),Agriculture Department,West Bengal,Burdwan,Soil Improvement,Pulses,0.0,5.0,Below ₹2.5 Lakh/year,Male & Female,18,60,No,Yes,No,Need soil health assessment,"Farmers residing in Burdwan district of West Bengal, cultivating Pulses, owning between 0.0 and 5.0 acres of land, registered with the state agriculture portal. Must adhere to certified organic farming practices.",Free soil testing and recommendations,30%,"Aadhaar Card, Land ownership document, Bank account details, Soil Health Card",Horticulture Department Office,https://soilhealth.dac.gov.in/,"pulses, soil improvement, west bengal farmer, burdwan, soil, government subsidy, agricultural support"
AGRI444,"Formation and Promotion of 10,000 FPOs Scheme (Odisha Implementation)",FPO Support,Odisha,Puri,FPO Development,Pulses,0.0,5.0,Below ₹1.5 Lakh/year,Male & Female,21,65,Yes,No,No,Need market linkage and aggregation,"Farmers residing in Puri district of Odisha, cultivating Pulses, owning between 0.0 and 5.0 acres of land, registered with the state agriculture portal. Must be a member of a registered FPO/Cooperative.",Up to ₹18 lakh financial support per FPO,Up to ₹1 lakh,"Aadhaar Card, Land ownership document, Bank account details, Caste certificate (where applicable)",Block Development Office,https://www.sfacindia.com/,"pulses, fpo development, odisha farmer, puri, formation, government subsidy, agricultural support"
AGRI445,Pradhan Mantri Matsya Sampada Yojana - Bihar Bhagalpur Chapter,State Government,Bihar,Bhagalpur,Fisheries,Fisheries,0.0,20.0,Below ₹5 Lakh/year,All,18,60,No,No,No,Need aquaculture development,"Farmers residing in Bhagalpur district of Bihar, cultivating Fisheries, owning between 0.0 and 20.0 acres of land, registered with the state agriculture portal.",40% to 60% subsidy on fishery inputs,Full subsidy for soil testing,"Aadhaar Card, Land ownership document, Bank account details, Caste certificate (where applicable)",State Agriculture Department Portal,https://pmmsy.dof.gov.in/,"fisheries, fisheries, bihar farmer, bhagalpur, pradhan, government subsidy, agricultural support"
AGRI446,MIDH (Mission for Integrated Development of Horticulture) (Punjab Implementation),Horticulture Department,Punjab,Jalandhar,Horticulture,Onion,0.0,2.0,Below ₹2.5 Lakh/year,All,21,65,No,No,No,Need horticulture support,"Farmers residing in Jalandhar district of Punjab, cultivating Onion, owning between 0.0 and 2.0 acres of land, registered with the state agriculture portal.",35% to 50% subsidy on planting material,Premium subsidy up to 90%,"Aadhaar Card, Land ownership document, Bank account details",FPO Office,https://midh.gov.in/,"onion, horticulture, punjab farmer, jalandhar, midh, government subsidy, agricultural support"
AGRI447,Pradhan Mantri Matsya Sampada Yojana - Punjab Fisheries Initiative,Central Government,Punjab,Patiala,Fisheries,Fisheries,0.0,20.0,None,Female Only,21,70,Yes,No,No,Need aquaculture development,"Farmers residing in Patiala district of Punjab, cultivating Fisheries, owning between 0.0 and 20.0 acres of land, registered with the state agriculture portal. Must be a member of a registered FPO/Cooperative.",40% to 60% subsidy on fishery inputs,Up to ₹10 lakh,"Aadhaar Card, Land ownership document, Bank account details, Caste certificate (where applicable), Farmer registration certificate, Crop details",NABARD Office,https://pmmsy.dof.gov.in/,"fisheries, fisheries, punjab farmer, patiala, pradhan, government subsidy, agricultural support"
AGRI448,Kisan Credit Card (KCC) Scheme (Rajasthan Implementation),NABARD Supported,Rajasthan,Kota,Credit,Rice,0.0,10.0,Below ₹2.5 Lakh/year,All,18,70,No,No,No,Need financial assistance,"Farmers residing in Kota district of Rajasthan, cultivating Rice, owning between 0.0 and 10.0 acres of land, registered with the state agriculture portal.",Concessional interest rate at 4%,Up to ₹1 lakh,"Aadhaar Card, Land ownership document, Bank account details, Caste certificate (where applicable)",State Agriculture Department Portal,https://www.nabard.org/,"rice, credit, rajasthan farmer, kota, kisan, government subsidy, agricultural support"
AGRI449,PMFBY (Pradhan Mantri Fasal Bima Yojana) (Uttar Pradesh Implementation),Central Government,Uttar Pradesh,Varanasi,Crop Insurance,Soybean,0.0,20.0,None,Female Only,18,70,No,No,No,Need crop insurance,"Farmers residing in Varanasi district of Uttar Pradesh, cultivating Soybean, owning between 0.0 and 20.0 acres of land, registered with the state agriculture portal.",Premium subsidy up to 90%,Up to ₹5 lakh,"Aadhaar Card, Land ownership document, Bank account details, Caste certificate (where applicable)",PM Kisan Portal,https://pmfby.gov.in/,"soybean, crop insurance, uttar pradesh farmer, varanasi, pmfby, government subsidy, agricultural support"
AGRI450,e-NAM (National Agriculture Market) (Gujarat Implementation),Central Government,Gujarat,Anand,Marketing,Tomato,0.0,10.0,Below ₹1.5 Lakh/year,Male & Female,18,65,Yes,No,No,Need market linkage,"Farmers residing in Anand district of Gujarat, cultivating Tomato, owning between 0.0 and 10.0 acres of land, registered with the state agriculture portal. Must be a member of a registered FPO/Cooperative.",Free access to online trading platform,50%,"Aadhaar Card, Land ownership document, Bank account details, Caste certificate (where applicable)",CSC Center,https://www.enam.gov.in/,"tomato, marketing, gujarat farmer, anand, e-nam, government subsidy, agricultural support"
AGRI451,Cooperative Agricultural Credit Structure Scheme - West Bengal Soybean Initiative,Cooperative,West Bengal,North 24 Parganas,Credit,Potato,0.0,10.0,Below ₹2.5 Lakh/year,All,18,75,No,No,No,Need short term crop credit,"Farmers residing in North 24 Parganas district of West Bengal, cultivating Potato, owning between 0.0 and 10.0 acres of land, registered with the state agriculture portal.",Low interest short term loans,Interest subvention of 3%,"Aadhaar Card, Land ownership document, Bank account details, Caste certificate (where applicable), Farmer registration certificate, Crop details",CSC Center,State Agriculture Department Portal,"potato, credit, west bengal farmer, north 24 parganas, cooperative, government subsidy, agricultural support"
AGRI452,Horticulture Cluster Development Program (CDP) (Tamil Nadu Implementation),Horticulture Department,Tamil Nadu,Coimbatore,Horticulture,Tomato,0.0,10.0,None,Male & Female,18,65,No,No,No,Need cluster infrastructure,"Farmers residing in Coimbatore district of Tamil Nadu, cultivating Tomato, owning between 0.0 and 10.0 acres of land, registered with the state agriculture portal.",Up to ₹50 lakh grant for post-harvest support,Up to ₹2 lakh,"Aadhaar Card, Land ownership document, Bank account details, Caste certificate (where applicable)",FPO Office,https://midh.gov.in/,"tomato, horticulture, tamil nadu farmer, coimbatore, horticulture, government subsidy, agricultural support"
AGRI453,"Formation and Promotion of 10,000 FPOs Scheme (Karnataka Implementation)",FPO Support,Karnataka,Davangere,FPO Development,Onion,0.0,10.0,Below ₹2.5 Lakh/year,Male & Female,21,60,Yes,No,No,Need market linkage and aggregation,"Farmers residing in Davangere district of Karnataka, cultivating Onion, owning between 0.0 and 10.0 acres of land, registered with the state agriculture portal. Must be a member of a registered FPO/Cooperative.",Up to ₹18 lakh financial support per FPO,50%,"Aadhaar Card, Land ownership document, Bank account details, Farmer registration certificate, Crop details",Horticulture Department Office,https://www.sfacindia.com/,"onion, fpo development, karnataka farmer, davangere, formation, government subsidy, agricultural support"
AGRI454,PM-KISAN - Maharashtra Nagpur Chapter,State Government,Maharashtra,Nagpur,Credit,Pulses,0.0,20.0,Below ₹1.5 Lakh/year,All,18,60,No,No,No,Need credit support,"Farmers residing in Nagpur district of Maharashtra, cultivating Pulses, owning between 0.0 and 20.0 acres of land, registered with the state agriculture portal.","₹6,000 per year in 3 installments",Up to ₹5 lakh,"Aadhaar Card, Land ownership document, Bank account details, Farmer registration certificate, Crop details",Block Development Office,https://pmkisan.gov.in/,"pulses, credit, maharashtra farmer, nagpur, pm-kisan, government subsidy, agricultural support"
AGRI455,Fisheries Infrastructure Development Fund (FIDF) (Telangana Implementation),NABARD Supported,Telangana,Khammam,Fisheries,Fisheries,0.0,2.0,Below ₹1.5 Lakh/year,Female Only,18,75,Yes,No,No,Need fisheries storage and market access,"Farmers residing in Khammam district of Telangana, cultivating Fisheries, owning between 0.0 and 2.0 acres of land, registered with the state agriculture portal. Must be a member of a registered FPO/Cooperative.",Interest subvention up to 3%,75%,"Aadhaar Card, Land ownership document, Bank account details",CSC Center,https://nabard.org/,"fisheries, fisheries, telangana farmer, khammam, fisheries, government subsidy, agricultural support"
AGRI456,Kisan Credit Card (KCC) Scheme (Tamil Nadu Implementation),NABARD Supported,Tamil Nadu,Madurai,Credit,Cotton,0.0,2.0,Below ₹5 Lakh/year,Male & Female,18,60,No,No,No,Need financial assistance,"Farmers residing in Madurai district of Tamil Nadu, cultivating Cotton, owning between 0.0 and 2.0 acres of land, registered with the state agriculture portal.",Concessional interest rate at 4%,Up to ₹2 lakh,"Aadhaar Card, Land ownership document, Bank account details, Caste certificate (where applicable), Farmer registration certificate, Crop details",Horticulture Department Office,https://www.nabard.org/,"cotton, credit, tamil nadu farmer, madurai, kisan, government subsidy, agricultural support"
AGRI457,SMAM (Sub-Mission on Agricultural Mechanization) (Uttar Pradesh Implementation),Central Government,Uttar Pradesh,Gorakhpur,Farm Mechanization,Rice,0.0,25.0,Below ₹2.5 Lakh/year,All,18,70,No,No,No,Need farm machinery,"Farmers residing in Gorakhpur district of Uttar Pradesh, cultivating Rice, owning between 0.0 and 25.0 acres of land, registered with the state agriculture portal.",40% to 50% subsidy on farm implements,Full subsidy for soil testing,"Aadhaar Card, Land ownership document, Bank account details, Farmer registration certificate, Crop details",PM Kisan Portal,https://agrimachinery.nic.in/,"rice, farm mechanization, uttar pradesh farmer, gorakhpur, smam, government subsidy, agricultural support"
AGRI458,Cooperative Agricultural Credit Structure Scheme - Karnataka Soybean Initiative,Cooperative,Karnataka,Shimoga,Credit,Sugarcane,0.0,2.0,Below ₹5 Lakh/year,Male & Female,21,70,Yes,No,No,Need short term crop credit,"Farmers residing in Shimoga district of Karnataka, cultivating Sugarcane, owning between 0.0 and 2.0 acres of land, registered with the state agriculture portal. Must be a member of a registered FPO/Cooperative.",Low interest short term loans,Up to ₹10 lakh,"Aadhaar Card, Land ownership document, Bank account details",CSC Center,State Agriculture Department Portal,"sugarcane, credit, karnataka farmer, shimoga, cooperative, government subsidy, agricultural support"
AGRI459,PMFBY (Pradhan Mantri Fasal Bima Yojana) (Karnataka Implementation),Central Government,Karnataka,Davangere,Crop Insurance,Soybean,0.0,5.0,Below ₹5 Lakh/year,All,18,65,No,No,No,Need crop insurance,"Farmers residing in Davangere district of Karnataka, cultivating Soybean, owning between 0.0 and 5.0 acres of land, registered with the state agriculture portal.",Premium subsidy up to 90%,40%,"Aadhaar Card, Land ownership document, Bank account details, Farmer registration certificate, Crop details",FPO Office,https://pmfby.gov.in/,"soybean, crop insurance, karnataka farmer, davangere, pmfby, government subsidy, agricultural support"
AGRI460,ATMA - Haryana Karnal Chapter,State Government,Haryana,Karnal,Skill Development,Pulses,0.0,2.0,Below ₹5 Lakh/year,Female Only,18,60,No,No,No,Need technical training and guidance,"Farmers residing in Karnal district of Haryana, cultivating Pulses, owning between 0.0 and 2.0 acres of land, registered with the state agriculture portal.","Free training, exposure visits, and demonstrations",30%,"Aadhaar Card, Land ownership document, Bank account details",CSC Center,State Agriculture Department Portal,"pulses, skill development, haryana farmer, karnal, atma, government subsidy, agricultural support"
AGRI461,Kisan Credit Card (KCC) Scheme (Kerala Implementation),NABARD Supported,Kerala,Palakkad,Credit,Rice,0.0,2.0,None,Male & Female,21,60,No,Yes,No,Need financial assistance,"Farmers residing in Palakkad district of Kerala, cultivating Rice, owning between 0.0 and 2.0 acres of land, registered with the state agriculture portal. Must adhere to certified organic farming practices.",Concessional interest rate at 4%,30%,"Aadhaar Card, Land ownership document, Bank account details, Caste certificate (where applicable)",State Agriculture Department Portal,https://www.nabard.org/,"rice, credit, kerala farmer, palakkad, kisan, government subsidy, agricultural support"
AGRI462,PMKSY - Punjab Jalandhar Chapter,State Government,Punjab,Jalandhar,Irrigation,Tomato,1.0,10.0,None,Male & Female,18,60,No,No,Yes,Need irrigation support,"Farmers residing in Jalandhar district of Punjab, cultivating Tomato, owning between 1.0 and 10.0 acres of land, registered with the state agriculture portal.",50% to 55% subsidy on drip/sprinkler,Up to ₹2 lakh,"Aadhaar Card, Land ownership document, Bank account details",FPO Office,https://pmksy.gov.in/,"tomato, irrigation, punjab farmer, jalandhar, pmksy, government subsidy, agricultural support"
AGRI463,PM-KISAN - Kerala Alappuzha Chapter,State Government,Kerala,Alappuzha,Credit,Wheat,0.0,2.0,None,All,18,65,No,No,No,Need credit support,"Farmers residing in Alappuzha district of Kerala, cultivating Wheat, owning between 0.0 and 2.0 acres of land, registered with the state agriculture portal.","₹6,000 per year in 3 installments",Up to ₹10 lakh,"Aadhaar Card, Land ownership document, Bank account details, Caste certificate (where applicable), Farmer registration certificate, Crop details",Horticulture Department Office,https://pmkisan.gov.in/,"wheat, credit, kerala farmer, alappuzha, pm-kisan, government subsidy, agricultural support"
AGRI464,SMAM - Bihar Cotton Initiative,Central Government,Bihar,Gaya,Farm Mechanization,Soybean,1.0,25.0,Below ₹5 Lakh/year,Female Only,18,65,No,No,No,Need farm machinery,"Farmers residing in Gaya district of Bihar, cultivating Soybean, owning between 1.0 and 25.0 acres of land, registered with the state agriculture portal.",40% to 50% subsidy on farm implements,75%,"Aadhaar Card, Land ownership document, Bank account details, Caste certificate (where applicable), Farmer registration certificate, Crop details",District Agriculture Office,https://agrimachinery.nic.in/,"soybean, farm mechanization, bihar farmer, gaya, smam, government subsidy, agricultural support"
AGRI465,PMFBY (Pradhan Mantri Fasal Bima Yojana) (Bihar Implementation),Central Government,Bihar,Darbhanga,Crop Insurance,Rice,0.0,20.0,Below ₹5 Lakh/year,All (Priority for Women),18,65,No,No,No,Need crop insurance,"Farmers residing in Darbhanga district of Bihar, cultivating Rice, owning between 0.0 and 20.0 acres of land, registered with the state agriculture portal.",Premium subsidy up to 90%,Full subsidy for soil testing,"Aadhaar Card, Land ownership document, Bank account details, Farmer registration certificate, Crop details",FPO Office,https://pmfby.gov.in/,"rice, crop insurance, bihar farmer, darbhanga, pmfby, government subsidy, agricultural support"
AGRI466,Horticulture Cluster Development Program (CDP) (Andhra Pradesh Implementation),Horticulture Department,Andhra Pradesh,Anantapur,Horticulture,Tomato,0.0,20.0,None,Male & Female,18,60,No,No,No,Need cluster infrastructure,"Farmers residing in Anantapur district of Andhra Pradesh, cultivating Tomato, owning between 0.0 and 20.0 acres of land, registered with the state agriculture portal.",Up to ₹50 lakh grant for post-harvest support,Up to ₹5 lakh,"Aadhaar Card, Land ownership document, Bank account details, Farmer registration certificate, Crop details",FPO Office,https://midh.gov.in/,"tomato, horticulture, andhra pradesh farmer, anantapur, horticulture, government subsidy, agricultural support"
AGRI467,Pradhan Mantri Matsya Sampada Yojana - Uttar Pradesh Kanpur Chapter,State Government,Uttar Pradesh,Kanpur,Fisheries,Fisheries,0.0,10.0,None,All,21,60,No,No,No,Need aquaculture development,"Farmers residing in Kanpur district of Uttar Pradesh, cultivating Fisheries, owning between 0.0 and 10.0 acres of land, registered with the state agriculture portal.",40% to 60% subsidy on fishery inputs,Up to ₹5 lakh,"Aadhaar Card, Land ownership document, Bank account details, Caste certificate (where applicable)",FPO Office,https://pmmsy.dof.gov.in/,"fisheries, fisheries, uttar pradesh farmer, kanpur, pradhan, government subsidy, agricultural support"
AGRI468,PMFBY - Maharashtra Ahmednagar Chapter,State Government,Maharashtra,Ahmednagar,Crop Insurance,Wheat,0.0,5.0,Below ₹5 Lakh/year,All (Priority for Women),21,65,No,Yes,No,Need crop insurance,"Farmers residing in Ahmednagar district of Maharashtra, cultivating Wheat, owning between 0.0 and 5.0 acres of land, registered with the state agriculture portal. Must adhere to certified organic farming practices.",Premium subsidy up to 90%,75%,"Aadhaar Card, Land ownership document, Bank account details, Farmer registration certificate, Crop details",District Agriculture Office,https://pmfby.gov.in/,"wheat, crop insurance, maharashtra farmer, ahmednagar, pmfby, government subsidy, agricultural support"
AGRI469,Pradhan Mantri Matsya Sampada Yojana (PMMSY) (Gujarat Implementation),Central Government,Gujarat,Junagadh,Fisheries,Fisheries,0.0,10.0,Below ₹5 Lakh/year,All (Priority for Women),21,60,Yes,No,No,Need aquaculture development,"Farmers residing in Junagadh district of Gujarat, cultivating Fisheries, owning between 0.0 and 10.0 acres of land, registered with the state agriculture portal. Must be a member of a registered FPO/Cooperative.",40% to 60% subsidy on fishery inputs,50%,"Aadhaar Card, Land ownership document, Bank account details, Farmer registration certificate, Crop details",Block Development Office,https://pmmsy.dof.gov.in/,"fisheries, fisheries, gujarat farmer, junagadh, pradhan, government subsidy, agricultural support"
AGRI470,AIF (Agriculture Infrastructure Fund) (Andhra Pradesh Implementation),Central Government,Andhra Pradesh,Anantapur,Storage,Onion,2.0,25.0,Below ₹2.5 Lakh/year,Female Only,18,70,Yes,No,No,Need cold storage and infrastructure,"Farmers residing in Anantapur district of Andhra Pradesh, cultivating Onion, owning between 2.0 and 25.0 acres of land, registered with the state agriculture portal. Must be a member of a registered FPO/Cooperative.",3% interest subvention up to ₹2 crore,Interest subvention of 3%,"Aadhaar Card, Land ownership document, Bank account details",Horticulture Department Office,https://agriinfra.dac.gov.in/,"onion, storage, andhra pradesh farmer, anantapur, aif, government subsidy, agricultural support"
AGRI471,MIDH (Mission for Integrated Development of Horticulture) (Haryana Implementation),Horticulture Department,Haryana,Sirsa,Horticulture,Potato,0.0,20.0,Below ₹5 Lakh/year,Male & Female,21,65,No,No,No,Need horticulture support,"Farmers residing in Sirsa district of Haryana, cultivating Potato, owning between 0.0 and 20.0 acres of land, registered with the state agriculture portal.",35% to 50% subsidy on planting material,Full subsidy for soil testing,"Aadhaar Card, Land ownership document, Bank account details",Horticulture Department Office,https://midh.gov.in/,"potato, horticulture, haryana farmer, sirsa, midh, government subsidy, agricultural support"
AGRI472,e-NAM - Odisha Tomato Initiative,Central Government,Odisha,Sambalpur,Marketing,Cotton,0.0,5.0,Below ₹1.5 Lakh/year,All (Priority for Women),21,75,Yes,No,No,Need market linkage,"Farmers residing in Sambalpur district of Odisha, cultivating Cotton, owning between 0.0 and 5.0 acres of land, registered with the state agriculture portal. Must be a member of a registered FPO/Cooperative.",Free access to online trading platform,Premium subsidy up to 90%,"Aadhaar Card, Land ownership document, Bank account details, Caste certificate (where applicable)",NABARD Office,https://www.enam.gov.in/,"cotton, marketing, odisha farmer, sambalpur, e-nam, government subsidy, agricultural support"
AGRI473,Cooperative Agricultural Credit Structure Scheme - Haryana Pulses Initiative,Cooperative,Haryana,Hisar,Credit,Cotton,0.0,5.0,None,Male & Female,21,75,No,No,No,Need short term crop credit,"Farmers residing in Hisar district of Haryana, cultivating Cotton, owning between 0.0 and 5.0 acres of land, registered with the state agriculture portal.",Low interest short term loans,Up to ₹1 lakh,"Aadhaar Card, Land ownership document, Bank account details, Farmer registration certificate, Crop details",Block Development Office,State Agriculture Department Portal,"cotton, credit, haryana farmer, hisar, cooperative, government subsidy, agricultural support"
AGRI474,PM-KISAN - Madhya Pradesh Dewas Chapter,State Government,Madhya Pradesh,Dewas,Credit,Sugarcane,0.0,2.0,Below ₹5 Lakh/year,All,21,60,No,No,Yes,Need credit support,"Farmers residing in Dewas district of Madhya Pradesh, cultivating Sugarcane, owning between 0.0 and 2.0 acres of land, registered with the state agriculture portal.","₹6,000 per year in 3 installments",40%,"Aadhaar Card, Land ownership document, Bank account details, Caste certificate (where applicable)",FPO Office,https://pmkisan.gov.in/,"sugarcane, credit, madhya pradesh farmer, dewas, pm-kisan, government subsidy, agricultural support"
AGRI475,MIDH (Mission for Integrated Development of Horticulture) (Andhra Pradesh Implementation),Horticulture Department,Andhra Pradesh,West Godavari,Horticulture,Fruits,0.0,5.0,Below ₹2.5 Lakh/year,Female Only,18,70,No,No,No,Need horticulture support,"Farmers residing in West Godavari district of Andhra Pradesh, cultivating Fruits, owning between 0.0 and 5.0 acres of land, registered with the state agriculture portal.",35% to 50% subsidy on planting material,Up to ₹2 lakh,"Aadhaar Card, Land ownership document, Bank account details",PM Kisan Portal,https://midh.gov.in/,"fruits, horticulture, andhra pradesh farmer, west godavari, midh, government subsidy, agricultural support"
AGRI476,Sub-Mission on Seeds and Planting Material - Rajasthan Jodhpur Chapter,State Government,Rajasthan,Jodhpur,Subsidy,Maize,0.0,5.0,Below ₹1.5 Lakh/year,All (Priority for Women),21,75,No,No,No,Need quality seeds,"Farmers residing in Jodhpur district of Rajasthan, cultivating Maize, owning between 0.0 and 5.0 acres of land, registered with the state agriculture portal.",50% subsidy on certified seed distribution,60%,"Aadhaar Card, Land ownership document, Bank account details",Block Development Office,State Agriculture Department Portal,"maize, subsidy, rajasthan farmer, jodhpur, sub-mission, government subsidy, agricultural support"
AGRI477,MIDH - Kerala Potato Initiative,Horticulture Department,Kerala,Thrissur,Horticulture,Potato,0.0,10.0,None,Male & Female,21,70,No,No,No,Need horticulture support,"Farmers residing in Thrissur district of Kerala, cultivating Potato, owning between 0.0 and 10.0 acres of land, registered with the state agriculture portal.",35% to 50% subsidy on planting material,Up to ₹2 lakh,"Aadhaar Card, Land ownership document, Bank account details",NABARD Office,https://midh.gov.in/,"potato, horticulture, kerala farmer, thrissur, midh, government subsidy, agricultural support"
AGRI478,"Formation and Promotion of 10,000 FPOs Scheme (Maharashtra Implementation)",FPO Support,Maharashtra,Latur,FPO Development,Pulses,0.0,10.0,Below ₹1.5 Lakh/year,Male & Female,18,75,Yes,Yes,No,Need market linkage and aggregation,"Farmers residing in Latur district of Maharashtra, cultivating Pulses, owning between 0.0 and 10.0 acres of land, registered with the state agriculture portal. Must be a member of a registered FPO/Cooperative. Must adhere to certified organic farming practices.",Up to ₹18 lakh financial support per FPO,Up to ₹2 lakh,"Aadhaar Card, Land ownership document, Bank account details, Caste certificate (where applicable), Farmer registration certificate, Crop details",Horticulture Department Office,https://www.sfacindia.com/,"pulses, fpo development, maharashtra farmer, latur, formation, government subsidy, agricultural support"
AGRI479,ATMA - Haryana Hisar Chapter,State Government,Haryana,Hisar,Skill Development,Dairy,0.0,5.0,None,Male & Female,18,65,No,No,No,Need technical training and guidance,"Farmers residing in Hisar district of Haryana, cultivating Dairy, owning between 0.0 and 5.0 acres of land, registered with the state agriculture portal.","Free training, exposure visits, and demonstrations",Up to ₹2 lakh,"Aadhaar Card, Land ownership document, Bank account details, Caste certificate (where applicable), Farmer registration certificate, Crop details",State Agriculture Department Portal,State Agriculture Department Portal,"dairy, skill development, haryana farmer, hisar, atma, government subsidy, agricultural support"
AGRI480,RKVY-RAFTAAR - Punjab Millet Initiative,State Government,Punjab,Amritsar,Subsidy,Millet,0.0,5.0,None,All (Priority for Women),21,75,No,No,No,Need financial assistance,"Farmers residing in Amritsar district of Punjab, cultivating Millet, owning between 0.0 and 5.0 acres of land, registered with the state agriculture portal.",Up to 50% project cost subsidy,60%,"Aadhaar Card, Land ownership document, Bank account details, Caste certificate (where applicable), Farmer registration certificate, Crop details",Block Development Office,State Agriculture Department Portal,"millet, subsidy, punjab farmer, amritsar, rkvy-raftaar, government subsidy, agricultural support"
AGRI481,Sub-Mission on Seeds and Planting Material (SMSP) (Madhya Pradesh Implementation),Agriculture Department,Madhya Pradesh,Jabalpur,Subsidy,Wheat,0.0,20.0,Below ₹5 Lakh/year,All (Priority for Women),18,65,No,No,No,Need quality seeds,"Farmers residing in Jabalpur district of Madhya Pradesh, cultivating Wheat, owning between 0.0 and 20.0 acres of land, registered with the state agriculture portal.",50% subsidy on certified seed distribution,Premium subsidy up to 90%,"Aadhaar Card, Land ownership document, Bank account details",Horticulture Department Office,State Agriculture Department Portal,"wheat, subsidy, madhya pradesh farmer, jabalpur, sub-mission, government subsidy, agricultural support"
AGRI482,RKVY-RAFTAAR - Kerala Maize Initiative,State Government,Kerala,Alappuzha,Subsidy,Millet,0.0,10.0,Below ₹5 Lakh/year,Male & Female,18,75,No,No,No,Need financial assistance,"Farmers residing in Alappuzha district of Kerala, cultivating Millet, owning between 0.0 and 10.0 acres of land, registered with the state agriculture portal.",Up to 50% project cost subsidy,Full subsidy for soil testing,"Aadhaar Card, Land ownership document, Bank account details, Farmer registration certificate, Crop details",District Agriculture Office,State Agriculture Department Portal,"millet, subsidy, kerala farmer, alappuzha, rkvy-raftaar, government subsidy, agricultural support"
AGRI483,Horticulture Cluster Development Program - Gujarat Potato Initiative,Horticulture Department,Gujarat,Banaskantha,Horticulture,Fruits,0.0,10.0,None,All (Priority for Women),21,75,No,No,No,Need cluster infrastructure,"Farmers residing in Banaskantha district of Gujarat, cultivating Fruits, owning between 0.0 and 10.0 acres of land, registered with the state agriculture portal.",Up to ₹50 lakh grant for post-harvest support,Up to ₹1 lakh,"Aadhaar Card, Land ownership document, Bank account details, Caste certificate (where applicable), Farmer registration certificate, Crop details",FPO Office,https://midh.gov.in/,"fruits, horticulture, gujarat farmer, banaskantha, horticulture, government subsidy, agricultural support"
AGRI484,National Livestock Mission - Kerala Wayanad Chapter,State Government,Kerala,Wayanad,Dairy,Dairy,0.0,20.0,None,All,21,75,No,No,No,Need dairy development,"Farmers residing in Wayanad district of Kerala, cultivating Dairy, owning between 0.0 and 20.0 acres of land, registered with the state agriculture portal.",50% capital subsidy for farm setup,60%,"Aadhaar Card, Land ownership document, Bank account details, Caste certificate (where applicable), Farmer registration certificate, Crop details",State Agriculture Department Portal,https://nlm.udyamimitra.in/,"dairy, dairy, kerala farmer, wayanad, national, government subsidy, agricultural support"
AGRI485,Soil Health Card Scheme - Andhra Pradesh Millet Initiative,Agriculture Department,Andhra Pradesh,Kurnool,Soil Improvement,Cotton,0.0,5.0,Below ₹1.5 Lakh/year,All (Priority for Women),21,70,No,No,No,Need soil health assessment,"Farmers residing in Kurnool district of Andhra Pradesh, cultivating Cotton, owning between 0.0 and 5.0 acres of land, registered with the state agriculture portal.",Free soil testing and recommendations,30%,"Aadhaar Card, Land ownership document, Bank account details, Soil Health Card, Farmer registration certificate, Crop details",State Agriculture Department Portal,https://soilhealth.dac.gov.in/,"cotton, soil improvement, andhra pradesh farmer, kurnool, soil, government subsidy, agricultural support"
AGRI486,Cooperative Agricultural Credit Structure Scheme (Odisha Implementation),Cooperative,Odisha,Ganjam,Credit,Sugarcane,0.0,10.0,Below ₹2.5 Lakh/year,Male & Female,21,65,No,Yes,No,Need short term crop credit,"Farmers residing in Ganjam district of Odisha, cultivating Sugarcane, owning between 0.0 and 10.0 acres of land, registered with the state agriculture portal. Must adhere to certified organic farming practices.",Low interest short term loans,60%,"Aadhaar Card, Land ownership document, Bank account details, Farmer registration certificate, Crop details",State Agriculture Department Portal,State Agriculture Department Portal,"sugarcane, credit, odisha farmer, ganjam, cooperative, government subsidy, agricultural support"
AGRI487,Pradhan Mantri Matsya Sampada Yojana - Tamil Nadu Salem Chapter,State Government,Tamil Nadu,Salem,Fisheries,Fisheries,0.0,2.0,Below ₹1.5 Lakh/year,All (Priority for Women),18,70,No,No,No,Need aquaculture development,"Farmers residing in Salem district of Tamil Nadu, cultivating Fisheries, owning between 0.0 and 2.0 acres of land, registered with the state agriculture portal.",40% to 60% subsidy on fishery inputs,30%,"Aadhaar Card, Land ownership document, Bank account details",FPO Office,https://pmmsy.dof.gov.in/,"fisheries, fisheries, tamil nadu farmer, salem, pradhan, government subsidy, agricultural support"
AGRI488,MIDH - Haryana Potato Initiative,Horticulture Department,Haryana,Hisar,Horticulture,Potato,0.0,2.0,Below ₹1.5 Lakh/year,All,21,70,No,No,No,Need horticulture support,"Farmers residing in Hisar district of Haryana, cultivating Potato, owning between 0.0 and 2.0 acres of land, registered with the state agriculture portal.",35% to 50% subsidy on planting material,60%,"Aadhaar Card, Land ownership document, Bank account details, Farmer registration certificate, Crop details",Block Development Office,https://midh.gov.in/,"potato, horticulture, haryana farmer, hisar, midh, government subsidy, agricultural support"
AGRI489,PMKSY - Bihar Gaya Chapter,State Government,Bihar,Gaya,Irrigation,Wheat,0.0,5.0,Below ₹1.5 Lakh/year,Female Only,18,75,No,No,Yes,Need irrigation support,"Farmers residing in Gaya district of Bihar, cultivating Wheat, owning between 0.0 and 5.0 acres of land, registered with the state agriculture portal.",50% to 55% subsidy on drip/sprinkler,Interest subvention of 3%,"Aadhaar Card, Land ownership document, Bank account details",FPO Office,https://pmksy.gov.in/,"wheat, irrigation, bihar farmer, gaya, pmksy, government subsidy, agricultural support"
AGRI490,PMFBY (Pradhan Mantri Fasal Bima Yojana) (Haryana Implementation),Central Government,Haryana,Hisar,Crop Insurance,Soybean,0.0,2.0,Below ₹2.5 Lakh/year,Female Only,18,70,No,No,No,Need crop insurance,"Farmers residing in Hisar district of Haryana, cultivating Soybean, owning between 0.0 and 2.0 acres of land, registered with the state agriculture portal.",Premium subsidy up to 90%,Interest subvention of 3%,"Aadhaar Card, Land ownership document, Bank account details",District Agriculture Office,https://pmfby.gov.in/,"soybean, crop insurance, haryana farmer, hisar, pmfby, government subsidy, agricultural support"
AGRI491,"Formation and Promotion of 10,000 FPOs Scheme (Madhya Pradesh Implementation)",FPO Support,Madhya Pradesh,Bhopal,FPO Development,Soybean,0.0,10.0,None,Male & Female,21,65,Yes,No,No,Need market linkage and aggregation,"Farmers residing in Bhopal district of Madhya Pradesh, cultivating Soybean, owning between 0.0 and 10.0 acres of land, registered with the state agriculture portal. Must be a member of a registered FPO/Cooperative.",Up to ₹18 lakh financial support per FPO,Full subsidy for soil testing,"Aadhaar Card, Land ownership document, Bank account details, Farmer registration certificate, Crop details",State Agriculture Department Portal,https://www.sfacindia.com/,"soybean, fpo development, madhya pradesh farmer, bhopal, formation, government subsidy, agricultural support"
AGRI492,ATMA (Agricultural Technology Management Agency) Scheme (Bihar Implementation),Agriculture Department,Bihar,Bhagalpur,Skill Development,Rice,0.0,5.0,Below ₹5 Lakh/year,Male & Female,21,65,No,No,Yes,Need technical training and guidance,"Farmers residing in Bhagalpur district of Bihar, cultivating Rice, owning between 0.0 and 5.0 acres of land, registered with the state agriculture portal.","Free training, exposure visits, and demonstrations",Full subsidy for soil testing,"Aadhaar Card, Land ownership document, Bank account details",FPO Office,State Agriculture Department Portal,"rice, skill development, bihar farmer, bhagalpur, atma, government subsidy, agricultural support"
AGRI493,Soil Health Card Scheme (Karnataka Implementation),Agriculture Department,Karnataka,Mysuru,Soil Improvement,Millet,0.0,20.0,Below ₹5 Lakh/year,All,18,70,No,No,No,Need soil health assessment,"Farmers residing in Mysuru district of Karnataka, cultivating Millet, owning between 0.0 and 20.0 acres of land, registered with the state agriculture portal.",Free soil testing and recommendations,30%,"Aadhaar Card, Land ownership document, Bank account details, Soil Health Card",CSC Center,https://soilhealth.dac.gov.in/,"millet, soil improvement, karnataka farmer, mysuru, soil, government subsidy, agricultural support"
AGRI494,PKVY - Odisha Sambalpur Chapter,State Government,Odisha,Sambalpur,Organic Farming,Rice,0.0,2.0,None,Male & Female,18,65,Yes,Yes,No,Need organic certification,"Farmers residing in Sambalpur district of Odisha, cultivating Rice, owning between 0.0 and 2.0 acres of land, registered with the state agriculture portal. Must be a member of a registered FPO/Cooperative. Must adhere to certified organic farming practices.","₹50,000 per ha assistance for cluster organic farming",60%,"Aadhaar Card, Land ownership document, Bank account details, Soil Health Card, Caste certificate (where applicable), Farmer registration certificate, Crop details",CSC Center,https://pgsindia-ncof.gov.in/,"rice, organic farming, odisha farmer, sambalpur, pkvy, government subsidy, agricultural support"
AGRI495,PKVY (Paramparagat Krishi Vikas Yojana) (Haryana Implementation),Central Government,Haryana,Sirsa,Organic Farming,Fruits,0.0,5.0,Below ₹2.5 Lakh/year,Male & Female,18,65,No,Yes,No,Need organic certification,"Farmers residing in Sirsa district of Haryana, cultivating Fruits, owning between 0.0 and 5.0 acres of land, registered with the state agriculture portal. Must adhere to certified organic farming practices.","₹50,000 per ha assistance for cluster organic farming",Premium subsidy up to 90%,"Aadhaar Card, Land ownership document, Bank account details, Soil Health Card",NABARD Office,https://pgsindia-ncof.gov.in/,"fruits, organic farming, haryana farmer, sirsa, pkvy, government subsidy, agricultural support"
AGRI496,Sub-Mission on Seeds and Planting Material - Haryana Ambala Chapter,State Government,Haryana,Ambala,Subsidy,Wheat,0.0,20.0,Below ₹1.5 Lakh/year,Male & Female,21,65,No,No,No,Need quality seeds,"Farmers residing in Ambala district of Haryana, cultivating Wheat, owning between 0.0 and 20.0 acres of land, registered with the state agriculture portal.",50% subsidy on certified seed distribution,30%,"Aadhaar Card, Land ownership document, Bank account details, Farmer registration certificate, Crop details",State Agriculture Department Portal,State Agriculture Department Portal,"wheat, subsidy, haryana farmer, ambala, sub-mission, government subsidy, agricultural support"
AGRI497,ATMA - Rajasthan Pulses Initiative,Agriculture Department,Rajasthan,Udaipur,Skill Development,Vegetables,0.0,20.0,Below ₹5 Lakh/year,Male & Female,21,60,No,No,No,Need technical training and guidance,"Farmers residing in Udaipur district of Rajasthan, cultivating Vegetables, owning between 0.0 and 20.0 acres of land, registered with the state agriculture portal.","Free training, exposure visits, and demonstrations",60%,"Aadhaar Card, Land ownership document, Bank account details, Caste certificate (where applicable), Farmer registration certificate, Crop details",PM Kisan Portal,State Agriculture Department Portal,"vegetables, skill development, rajasthan farmer, udaipur, atma, government subsidy, agricultural support"
AGRI498,PM-KUSUM (Solar Agriculture Pumps Scheme) (Telangana Implementation),Central Government,Telangana,Khammam,Irrigation,Cotton,2.0,10.0,Below ₹1.5 Lakh/year,Male & Female,21,60,No,Yes,Yes,Need irrigation support,"Farmers residing in Khammam district of Telangana, cultivating Cotton, owning between 2.0 and 10.0 acres of land, registered with the state agriculture portal. Must adhere to certified organic farming practices.",Up to 60% subsidy on solar pump installation,40%,"Aadhaar Card, Land ownership document, Bank account details, Caste certificate (where applicable)",CSC Center,https://pmkusum.mnre.gov.in/,"cotton, irrigation, telangana farmer, khammam, pm-kusum, government subsidy, agricultural support"
AGRI499,National Livestock Mission (NLM) - Dairy/Poultry (Karnataka Implementation),Central Government,Karnataka,Mysuru,Dairy,Dairy,0.0,2.0,Below ₹1.5 Lakh/year,Male & Female,18,65,No,No,No,Need dairy development,"Farmers residing in Mysuru district of Karnataka, cultivating Dairy, owning between 0.0 and 2.0 acres of land, registered with the state agriculture portal.",50% capital subsidy for farm setup,Up to ₹1 lakh,"Aadhaar Card, Land ownership document, Bank account details",District Agriculture Office,https://nlm.udyamimitra.in/,"dairy, dairy, karnataka farmer, mysuru, national, government subsidy, agricultural support"
AGRI500,e-NAM - Kerala Wayanad Chapter,State Government,Kerala,Wayanad,Marketing,Soybean,0.0,5.0,None,All,18,75,Yes,No,No,Need market linkage,"Farmers residing in Wayanad district of Kerala, cultivating Soybean, owning between 0.0 and 5.0 acres of land, registered with the state agriculture portal. Must be a member of a registered FPO/Cooperative.",Free access to online trading platform,Premium subsidy up to 90%,"Aadhaar Card, Land ownership document, Bank account details, Farmer registration certificate, Crop details",CSC Center,https://www.enam.gov.in/,"soybean, marketing, kerala farmer, wayanad, e-nam, government subsidy, agricultural support"
