Disease_ID,Crop,Disease_Name,Disease_Type,Causal_Organism,Symptoms,Treatment,Organic_Control,Chemical_Control,Prevention,Favorable_Conditions,Severity,Yield_Loss_Percentage,Recommended_Fertilizer,Keywords
DIS0001,Tomato,Late Blight,Fungal,Various,Brown spots on leaves,Apply copper-based fungicide,Garlic extract spray,Chlorothalonil,Disease-free seeds,Cool weather,Low,53,Balanced NPK,"Tomato,Late Blight"
DIS0002,Tomato,Late Blight,Fungal,Various,Fruit rot,Avoid overhead irrigation,Neem oil spray,Metalaxyl,Crop rotation,Heavy rainfall,High,47,Balanced NPK,"Tomato,Late Blight"
DIS0003,Tomato,Late Blight,Fungal,Various,Stem lesions,Apply copper-based fungicide,Neem oil spray,Copper Oxychloride,Field sanitation,High humidity,Medium,20,Balanced NPK,"Tomato,Late Blight"
DIS0004,Tomato,Late Blight,Fungal,Various,Brown spots on leaves,Use certified seeds,Trichoderma application,Mancozeb,Crop rotation,Cool weather,High,41,Balanced NPK,"Tomato,Late Blight"
DIS0005,Tomato,Late Blight,Fungal,Various,Stem lesions,Improve drainage,Compost tea,Carbendazim,Proper spacing,Poor air circulation,High,56,Balanced NPK,"Tomato,Late Blight"
DIS0006,Tomato,Late Blight,Fungal,Various,Leaf curling,Remove infected leaves,Garlic extract spray,Chlorothalonil,Proper spacing,High humidity,Medium,18,Balanced NPK,"Tomato,Late Blight"
DIS0007,Tomato,Late Blight,Fungal,Various,Leaf curling,Apply copper-based fungicide,Compost tea,Mancozeb,Proper spacing,Cool weather,High,36,Balanced NPK,"Tomato,Late Blight"
DIS0008,Tomato,Late Blight,Fungal,Various,Fruit rot,Remove infected leaves,Compost tea,Chlorothalonil,Disease-free seeds,Heavy rainfall,High,16,Balanced NPK,"Tomato,Late Blight"
DIS0009,Tomato,Late Blight,Fungal,Various,Leaf curling,Avoid overhead irrigation,Compost tea,Mancozeb,Crop rotation,Poor air circulation,Medium,33,Balanced NPK,"Tomato,Late Blight"
DIS0010,Tomato,Late Blight,Fungal,Various,Yellowing of leaves,Apply copper-based fungicide,Garlic extract spray,Copper Oxychloride,Crop rotation,Heavy rainfall,Medium,17,Balanced NPK,"Tomato,Late Blight"
DIS0011,Tomato,Late Blight,Fungal,Various,Fruit rot,Avoid overhead irrigation,Compost tea,Mancozeb,Field sanitation,Heavy rainfall,High,31,Balanced NPK,"Tomato,Late Blight"
DIS0012,Tomato,Late Blight,Fungal,Various,Yellowing of leaves,Use certified seeds,Compost tea,Copper Oxychloride,Field sanitation,Poor air circulation,Low,52,Balanced NPK,"Tomato,Late Blight"
DIS0013,Tomato,Late Blight,Fungal,Various,Fruit rot,Avoid overhead irrigation,Garlic extract spray,Metalaxyl,Field sanitation,Heavy rainfall,Medium,34,Balanced NPK,"Tomato,Late Blight"
DIS0014,Tomato,Late Blight,Fungal,Various,Wilting,Improve drainage,Garlic extract spray,Metalaxyl,Disease-free seeds,Poor air circulation,Low,19,Balanced NPK,"Tomato,Late Blight"
DIS0015,Tomato,Late Blight,Fungal,Various,Yellowing of leaves,Remove infected leaves,Neem oil spray,Copper Oxychloride,Disease-free seeds,Cool weather,Medium,6,Balanced NPK,"Tomato,Late Blight"
DIS0016,Tomato,Late Blight,Fungal,Various,Yellowing of leaves,Use certified seeds,Trichoderma application,Chlorothalonil,Balanced fertilization,Poor air circulation,Low,51,Balanced NPK,"Tomato,Late Blight"
DIS0017,Tomato,Late Blight,Fungal,Various,Wilting,Improve drainage,Compost tea,Copper Oxychloride,Disease-free seeds,Cool weather,High,36,Balanced NPK,"Tomato,Late Blight"
DIS0018,Tomato,Late Blight,Fungal,Various,Yellowing of leaves,Use certified seeds,Neem oil spray,Copper Oxychloride,Disease-free seeds,Poor air circulation,Medium,54,Balanced NPK,"Tomato,Late Blight"
DIS0019,Tomato,Late Blight,Fungal,Various,Fruit rot,Apply recommended fungicide,Trichoderma application,Copper Oxychloride,Crop rotation,Cool weather,Low,31,Balanced NPK,"Tomato,Late Blight"
DIS0020,Tomato,Late Blight,Fungal,Various,Fruit rot,Remove infected leaves,Trichoderma application,Mancozeb,Disease-free seeds,Heavy rainfall,High,25,Balanced NPK,"Tomato,Late Blight"
DIS0021,Tomato,Late Blight,Fungal,Various,Yellowing of leaves,Improve drainage,Trichoderma application,Copper Oxychloride,Disease-free seeds,Cool weather,High,16,Balanced NPK,"Tomato,Late Blight"
DIS0022,Tomato,Late Blight,Fungal,Various,Stem lesions,Apply copper-based fungicide,Neem oil spray,Mancozeb,Crop rotation,Heavy rainfall,Medium,25,Balanced NPK,"Tomato,Late Blight"
DIS0023,Tomato,Late Blight,Fungal,Various,Fruit rot,Improve drainage,Compost tea,Mancozeb,Crop rotation,High humidity,High,52,Balanced NPK,"Tomato,Late Blight"
DIS0024,Tomato,Late Blight,Fungal,Various,Fruit rot,Remove infected leaves,Garlic extract spray,Metalaxyl,Proper spacing,High humidity,Medium,28,Balanced NPK,"Tomato,Late Blight"
DIS0025,Tomato,Late Blight,Fungal,Various,Leaf curling,Apply recommended fungicide,Neem oil spray,Carbendazim,Proper spacing,Poor air circulation,Low,16,Balanced NPK,"Tomato,Late Blight"
DIS0026,Tomato,Late Blight,Fungal,Various,Leaf curling,Avoid overhead irrigation,Neem oil spray,Chlorothalonil,Disease-free seeds,Heavy rainfall,Medium,27,Balanced NPK,"Tomato,Late Blight"
DIS0027,Tomato,Late Blight,Fungal,Various,Wilting,Use certified seeds,Neem oil spray,Mancozeb,Balanced fertilization,Heavy rainfall,High,25,Balanced NPK,"Tomato,Late Blight"
DIS0028,Tomato,Late Blight,Fungal,Various,Yellowing of leaves,Apply recommended fungicide,Compost tea,Copper Oxychloride,Field sanitation,Poor air circulation,High,8,Balanced NPK,"Tomato,Late Blight"
DIS0029,Tomato,Late Blight,Fungal,Various,Yellowing of leaves,Avoid overhead irrigation,Trichoderma application,Metalaxyl,Field sanitation,High humidity,Low,38,Balanced NPK,"Tomato,Late Blight"
DIS0030,Tomato,Late Blight,Fungal,Various,Stem lesions,Apply recommended fungicide,Garlic extract spray,Carbendazim,Balanced fertilization,Cool weather,Low,57,Balanced NPK,"Tomato,Late Blight"
DIS0031,Tomato,Late Blight,Fungal,Various,Leaf drying,Use certified seeds,Neem oil spray,Copper Oxychloride,Crop rotation,Cool weather,Medium,26,Balanced NPK,"Tomato,Late Blight"
DIS0032,Tomato,Late Blight,Fungal,Various,White fungal growth,Apply recommended fungicide,Garlic extract spray,Chlorothalonil,Proper spacing,High humidity,High,54,Balanced NPK,"Tomato,Late Blight"
DIS0033,Tomato,Late Blight,Fungal,Various,White fungal growth,Improve drainage,Garlic extract spray,Metalaxyl,Balanced fertilization,Poor air circulation,High,5,Balanced NPK,"Tomato,Late Blight"
DIS0034,Tomato,Late Blight,Fungal,Various,Brown spots on leaves,Use certified seeds,Neem oil spray,Metalaxyl,Disease-free seeds,High humidity,Medium,13,Balanced NPK,"Tomato,Late Blight"
DIS0035,Tomato,Late Blight,Fungal,Various,Leaf drying,Apply recommended fungicide,Garlic extract spray,Mancozeb,Disease-free seeds,Cool weather,Medium,12,Balanced NPK,"Tomato,Late Blight"
DIS0036,Tomato,Late Blight,Fungal,Various,Wilting,Apply copper-based fungicide,Neem oil spray,Copper Oxychloride,Disease-free seeds,High humidity,High,9,Balanced NPK,"Tomato,Late Blight"
DIS0037,Tomato,Late Blight,Fungal,Various,Wilting,Avoid overhead irrigation,Garlic extract spray,Copper Oxychloride,Proper spacing,Heavy rainfall,Low,35,Balanced NPK,"Tomato,Late Blight"
DIS0038,Tomato,Late Blight,Fungal,Various,Leaf drying,Apply recommended fungicide,Garlic extract spray,Chlorothalonil,Field sanitation,High humidity,Medium,38,Balanced NPK,"Tomato,Late Blight"
DIS0039,Tomato,Late Blight,Fungal,Various,White fungal growth,Apply copper-based fungicide,Garlic extract spray,Copper Oxychloride,Crop rotation,Cool weather,Medium,10,Balanced NPK,"Tomato,Late Blight"
DIS0040,Tomato,Late Blight,Fungal,Various,Wilting,Use certified seeds,Garlic extract spray,Metalaxyl,Crop rotation,Cool weather,Low,39,Balanced NPK,"Tomato,Late Blight"
DIS0041,Tomato,Early Blight,Fungal,Various,Stem lesions,Avoid overhead irrigation,Compost tea,Chlorothalonil,Proper spacing,High humidity,Medium,27,Balanced NPK,"Tomato,Early Blight"
DIS0042,Tomato,Early Blight,Fungal,Various,Leaf drying,Remove infected leaves,Garlic extract spray,Carbendazim,Field sanitation,Cool weather,Low,52,Balanced NPK,"Tomato,Early Blight"
DIS0043,Tomato,Early Blight,Fungal,Various,Brown spots on leaves,Apply copper-based fungicide,Neem oil spray,Metalaxyl,Proper spacing,Poor air circulation,Medium,23,Balanced NPK,"Tomato,Early Blight"
DIS0044,Tomato,Early Blight,Fungal,Various,Leaf drying,Use certified seeds,Trichoderma application,Chlorothalonil,Disease-free seeds,Poor air circulation,Medium,37,Balanced NPK,"Tomato,Early Blight"
DIS0045,Tomato,Early Blight,Fungal,Various,Fruit rot,Apply recommended fungicide,Trichoderma application,Chlorothalonil,Crop rotation,Cool weather,Medium,27,Balanced NPK,"Tomato,Early Blight"
DIS0046,Tomato,Early Blight,Fungal,Various,Stem lesions,Use certified seeds,Garlic extract spray,Copper Oxychloride,Field sanitation,High humidity,High,19,Balanced NPK,"Tomato,Early Blight"
DIS0047,Tomato,Early Blight,Fungal,Various,Brown spots on leaves,Apply recommended fungicide,Trichoderma application,Chlorothalonil,Crop rotation,Heavy rainfall,Medium,43,Balanced NPK,"Tomato,Early Blight"
DIS0048,Tomato,Early Blight,Fungal,Various,Brown spots on leaves,Apply recommended fungicide,Garlic extract spray,Mancozeb,Proper spacing,Cool weather,Medium,60,Balanced NPK,"Tomato,Early Blight"
DIS0049,Tomato,Early Blight,Fungal,Various,Stem lesions,Improve drainage,Trichoderma application,Metalaxyl,Disease-free seeds,Poor air circulation,High,24,Balanced NPK,"Tomato,Early Blight"
DIS0050,Tomato,Early Blight,Fungal,Various,Wilting,Apply recommended fungicide,Trichoderma application,Carbendazim,Crop rotation,Heavy rainfall,Medium,5,Balanced NPK,"Tomato,Early Blight"
DIS0051,Tomato,Early Blight,Fungal,Various,Stem lesions,Apply recommended fungicide,Compost tea,Mancozeb,Proper spacing,Heavy rainfall,High,33,Balanced NPK,"Tomato,Early Blight"
DIS0052,Tomato,Early Blight,Fungal,Various,Leaf curling,Apply recommended fungicide,Garlic extract spray,Carbendazim,Crop rotation,Poor air circulation,Medium,32,Balanced NPK,"Tomato,Early Blight"
DIS0053,Tomato,Early Blight,Fungal,Various,Brown spots on leaves,Apply recommended fungicide,Compost tea,Carbendazim,Proper spacing,Heavy rainfall,Low,18,Balanced NPK,"Tomato,Early Blight"
DIS0054,Tomato,Early Blight,Fungal,Various,Stem lesions,Improve drainage,Compost tea,Metalaxyl,Balanced fertilization,Cool weather,Medium,21,Balanced NPK,"Tomato,Early Blight"
DIS0055,Tomato,Early Blight,Fungal,Various,Yellowing of leaves,Avoid overhead irrigation,Compost tea,Metalaxyl,Proper spacing,Poor air circulation,Medium,9,Balanced NPK,"Tomato,Early Blight"
DIS0056,Tomato,Early Blight,Fungal,Various,Yellowing of leaves,Use certified seeds,Trichoderma application,Metalaxyl,Proper spacing,High humidity,Medium,22,Balanced NPK,"Tomato,Early Blight"
DIS0057,Tomato,Early Blight,Fungal,Various,White fungal growth,Apply copper-based fungicide,Garlic extract spray,Chlorothalonil,Balanced fertilization,Cool weather,Low,9,Balanced NPK,"Tomato,Early Blight"
DIS0058,Tomato,Early Blight,Fungal,Various,Wilting,Use certified seeds,Trichoderma application,Copper Oxychloride,Crop rotation,Poor air circulation,High,27,Balanced NPK,"Tomato,Early Blight"
DIS0059,Tomato,Early Blight,Fungal,Various,Wilting,Remove infected leaves,Trichoderma application,Metalaxyl,Field sanitation,Cool weather,Medium,60,Balanced NPK,"Tomato,Early Blight"
DIS0060,Tomato,Early Blight,Fungal,Various,Stem lesions,Remove infected leaves,Garlic extract spray,Copper Oxychloride,Field sanitation,Poor air circulation,High,22,Balanced NPK,"Tomato,Early Blight"
DIS0061,Tomato,Early Blight,Fungal,Various,Yellowing of leaves,Apply recommended fungicide,Compost tea,Mancozeb,Balanced fertilization,Poor air circulation,Low,19,Balanced NPK,"Tomato,Early Blight"
DIS0062,Tomato,Early Blight,Fungal,Various,Wilting,Remove infected leaves,Neem oil spray,Mancozeb,Balanced fertilization,High humidity,Medium,12,Balanced NPK,"Tomato,Early Blight"
DIS0063,Tomato,Early Blight,Fungal,Various,Stem lesions,Remove infected leaves,Trichoderma application,Carbendazim,Balanced fertilization,Heavy rainfall,Low,31,Balanced NPK,"Tomato,Early Blight"
DIS0064,Tomato,Early Blight,Fungal,Various,Leaf drying,Use certified seeds,Neem oil spray,Metalaxyl,Proper spacing,Heavy rainfall,High,33,Balanced NPK,"Tomato,Early Blight"
DIS0065,Tomato,Early Blight,Fungal,Various,Leaf drying,Remove infected leaves,Compost tea,Carbendazim,Proper spacing,Heavy rainfall,Medium,54,Balanced NPK,"Tomato,Early Blight"
DIS0066,Tomato,Early Blight,Fungal,Various,Yellowing of leaves,Use certified seeds,Neem oil spray,Copper Oxychloride,Balanced fertilization,Poor air circulation,High,34,Balanced NPK,"Tomato,Early Blight"
DIS0067,Tomato,Early Blight,Fungal,Various,Leaf drying,Use certified seeds,Compost tea,Chlorothalonil,Balanced fertilization,Cool weather,Low,22,Balanced NPK,"Tomato,Early Blight"
DIS0068,Tomato,Early Blight,Fungal,Various,Yellowing of leaves,Remove infected leaves,Neem oil spray,Mancozeb,Disease-free seeds,Poor air circulation,Medium,41,Balanced NPK,"Tomato,Early Blight"
DIS0069,Tomato,Early Blight,Fungal,Various,Wilting,Improve drainage,Compost tea,Mancozeb,Balanced fertilization,High humidity,Medium,31,Balanced NPK,"Tomato,Early Blight"
DIS0070,Tomato,Early Blight,Fungal,Various,Fruit rot,Avoid overhead irrigation,Compost tea,Copper Oxychloride,Balanced fertilization,Heavy rainfall,High,46,Balanced NPK,"Tomato,Early Blight"
DIS0071,Tomato,Early Blight,Fungal,Various,Leaf curling,Use certified seeds,Compost tea,Carbendazim,Balanced fertilization,Poor air circulation,Low,42,Balanced NPK,"Tomato,Early Blight"
DIS0072,Tomato,Early Blight,Fungal,Various,Fruit rot,Avoid overhead irrigation,Trichoderma application,Metalaxyl,Field sanitation,High humidity,High,9,Balanced NPK,"Tomato,Early Blight"
DIS0073,Tomato,Early Blight,Fungal,Various,Leaf curling,Apply recommended fungicide,Neem oil spray,Chlorothalonil,Crop rotation,High humidity,Medium,38,Balanced NPK,"Tomato,Early Blight"
DIS0074,Tomato,Early Blight,Fungal,Various,Stem lesions,Avoid overhead irrigation,Trichoderma application,Carbendazim,Field sanitation,Poor air circulation,Medium,43,Balanced NPK,"Tomato,Early Blight"
DIS0075,Tomato,Early Blight,Fungal,Various,Yellowing of leaves,Avoid overhead irrigation,Neem oil spray,Carbendazim,Crop rotation,Poor air circulation,Low,57,Balanced NPK,"Tomato,Early Blight"
DIS0076,Tomato,Early Blight,Fungal,Various,Yellowing of leaves,Remove infected leaves,Garlic extract spray,Copper Oxychloride,Proper spacing,High humidity,Medium,52,Balanced NPK,"Tomato,Early Blight"
DIS0077,Tomato,Early Blight,Fungal,Various,Fruit rot,Use certified seeds,Neem oil spray,Carbendazim,Field sanitation,Poor air circulation,High,5,Balanced NPK,"Tomato,Early Blight"
DIS0078,Tomato,Early Blight,Fungal,Various,Stem lesions,Apply recommended fungicide,Compost tea,Copper Oxychloride,Proper spacing,Poor air circulation,Low,50,Balanced NPK,"Tomato,Early Blight"
DIS0079,Tomato,Early Blight,Fungal,Various,Leaf drying,Avoid overhead irrigation,Neem oil spray,Metalaxyl,Disease-free seeds,High humidity,Low,17,Balanced NPK,"Tomato,Early Blight"
DIS0080,Tomato,Early Blight,Fungal,Various,Yellowing of leaves,Use certified seeds,Compost tea,Chlorothalonil,Field sanitation,Cool weather,High,7,Balanced NPK,"Tomato,Early Blight"
DIS0081,Tomato,Leaf Mold,Fungal,Various,Wilting,Apply recommended fungicide,Neem oil spray,Metalaxyl,Disease-free seeds,Heavy rainfall,High,32,Balanced NPK,"Tomato,Leaf Mold"
DIS0082,Tomato,Leaf Mold,Fungal,Various,Brown spots on leaves,Apply copper-based fungicide,Trichoderma application,Metalaxyl,Proper spacing,High humidity,Medium,44,Balanced NPK,"Tomato,Leaf Mold"
DIS0083,Tomato,Leaf Mold,Fungal,Various,Yellowing of leaves,Avoid overhead irrigation,Trichoderma application,Mancozeb,Proper spacing,Heavy rainfall,High,39,Balanced NPK,"Tomato,Leaf Mold"
DIS0084,Tomato,Leaf Mold,Fungal,Various,Wilting,Apply recommended fungicide,Compost tea,Chlorothalonil,Disease-free seeds,Cool weather,Medium,25,Balanced NPK,"Tomato,Leaf Mold"
DIS0085,Tomato,Leaf Mold,Fungal,Various,Yellowing of leaves,Improve drainage,Neem oil spray,Copper Oxychloride,Field sanitation,Cool weather,Medium,20,Balanced NPK,"Tomato,Leaf Mold"
DIS0086,Tomato,Leaf Mold,Fungal,Various,Stem lesions,Use certified seeds,Garlic extract spray,Copper Oxychloride,Balanced fertilization,High humidity,High,42,Balanced NPK,"Tomato,Leaf Mold"
DIS0087,Tomato,Leaf Mold,Fungal,Various,Brown spots on leaves,Apply copper-based fungicide,Trichoderma application,Carbendazim,Balanced fertilization,Heavy rainfall,High,6,Balanced NPK,"Tomato,Leaf Mold"
DIS0088,Tomato,Leaf Mold,Fungal,Various,Wilting,Avoid overhead irrigation,Neem oil spray,Carbendazim,Balanced fertilization,Heavy rainfall,High,46,Balanced NPK,"Tomato,Leaf Mold"
DIS0089,Tomato,Leaf Mold,Fungal,Various,Wilting,Apply copper-based fungicide,Garlic extract spray,Mancozeb,Proper spacing,Poor air circulation,Low,16,Balanced NPK,"Tomato,Leaf Mold"
DIS0090,Tomato,Leaf Mold,Fungal,Various,Fruit rot,Avoid overhead irrigation,Compost tea,Copper Oxychloride,Proper spacing,Poor air circulation,Low,40,Balanced NPK,"Tomato,Leaf Mold"
DIS0091,Tomato,Leaf Mold,Fungal,Various,White fungal growth,Remove infected leaves,Garlic extract spray,Mancozeb,Balanced fertilization,Cool weather,Low,24,Balanced NPK,"Tomato,Leaf Mold"
DIS0092,Tomato,Leaf Mold,Fungal,Various,Yellowing of leaves,Use certified seeds,Trichoderma application,Mancozeb,Disease-free seeds,Poor air circulation,Medium,55,Balanced NPK,"Tomato,Leaf Mold"
DIS0093,Tomato,Leaf Mold,Fungal,Various,Yellowing of leaves,Avoid overhead irrigation,Neem oil spray,Chlorothalonil,Field sanitation,Cool weather,Medium,52,Balanced NPK,"Tomato,Leaf Mold"
DIS0094,Tomato,Leaf Mold,Fungal,Various,Leaf curling,Avoid overhead irrigation,Garlic extract spray,Mancozeb,Proper spacing,Heavy rainfall,High,28,Balanced NPK,"Tomato,Leaf Mold"
DIS0095,Tomato,Leaf Mold,Fungal,Various,White fungal growth,Remove infected leaves,Trichoderma application,Metalaxyl,Crop rotation,Cool weather,High,50,Balanced NPK,"Tomato,Leaf Mold"
DIS0096,Tomato,Leaf Mold,Fungal,Various,Wilting,Apply recommended fungicide,Garlic extract spray,Copper Oxychloride,Balanced fertilization,High humidity,High,56,Balanced NPK,"Tomato,Leaf Mold"
DIS0097,Tomato,Leaf Mold,Fungal,Various,Fruit rot,Apply recommended fungicide,Compost tea,Metalaxyl,Disease-free seeds,Poor air circulation,Low,53,Balanced NPK,"Tomato,Leaf Mold"
DIS0098,Tomato,Leaf Mold,Fungal,Various,Yellowing of leaves,Remove infected leaves,Compost tea,Copper Oxychloride,Proper spacing,Poor air circulation,High,30,Balanced NPK,"Tomato,Leaf Mold"
DIS0099,Tomato,Leaf Mold,Fungal,Various,Leaf curling,Apply copper-based fungicide,Compost tea,Mancozeb,Field sanitation,High humidity,Medium,22,Balanced NPK,"Tomato,Leaf Mold"
DIS0100,Tomato,Leaf Mold,Fungal,Various,White fungal growth,Remove infected leaves,Trichoderma application,Copper Oxychloride,Balanced fertilization,Poor air circulation,Low,48,Balanced NPK,"Tomato,Leaf Mold"
DIS0101,Tomato,Leaf Mold,Fungal,Various,Leaf drying,Improve drainage,Compost tea,Chlorothalonil,Balanced fertilization,Heavy rainfall,High,32,Balanced NPK,"Tomato,Leaf Mold"
DIS0102,Tomato,Leaf Mold,Fungal,Various,Stem lesions,Improve drainage,Trichoderma application,Copper Oxychloride,Disease-free seeds,Poor air circulation,High,7,Balanced NPK,"Tomato,Leaf Mold"
DIS0103,Tomato,Leaf Mold,Fungal,Various,Leaf drying,Apply copper-based fungicide,Compost tea,Metalaxyl,Crop rotation,High humidity,Medium,14,Balanced NPK,"Tomato,Leaf Mold"
DIS0104,Tomato,Leaf Mold,Fungal,Various,Leaf curling,Remove infected leaves,Garlic extract spray,Carbendazim,Disease-free seeds,Poor air circulation,Medium,6,Balanced NPK,"Tomato,Leaf Mold"
DIS0105,Tomato,Leaf Mold,Fungal,Various,Wilting,Apply copper-based fungicide,Garlic extract spray,Metalaxyl,Proper spacing,Cool weather,High,47,Balanced NPK,"Tomato,Leaf Mold"
DIS0106,Tomato,Leaf Mold,Fungal,Various,Yellowing of leaves,Remove infected leaves,Neem oil spray,Metalaxyl,Disease-free seeds,Poor air circulation,Low,41,Balanced NPK,"Tomato,Leaf Mold"
DIS0107,Tomato,Leaf Mold,Fungal,Various,Fruit rot,Improve drainage,Trichoderma application,Copper Oxychloride,Balanced fertilization,Heavy rainfall,Low,41,Balanced NPK,"Tomato,Leaf Mold"
DIS0108,Tomato,Leaf Mold,Fungal,Various,Leaf curling,Use certified seeds,Neem oil spray,Metalaxyl,Crop rotation,Poor air circulation,Low,10,Balanced NPK,"Tomato,Leaf Mold"
DIS0109,Tomato,Leaf Mold,Fungal,Various,Leaf drying,Remove infected leaves,Trichoderma application,Mancozeb,Field sanitation,Heavy rainfall,High,53,Balanced NPK,"Tomato,Leaf Mold"
DIS0110,Tomato,Leaf Mold,Fungal,Various,Yellowing of leaves,Apply copper-based fungicide,Neem oil spray,Copper Oxychloride,Balanced fertilization,Heavy rainfall,High,27,Balanced NPK,"Tomato,Leaf Mold"
DIS0111,Tomato,Leaf Mold,Fungal,Various,White fungal growth,Avoid overhead irrigation,Garlic extract spray,Copper Oxychloride,Disease-free seeds,Cool weather,Low,23,Balanced NPK,"Tomato,Leaf Mold"
DIS0112,Tomato,Leaf Mold,Fungal,Various,Leaf drying,Use certified seeds,Neem oil spray,Carbendazim,Crop rotation,Poor air circulation,High,12,Balanced NPK,"Tomato,Leaf Mold"
DIS0113,Tomato,Leaf Mold,Fungal,Various,White fungal growth,Avoid overhead irrigation,Compost tea,Copper Oxychloride,Crop rotation,High humidity,Medium,53,Balanced NPK,"Tomato,Leaf Mold"
DIS0114,Tomato,Leaf Mold,Fungal,Various,Leaf drying,Improve drainage,Trichoderma application,Metalaxyl,Crop rotation,High humidity,High,39,Balanced NPK,"Tomato,Leaf Mold"
DIS0115,Tomato,Leaf Mold,Fungal,Various,White fungal growth,Use certified seeds,Garlic extract spray,Copper Oxychloride,Proper spacing,Poor air circulation,Low,32,Balanced NPK,"Tomato,Leaf Mold"
DIS0116,Tomato,Leaf Mold,Fungal,Various,Yellowing of leaves,Apply recommended fungicide,Trichoderma application,Copper Oxychloride,Proper spacing,High humidity,Medium,26,Balanced NPK,"Tomato,Leaf Mold"
DIS0117,Tomato,Leaf Mold,Fungal,Various,Yellowing of leaves,Use certified seeds,Neem oil spray,Carbendazim,Proper spacing,Heavy rainfall,Medium,27,Balanced NPK,"Tomato,Leaf Mold"
DIS0118,Tomato,Leaf Mold,Fungal,Various,Yellowing of leaves,Avoid overhead irrigation,Trichoderma application,Metalaxyl,Balanced fertilization,High humidity,Low,19,Balanced NPK,"Tomato,Leaf Mold"
DIS0119,Tomato,Leaf Mold,Fungal,Various,Leaf drying,Avoid overhead irrigation,Neem oil spray,Chlorothalonil,Field sanitation,High humidity,Low,41,Balanced NPK,"Tomato,Leaf Mold"
DIS0120,Tomato,Leaf Mold,Fungal,Various,Leaf drying,Improve drainage,Trichoderma application,Chlorothalonil,Field sanitation,Poor air circulation,Medium,42,Balanced NPK,"Tomato,Leaf Mold"
DIS0121,Tomato,Bacterial Spot,Bacterial,Various,Wilting,Use certified seeds,Trichoderma application,Copper Oxychloride,Proper spacing,Cool weather,Medium,31,Balanced NPK,"Tomato,Bacterial Spot"
DIS0122,Tomato,Bacterial Spot,Bacterial,Various,Brown spots on leaves,Apply recommended fungicide,Neem oil spray,Metalaxyl,Balanced fertilization,Poor air circulation,Low,34,Balanced NPK,"Tomato,Bacterial Spot"
DIS0123,Tomato,Bacterial Spot,Bacterial,Various,Fruit rot,Improve drainage,Compost tea,Copper Oxychloride,Field sanitation,Heavy rainfall,Medium,45,Balanced NPK,"Tomato,Bacterial Spot"
DIS0124,Tomato,Bacterial Spot,Bacterial,Various,Leaf curling,Apply copper-based fungicide,Compost tea,Copper Oxychloride,Proper spacing,Heavy rainfall,Medium,52,Balanced NPK,"Tomato,Bacterial Spot"
DIS0125,Tomato,Bacterial Spot,Bacterial,Various,White fungal growth,Apply recommended fungicide,Garlic extract spray,Chlorothalonil,Proper spacing,Cool weather,Low,50,Balanced NPK,"Tomato,Bacterial Spot"
DIS0126,Tomato,Bacterial Spot,Bacterial,Various,Stem lesions,Remove infected leaves,Compost tea,Chlorothalonil,Balanced fertilization,High humidity,High,12,Balanced NPK,"Tomato,Bacterial Spot"
DIS0127,Tomato,Bacterial Spot,Bacterial,Various,Yellowing of leaves,Improve drainage,Garlic extract spray,Copper Oxychloride,Crop rotation,Poor air circulation,Low,42,Balanced NPK,"Tomato,Bacterial Spot"
DIS0128,Tomato,Bacterial Spot,Bacterial,Various,Wilting,Use certified seeds,Compost tea,Carbendazim,Field sanitation,Cool weather,Low,25,Balanced NPK,"Tomato,Bacterial Spot"
DIS0129,Tomato,Bacterial Spot,Bacterial,Various,Leaf drying,Remove infected leaves,Compost tea,Metalaxyl,Proper spacing,Heavy rainfall,Low,27,Balanced NPK,"Tomato,Bacterial Spot"
DIS0130,Tomato,Bacterial Spot,Bacterial,Various,Yellowing of leaves,Avoid overhead irrigation,Garlic extract spray,Carbendazim,Disease-free seeds,Cool weather,High,40,Balanced NPK,"Tomato,Bacterial Spot"
DIS0131,Tomato,Bacterial Spot,Bacterial,Various,White fungal growth,Improve drainage,Trichoderma application,Metalaxyl,Crop rotation,Poor air circulation,Medium,47,Balanced NPK,"Tomato,Bacterial Spot"
DIS0132,Tomato,Bacterial Spot,Bacterial,Various,Brown spots on leaves,Use certified seeds,Neem oil spray,Mancozeb,Balanced fertilization,High humidity,Medium,57,Balanced NPK,"Tomato,Bacterial Spot"
DIS0133,Tomato,Bacterial Spot,Bacterial,Various,Stem lesions,Remove infected leaves,Neem oil spray,Metalaxyl,Disease-free seeds,Poor air circulation,Low,5,Balanced NPK,"Tomato,Bacterial Spot"
DIS0134,Tomato,Bacterial Spot,Bacterial,Various,Leaf drying,Avoid overhead irrigation,Garlic extract spray,Chlorothalonil,Balanced fertilization,High humidity,Medium,39,Balanced NPK,"Tomato,Bacterial Spot"
DIS0135,Tomato,Bacterial Spot,Bacterial,Various,Brown spots on leaves,Avoid overhead irrigation,Garlic extract spray,Chlorothalonil,Proper spacing,Poor air circulation,Low,33,Balanced NPK,"Tomato,Bacterial Spot"
DIS0136,Tomato,Bacterial Spot,Bacterial,Various,Brown spots on leaves,Use certified seeds,Garlic extract spray,Chlorothalonil,Field sanitation,Cool weather,Medium,22,Balanced NPK,"Tomato,Bacterial Spot"
DIS0137,Tomato,Bacterial Spot,Bacterial,Various,Brown spots on leaves,Apply recommended fungicide,Trichoderma application,Copper Oxychloride,Disease-free seeds,High humidity,High,47,Balanced NPK,"Tomato,Bacterial Spot"
DIS0138,Tomato,Bacterial Spot,Bacterial,Various,Wilting,Apply recommended fungicide,Compost tea,Copper Oxychloride,Disease-free seeds,Cool weather,Low,32,Balanced NPK,"Tomato,Bacterial Spot"
DIS0139,Tomato,Bacterial Spot,Bacterial,Various,Leaf curling,Apply recommended fungicide,Neem oil spray,Copper Oxychloride,Proper spacing,Poor air circulation,Low,9,Balanced NPK,"Tomato,Bacterial Spot"
DIS0140,Tomato,Bacterial Spot,Bacterial,Various,Stem lesions,Remove infected leaves,Neem oil spray,Mancozeb,Field sanitation,High humidity,High,46,Balanced NPK,"Tomato,Bacterial Spot"
DIS0141,Tomato,Bacterial Spot,Bacterial,Various,Leaf curling,Remove infected leaves,Garlic extract spray,Carbendazim,Balanced fertilization,Cool weather,High,46,Balanced NPK,"Tomato,Bacterial Spot"
DIS0142,Tomato,Bacterial Spot,Bacterial,Various,Yellowing of leaves,Apply copper-based fungicide,Compost tea,Carbendazim,Disease-free seeds,High humidity,Low,37,Balanced NPK,"Tomato,Bacterial Spot"
DIS0143,Tomato,Bacterial Spot,Bacterial,Various,Leaf curling,Apply copper-based fungicide,Compost tea,Copper Oxychloride,Proper spacing,Heavy rainfall,Medium,55,Balanced NPK,"Tomato,Bacterial Spot"
DIS0144,Tomato,Bacterial Spot,Bacterial,Various,Stem lesions,Use certified seeds,Compost tea,Mancozeb,Crop rotation,Poor air circulation,High,53,Balanced NPK,"Tomato,Bacterial Spot"
DIS0145,Tomato,Bacterial Spot,Bacterial,Various,Brown spots on leaves,Avoid overhead irrigation,Neem oil spray,Copper Oxychloride,Proper spacing,High humidity,High,9,Balanced NPK,"Tomato,Bacterial Spot"
DIS0146,Tomato,Bacterial Spot,Bacterial,Various,White fungal growth,Use certified seeds,Garlic extract spray,Mancozeb,Field sanitation,Poor air circulation,High,59,Balanced NPK,"Tomato,Bacterial Spot"
DIS0147,Tomato,Bacterial Spot,Bacterial,Various,Leaf curling,Remove infected leaves,Trichoderma application,Carbendazim,Field sanitation,Cool weather,Medium,39,Balanced NPK,"Tomato,Bacterial Spot"
DIS0148,Tomato,Bacterial Spot,Bacterial,Various,Brown spots on leaves,Use certified seeds,Neem oil spray,Carbendazim,Disease-free seeds,Cool weather,Low,16,Balanced NPK,"Tomato,Bacterial Spot"
DIS0149,Tomato,Bacterial Spot,Bacterial,Various,White fungal growth,Remove infected leaves,Compost tea,Copper Oxychloride,Crop rotation,High humidity,Medium,58,Balanced NPK,"Tomato,Bacterial Spot"
DIS0150,Tomato,Bacterial Spot,Bacterial,Various,Leaf drying,Use certified seeds,Compost tea,Chlorothalonil,Disease-free seeds,Heavy rainfall,High,54,Balanced NPK,"Tomato,Bacterial Spot"
DIS0151,Tomato,Bacterial Spot,Bacterial,Various,Yellowing of leaves,Improve drainage,Garlic extract spray,Copper Oxychloride,Field sanitation,High humidity,Medium,39,Balanced NPK,"Tomato,Bacterial Spot"
DIS0152,Tomato,Bacterial Spot,Bacterial,Various,Stem lesions,Apply recommended fungicide,Trichoderma application,Chlorothalonil,Balanced fertilization,Cool weather,Medium,19,Balanced NPK,"Tomato,Bacterial Spot"
DIS0153,Tomato,Bacterial Spot,Bacterial,Various,Stem lesions,Improve drainage,Garlic extract spray,Copper Oxychloride,Proper spacing,Cool weather,High,24,Balanced NPK,"Tomato,Bacterial Spot"
DIS0154,Tomato,Bacterial Spot,Bacterial,Various,Leaf curling,Apply recommended fungicide,Compost tea,Mancozeb,Crop rotation,High humidity,High,39,Balanced NPK,"Tomato,Bacterial Spot"
DIS0155,Tomato,Bacterial Spot,Bacterial,Various,Brown spots on leaves,Apply recommended fungicide,Garlic extract spray,Copper Oxychloride,Proper spacing,High humidity,High,17,Balanced NPK,"Tomato,Bacterial Spot"
DIS0156,Tomato,Bacterial Spot,Bacterial,Various,Fruit rot,Apply copper-based fungicide,Compost tea,Mancozeb,Disease-free seeds,High humidity,Low,14,Balanced NPK,"Tomato,Bacterial Spot"
DIS0157,Tomato,Bacterial Spot,Bacterial,Various,Brown spots on leaves,Remove infected leaves,Neem oil spray,Copper Oxychloride,Crop rotation,High humidity,High,43,Balanced NPK,"Tomato,Bacterial Spot"
DIS0158,Tomato,Bacterial Spot,Bacterial,Various,Leaf curling,Apply recommended fungicide,Neem oil spray,Chlorothalonil,Disease-free seeds,Heavy rainfall,Medium,32,Balanced NPK,"Tomato,Bacterial Spot"
DIS0159,Tomato,Bacterial Spot,Bacterial,Various,White fungal growth,Remove infected leaves,Garlic extract spray,Chlorothalonil,Field sanitation,Cool weather,High,48,Balanced NPK,"Tomato,Bacterial Spot"
DIS0160,Tomato,Bacterial Spot,Bacterial,Various,White fungal growth,Improve drainage,Neem oil spray,Copper Oxychloride,Balanced fertilization,Poor air circulation,Low,26,Balanced NPK,"Tomato,Bacterial Spot"
DIS0161,Tomato,Septoria Leaf Spot,Fungal,Various,Yellowing of leaves,Improve drainage,Neem oil spray,Metalaxyl,Crop rotation,Poor air circulation,Low,41,Balanced NPK,"Tomato,Septoria Leaf Spot"
DIS0162,Tomato,Septoria Leaf Spot,Fungal,Various,White fungal growth,Avoid overhead irrigation,Neem oil spray,Carbendazim,Balanced fertilization,Cool weather,Medium,37,Balanced NPK,"Tomato,Septoria Leaf Spot"
DIS0163,Tomato,Septoria Leaf Spot,Fungal,Various,Leaf drying,Use certified seeds,Compost tea,Copper Oxychloride,Crop rotation,Poor air circulation,Low,17,Balanced NPK,"Tomato,Septoria Leaf Spot"
DIS0164,Tomato,Septoria Leaf Spot,Fungal,Various,White fungal growth,Improve drainage,Garlic extract spray,Chlorothalonil,Proper spacing,Poor air circulation,Low,13,Balanced NPK,"Tomato,Septoria Leaf Spot"
DIS0165,Tomato,Septoria Leaf Spot,Fungal,Various,Leaf drying,Remove infected leaves,Trichoderma application,Metalaxyl,Disease-free seeds,High humidity,Medium,54,Balanced NPK,"Tomato,Septoria Leaf Spot"
DIS0166,Tomato,Septoria Leaf Spot,Fungal,Various,Yellowing of leaves,Apply copper-based fungicide,Trichoderma application,Carbendazim,Balanced fertilization,Heavy rainfall,High,9,Balanced NPK,"Tomato,Septoria Leaf Spot"
DIS0167,Tomato,Septoria Leaf Spot,Fungal,Various,Leaf curling,Apply recommended fungicide,Neem oil spray,Chlorothalonil,Proper spacing,High humidity,Medium,27,Balanced NPK,"Tomato,Septoria Leaf Spot"
DIS0168,Tomato,Septoria Leaf Spot,Fungal,Various,Wilting,Use certified seeds,Neem oil spray,Metalaxyl,Crop rotation,Poor air circulation,Medium,11,Balanced NPK,"Tomato,Septoria Leaf Spot"
DIS0169,Tomato,Septoria Leaf Spot,Fungal,Various,Leaf curling,Improve drainage,Garlic extract spray,Copper Oxychloride,Balanced fertilization,High humidity,High,12,Balanced NPK,"Tomato,Septoria Leaf Spot"
DIS0170,Tomato,Septoria Leaf Spot,Fungal,Various,Fruit rot,Remove infected leaves,Trichoderma application,Carbendazim,Balanced fertilization,Cool weather,Medium,5,Balanced NPK,"Tomato,Septoria Leaf Spot"
DIS0171,Tomato,Septoria Leaf Spot,Fungal,Various,Leaf drying,Improve drainage,Neem oil spray,Metalaxyl,Crop rotation,Heavy rainfall,Low,30,Balanced NPK,"Tomato,Septoria Leaf Spot"
DIS0172,Tomato,Septoria Leaf Spot,Fungal,Various,Leaf drying,Use certified seeds,Compost tea,Carbendazim,Proper spacing,Poor air circulation,High,58,Balanced NPK,"Tomato,Septoria Leaf Spot"
DIS0173,Tomato,Septoria Leaf Spot,Fungal,Various,Yellowing of leaves,Apply recommended fungicide,Trichoderma application,Metalaxyl,Field sanitation,Poor air circulation,High,30,Balanced NPK,"Tomato,Septoria Leaf Spot"
DIS0174,Tomato,Septoria Leaf Spot,Fungal,Various,Stem lesions,Apply recommended fungicide,Neem oil spray,Copper Oxychloride,Proper spacing,High humidity,Medium,52,Balanced NPK,"Tomato,Septoria Leaf Spot"
DIS0175,Tomato,Septoria Leaf Spot,Fungal,Various,White fungal growth,Remove infected leaves,Neem oil spray,Carbendazim,Balanced fertilization,Poor air circulation,Medium,9,Balanced NPK,"Tomato,Septoria Leaf Spot"
DIS0176,Tomato,Septoria Leaf Spot,Fungal,Various,Stem lesions,Use certified seeds,Trichoderma application,Mancozeb,Disease-free seeds,Heavy rainfall,High,45,Balanced NPK,"Tomato,Septoria Leaf Spot"
DIS0177,Tomato,Septoria Leaf Spot,Fungal,Various,Leaf drying,Apply recommended fungicide,Compost tea,Copper Oxychloride,Proper spacing,High humidity,High,25,Balanced NPK,"Tomato,Septoria Leaf Spot"
DIS0178,Tomato,Septoria Leaf Spot,Fungal,Various,Leaf drying,Apply copper-based fungicide,Neem oil spray,Mancozeb,Disease-free seeds,Cool weather,Low,39,Balanced NPK,"Tomato,Septoria Leaf Spot"
DIS0179,Tomato,Septoria Leaf Spot,Fungal,Various,White fungal growth,Avoid overhead irrigation,Compost tea,Carbendazim,Proper spacing,Cool weather,Medium,51,Balanced NPK,"Tomato,Septoria Leaf Spot"
DIS0180,Tomato,Septoria Leaf Spot,Fungal,Various,Wilting,Apply copper-based fungicide,Trichoderma application,Copper Oxychloride,Disease-free seeds,Heavy rainfall,Medium,40,Balanced NPK,"Tomato,Septoria Leaf Spot"
DIS0181,Tomato,Septoria Leaf Spot,Fungal,Various,Yellowing of leaves,Avoid overhead irrigation,Neem oil spray,Chlorothalonil,Disease-free seeds,High humidity,Low,59,Balanced NPK,"Tomato,Septoria Leaf Spot"
DIS0182,Tomato,Septoria Leaf Spot,Fungal,Various,Wilting,Remove infected leaves,Compost tea,Metalaxyl,Crop rotation,Cool weather,Medium,41,Balanced NPK,"Tomato,Septoria Leaf Spot"
DIS0183,Tomato,Septoria Leaf Spot,Fungal,Various,White fungal growth,Avoid overhead irrigation,Garlic extract spray,Carbendazim,Proper spacing,Poor air circulation,Low,34,Balanced NPK,"Tomato,Septoria Leaf Spot"
DIS0184,Tomato,Septoria Leaf Spot,Fungal,Various,Leaf curling,Apply copper-based fungicide,Neem oil spray,Metalaxyl,Balanced fertilization,High humidity,Low,28,Balanced NPK,"Tomato,Septoria Leaf Spot"
DIS0185,Tomato,Septoria Leaf Spot,Fungal,Various,Wilting,Avoid overhead irrigation,Garlic extract spray,Copper Oxychloride,Disease-free seeds,High humidity,High,53,Balanced NPK,"Tomato,Septoria Leaf Spot"
DIS0186,Tomato,Septoria Leaf Spot,Fungal,Various,Yellowing of leaves,Remove infected leaves,Compost tea,Chlorothalonil,Crop rotation,Poor air circulation,Low,60,Balanced NPK,"Tomato,Septoria Leaf Spot"
DIS0187,Tomato,Septoria Leaf Spot,Fungal,Various,White fungal growth,Apply copper-based fungicide,Garlic extract spray,Carbendazim,Balanced fertilization,High humidity,Low,57,Balanced NPK,"Tomato,Septoria Leaf Spot"
DIS0188,Tomato,Septoria Leaf Spot,Fungal,Various,Fruit rot,Improve drainage,Trichoderma application,Mancozeb,Field sanitation,Poor air circulation,Low,56,Balanced NPK,"Tomato,Septoria Leaf Spot"
DIS0189,Tomato,Septoria Leaf Spot,Fungal,Various,Yellowing of leaves,Remove infected leaves,Compost tea,Copper Oxychloride,Disease-free seeds,High humidity,High,59,Balanced NPK,"Tomato,Septoria Leaf Spot"
DIS0190,Tomato,Septoria Leaf Spot,Fungal,Various,Fruit rot,Remove infected leaves,Garlic extract spray,Mancozeb,Balanced fertilization,Poor air circulation,Medium,28,Balanced NPK,"Tomato,Septoria Leaf Spot"
DIS0191,Tomato,Septoria Leaf Spot,Fungal,Various,Brown spots on leaves,Remove infected leaves,Trichoderma application,Metalaxyl,Disease-free seeds,Poor air circulation,Medium,52,Balanced NPK,"Tomato,Septoria Leaf Spot"
DIS0192,Tomato,Septoria Leaf Spot,Fungal,Various,Wilting,Use certified seeds,Neem oil spray,Carbendazim,Balanced fertilization,High humidity,Medium,50,Balanced NPK,"Tomato,Septoria Leaf Spot"
DIS0193,Tomato,Septoria Leaf Spot,Fungal,Various,Brown spots on leaves,Apply recommended fungicide,Garlic extract spray,Mancozeb,Proper spacing,Poor air circulation,Low,33,Balanced NPK,"Tomato,Septoria Leaf Spot"
DIS0194,Tomato,Septoria Leaf Spot,Fungal,Various,Brown spots on leaves,Improve drainage,Compost tea,Chlorothalonil,Proper spacing,Poor air circulation,Low,31,Balanced NPK,"Tomato,Septoria Leaf Spot"
DIS0195,Tomato,Septoria Leaf Spot,Fungal,Various,Leaf curling,Use certified seeds,Compost tea,Metalaxyl,Balanced fertilization,Poor air circulation,High,33,Balanced NPK,"Tomato,Septoria Leaf Spot"
DIS0196,Tomato,Septoria Leaf Spot,Fungal,Various,Yellowing of leaves,Improve drainage,Trichoderma application,Metalaxyl,Proper spacing,Poor air circulation,High,51,Balanced NPK,"Tomato,Septoria Leaf Spot"
DIS0197,Tomato,Septoria Leaf Spot,Fungal,Various,Leaf drying,Apply recommended fungicide,Garlic extract spray,Metalaxyl,Disease-free seeds,High humidity,High,30,Balanced NPK,"Tomato,Septoria Leaf Spot"
DIS0198,Tomato,Septoria Leaf Spot,Fungal,Various,Yellowing of leaves,Use certified seeds,Neem oil spray,Mancozeb,Proper spacing,Heavy rainfall,Low,15,Balanced NPK,"Tomato,Septoria Leaf Spot"
DIS0199,Tomato,Septoria Leaf Spot,Fungal,Various,Leaf curling,Apply recommended fungicide,Trichoderma application,Carbendazim,Proper spacing,Poor air circulation,Low,20,Balanced NPK,"Tomato,Septoria Leaf Spot"
DIS0200,Tomato,Septoria Leaf Spot,Fungal,Various,Stem lesions,Avoid overhead irrigation,Trichoderma application,Metalaxyl,Proper spacing,Poor air circulation,High,46,Balanced NPK,"Tomato,Septoria Leaf Spot"
DIS0201,Tomato,Target Spot,Fungal,Various,Wilting,Apply recommended fungicide,Garlic extract spray,Copper Oxychloride,Disease-free seeds,Cool weather,Low,37,Balanced NPK,"Tomato,Target Spot"
DIS0202,Tomato,Target Spot,Fungal,Various,Wilting,Remove infected leaves,Compost tea,Carbendazim,Balanced fertilization,Cool weather,Medium,10,Balanced NPK,"Tomato,Target Spot"
DIS0203,Tomato,Target Spot,Fungal,Various,Yellowing of leaves,Improve drainage,Garlic extract spray,Carbendazim,Field sanitation,High humidity,Medium,17,Balanced NPK,"Tomato,Target Spot"
DIS0204,Tomato,Target Spot,Fungal,Various,Yellowing of leaves,Apply recommended fungicide,Neem oil spray,Mancozeb,Disease-free seeds,High humidity,High,42,Balanced NPK,"Tomato,Target Spot"
DIS0205,Tomato,Target Spot,Fungal,Various,Leaf drying,Apply copper-based fungicide,Compost tea,Chlorothalonil,Field sanitation,High humidity,Medium,37,Balanced NPK,"Tomato,Target Spot"
DIS0206,Tomato,Target Spot,Fungal,Various,Yellowing of leaves,Apply recommended fungicide,Trichoderma application,Metalaxyl,Disease-free seeds,Heavy rainfall,High,28,Balanced NPK,"Tomato,Target Spot"
DIS0207,Tomato,Target Spot,Fungal,Various,Brown spots on leaves,Avoid overhead irrigation,Trichoderma application,Carbendazim,Crop rotation,Cool weather,High,41,Balanced NPK,"Tomato,Target Spot"
DIS0208,Tomato,Target Spot,Fungal,Various,Stem lesions,Improve drainage,Compost tea,Metalaxyl,Balanced fertilization,Poor air circulation,Low,27,Balanced NPK,"Tomato,Target Spot"
DIS0209,Tomato,Target Spot,Fungal,Various,Yellowing of leaves,Apply recommended fungicide,Trichoderma application,Copper Oxychloride,Disease-free seeds,Heavy rainfall,Medium,33,Balanced NPK,"Tomato,Target Spot"
DIS0210,Tomato,Target Spot,Fungal,Various,Yellowing of leaves,Improve drainage,Trichoderma application,Chlorothalonil,Disease-free seeds,Heavy rainfall,Low,23,Balanced NPK,"Tomato,Target Spot"
DIS0211,Tomato,Target Spot,Fungal,Various,Yellowing of leaves,Use certified seeds,Garlic extract spray,Metalaxyl,Field sanitation,Poor air circulation,Medium,48,Balanced NPK,"Tomato,Target Spot"
DIS0212,Tomato,Target Spot,Fungal,Various,White fungal growth,Improve drainage,Garlic extract spray,Carbendazim,Proper spacing,Poor air circulation,High,45,Balanced NPK,"Tomato,Target Spot"
DIS0213,Tomato,Target Spot,Fungal,Various,White fungal growth,Use certified seeds,Garlic extract spray,Metalaxyl,Crop rotation,Poor air circulation,Low,43,Balanced NPK,"Tomato,Target Spot"
DIS0214,Tomato,Target Spot,Fungal,Various,Wilting,Apply recommended fungicide,Garlic extract spray,Copper Oxychloride,Proper spacing,High humidity,High,47,Balanced NPK,"Tomato,Target Spot"
DIS0215,Tomato,Target Spot,Fungal,Various,Brown spots on leaves,Avoid overhead irrigation,Garlic extract spray,Mancozeb,Disease-free seeds,Cool weather,High,28,Balanced NPK,"Tomato,Target Spot"
DIS0216,Tomato,Target Spot,Fungal,Various,Leaf curling,Apply copper-based fungicide,Garlic extract spray,Copper Oxychloride,Balanced fertilization,High humidity,High,8,Balanced NPK,"Tomato,Target Spot"
DIS0217,Tomato,Target Spot,Fungal,Various,Fruit rot,Improve drainage,Trichoderma application,Metalaxyl,Field sanitation,Poor air circulation,Low,48,Balanced NPK,"Tomato,Target Spot"
DIS0218,Tomato,Target Spot,Fungal,Various,Leaf curling,Improve drainage,Garlic extract spray,Chlorothalonil,Proper spacing,Heavy rainfall,Low,34,Balanced NPK,"Tomato,Target Spot"
DIS0219,Tomato,Target Spot,Fungal,Various,Yellowing of leaves,Apply recommended fungicide,Trichoderma application,Metalaxyl,Balanced fertilization,Cool weather,Low,26,Balanced NPK,"Tomato,Target Spot"
DIS0220,Tomato,Target Spot,Fungal,Various,White fungal growth,Remove infected leaves,Compost tea,Copper Oxychloride,Proper spacing,Heavy rainfall,High,12,Balanced NPK,"Tomato,Target Spot"
DIS0221,Tomato,Target Spot,Fungal,Various,Stem lesions,Avoid overhead irrigation,Neem oil spray,Chlorothalonil,Disease-free seeds,High humidity,Low,22,Balanced NPK,"Tomato,Target Spot"
DIS0222,Tomato,Target Spot,Fungal,Various,White fungal growth,Avoid overhead irrigation,Neem oil spray,Metalaxyl,Proper spacing,Poor air circulation,Medium,56,Balanced NPK,"Tomato,Target Spot"
DIS0223,Tomato,Target Spot,Fungal,Various,Leaf curling,Use certified seeds,Compost tea,Copper Oxychloride,Field sanitation,High humidity,Medium,60,Balanced NPK,"Tomato,Target Spot"
DIS0224,Tomato,Target Spot,Fungal,Various,Leaf drying,Use certified seeds,Trichoderma application,Chlorothalonil,Field sanitation,Poor air circulation,High,35,Balanced NPK,"Tomato,Target Spot"
DIS0225,Tomato,Target Spot,Fungal,Various,White fungal growth,Remove infected leaves,Neem oil spray,Mancozeb,Field sanitation,Cool weather,High,44,Balanced NPK,"Tomato,Target Spot"
DIS0226,Tomato,Target Spot,Fungal,Various,Yellowing of leaves,Improve drainage,Trichoderma application,Copper Oxychloride,Field sanitation,Poor air circulation,High,9,Balanced NPK,"Tomato,Target Spot"
DIS0227,Tomato,Target Spot,Fungal,Various,White fungal growth,Avoid overhead irrigation,Trichoderma application,Chlorothalonil,Proper spacing,Heavy rainfall,High,39,Balanced NPK,"Tomato,Target Spot"
DIS0228,Tomato,Target Spot,Fungal,Various,Wilting,Remove infected leaves,Garlic extract spray,Mancozeb,Proper spacing,High humidity,Low,51,Balanced NPK,"Tomato,Target Spot"
DIS0229,Tomato,Target Spot,Fungal,Various,Stem lesions,Apply recommended fungicide,Compost tea,Carbendazim,Proper spacing,Heavy rainfall,Medium,37,Balanced NPK,"Tomato,Target Spot"
DIS0230,Tomato,Target Spot,Fungal,Various,Yellowing of leaves,Improve drainage,Trichoderma application,Carbendazim,Proper spacing,High humidity,Low,9,Balanced NPK,"Tomato,Target Spot"
DIS0231,Tomato,Target Spot,Fungal,Various,Fruit rot,Apply copper-based fungicide,Compost tea,Mancozeb,Crop rotation,High humidity,High,60,Balanced NPK,"Tomato,Target Spot"
DIS0232,Tomato,Target Spot,Fungal,Various,Leaf drying,Apply copper-based fungicide,Neem oil spray,Carbendazim,Balanced fertilization,Heavy rainfall,Low,18,Balanced NPK,"Tomato,Target Spot"
DIS0233,Tomato,Target Spot,Fungal,Various,White fungal growth,Avoid overhead irrigation,Garlic extract spray,Metalaxyl,Balanced fertilization,Poor air circulation,Medium,42,Balanced NPK,"Tomato,Target Spot"
DIS0234,Tomato,Target Spot,Fungal,Various,Leaf curling,Remove infected leaves,Neem oil spray,Carbendazim,Proper spacing,Heavy rainfall,Low,40,Balanced NPK,"Tomato,Target Spot"
DIS0235,Tomato,Target Spot,Fungal,Various,Stem lesions,Improve drainage,Compost tea,Chlorothalonil,Proper spacing,Cool weather,Low,53,Balanced NPK,"Tomato,Target Spot"
DIS0236,Tomato,Target Spot,Fungal,Various,Brown spots on leaves,Improve drainage,Neem oil spray,Carbendazim,Balanced fertilization,Heavy rainfall,Low,12,Balanced NPK,"Tomato,Target Spot"
DIS0237,Tomato,Target Spot,Fungal,Various,Fruit rot,Use certified seeds,Compost tea,Copper Oxychloride,Disease-free seeds,Cool weather,Medium,50,Balanced NPK,"Tomato,Target Spot"
DIS0238,Tomato,Target Spot,Fungal,Various,Fruit rot,Remove infected leaves,Garlic extract spray,Copper Oxychloride,Proper spacing,Poor air circulation,Low,11,Balanced NPK,"Tomato,Target Spot"
DIS0239,Tomato,Target Spot,Fungal,Various,Fruit rot,Apply recommended fungicide,Garlic extract spray,Mancozeb,Field sanitation,Poor air circulation,Medium,29,Balanced NPK,"Tomato,Target Spot"
DIS0240,Tomato,Target Spot,Fungal,Various,Brown spots on leaves,Improve drainage,Neem oil spray,Mancozeb,Proper spacing,Cool weather,Medium,29,Balanced NPK,"Tomato,Target Spot"
DIS0241,Tomato,Yellow Leaf Curl Virus,Viral,Various,Leaf drying,Avoid overhead irrigation,Trichoderma application,Copper Oxychloride,Balanced fertilization,High humidity,Medium,53,Balanced NPK,"Tomato,Yellow Leaf Curl Virus"
DIS0242,Tomato,Yellow Leaf Curl Virus,Viral,Various,White fungal growth,Use certified seeds,Trichoderma application,Chlorothalonil,Crop rotation,Cool weather,Low,56,Balanced NPK,"Tomato,Yellow Leaf Curl Virus"
DIS0243,Tomato,Yellow Leaf Curl Virus,Viral,Various,White fungal growth,Remove infected leaves,Neem oil spray,Chlorothalonil,Proper spacing,Cool weather,Medium,41,Balanced NPK,"Tomato,Yellow Leaf Curl Virus"
DIS0244,Tomato,Yellow Leaf Curl Virus,Viral,Various,Brown spots on leaves,Remove infected leaves,Neem oil spray,Carbendazim,Field sanitation,Poor air circulation,Medium,46,Balanced NPK,"Tomato,Yellow Leaf Curl Virus"
DIS0245,Tomato,Yellow Leaf Curl Virus,Viral,Various,Wilting,Use certified seeds,Compost tea,Carbendazim,Crop rotation,High humidity,Medium,5,Balanced NPK,"Tomato,Yellow Leaf Curl Virus"
DIS0246,Tomato,Yellow Leaf Curl Virus,Viral,Various,White fungal growth,Improve drainage,Trichoderma application,Mancozeb,Field sanitation,High humidity,Low,31,Balanced NPK,"Tomato,Yellow Leaf Curl Virus"
DIS0247,Tomato,Yellow Leaf Curl Virus,Viral,Various,Fruit rot,Use certified seeds,Neem oil spray,Copper Oxychloride,Balanced fertilization,Heavy rainfall,Medium,38,Balanced NPK,"Tomato,Yellow Leaf Curl Virus"
DIS0248,Tomato,Yellow Leaf Curl Virus,Viral,Various,Leaf curling,Apply copper-based fungicide,Compost tea,Chlorothalonil,Field sanitation,Cool weather,Medium,50,Balanced NPK,"Tomato,Yellow Leaf Curl Virus"
DIS0249,Tomato,Yellow Leaf Curl Virus,Viral,Various,Brown spots on leaves,Use certified seeds,Garlic extract spray,Chlorothalonil,Proper spacing,Poor air circulation,High,48,Balanced NPK,"Tomato,Yellow Leaf Curl Virus"
DIS0250,Tomato,Yellow Leaf Curl Virus,Viral,Various,Stem lesions,Improve drainage,Garlic extract spray,Mancozeb,Balanced fertilization,High humidity,Low,25,Balanced NPK,"Tomato,Yellow Leaf Curl Virus"
DIS0251,Tomato,Yellow Leaf Curl Virus,Viral,Various,Leaf curling,Avoid overhead irrigation,Garlic extract spray,Carbendazim,Balanced fertilization,Heavy rainfall,High,6,Balanced NPK,"Tomato,Yellow Leaf Curl Virus"
DIS0252,Tomato,Yellow Leaf Curl Virus,Viral,Various,Fruit rot,Avoid overhead irrigation,Trichoderma application,Metalaxyl,Balanced fertilization,Cool weather,Low,58,Balanced NPK,"Tomato,Yellow Leaf Curl Virus"
DIS0253,Tomato,Yellow Leaf Curl Virus,Viral,Various,Fruit rot,Apply recommended fungicide,Trichoderma application,Chlorothalonil,Disease-free seeds,Cool weather,Medium,53,Balanced NPK,"Tomato,Yellow Leaf Curl Virus"
DIS0254,Tomato,Yellow Leaf Curl Virus,Viral,Various,Yellowing of leaves,Avoid overhead irrigation,Garlic extract spray,Metalaxyl,Balanced fertilization,Heavy rainfall,High,10,Balanced NPK,"Tomato,Yellow Leaf Curl Virus"
DIS0255,Tomato,Yellow Leaf Curl Virus,Viral,Various,Leaf curling,Remove infected leaves,Compost tea,Carbendazim,Balanced fertilization,High humidity,High,44,Balanced NPK,"Tomato,Yellow Leaf Curl Virus"
DIS0256,Tomato,Yellow Leaf Curl Virus,Viral,Various,Wilting,Remove infected leaves,Trichoderma application,Metalaxyl,Field sanitation,Heavy rainfall,High,5,Balanced NPK,"Tomato,Yellow Leaf Curl Virus"
DIS0257,Tomato,Yellow Leaf Curl Virus,Viral,Various,Brown spots on leaves,Apply copper-based fungicide,Garlic extract spray,Mancozeb,Crop rotation,Cool weather,Low,18,Balanced NPK,"Tomato,Yellow Leaf Curl Virus"
DIS0258,Tomato,Yellow Leaf Curl Virus,Viral,Various,Fruit rot,Improve drainage,Compost tea,Metalaxyl,Field sanitation,Poor air circulation,Low,15,Balanced NPK,"Tomato,Yellow Leaf Curl Virus"
DIS0259,Tomato,Yellow Leaf Curl Virus,Viral,Various,Yellowing of leaves,Apply copper-based fungicide,Garlic extract spray,Carbendazim,Disease-free seeds,Poor air circulation,Medium,10,Balanced NPK,"Tomato,Yellow Leaf Curl Virus"
DIS0260,Tomato,Yellow Leaf Curl Virus,Viral,Various,Brown spots on leaves,Improve drainage,Garlic extract spray,Mancozeb,Balanced fertilization,High humidity,High,18,Balanced NPK,"Tomato,Yellow Leaf Curl Virus"
DIS0261,Tomato,Yellow Leaf Curl Virus,Viral,Various,Brown spots on leaves,Improve drainage,Garlic extract spray,Copper Oxychloride,Field sanitation,Heavy rainfall,High,33,Balanced NPK,"Tomato,Yellow Leaf Curl Virus"
DIS0262,Tomato,Yellow Leaf Curl Virus,Viral,Various,Yellowing of leaves,Use certified seeds,Garlic extract spray,Carbendazim,Disease-free seeds,Cool weather,Medium,31,Balanced NPK,"Tomato,Yellow Leaf Curl Virus"
DIS0263,Tomato,Yellow Leaf Curl Virus,Viral,Various,Fruit rot,Avoid overhead irrigation,Neem oil spray,Mancozeb,Balanced fertilization,Poor air circulation,Medium,51,Balanced NPK,"Tomato,Yellow Leaf Curl Virus"
DIS0264,Tomato,Yellow Leaf Curl Virus,Viral,Various,Fruit rot,Improve drainage,Compost tea,Metalaxyl,Proper spacing,Heavy rainfall,High,34,Balanced NPK,"Tomato,Yellow Leaf Curl Virus"
DIS0265,Tomato,Yellow Leaf Curl Virus,Viral,Various,Wilting,Improve drainage,Neem oil spray,Metalaxyl,Field sanitation,High humidity,Medium,18,Balanced NPK,"Tomato,Yellow Leaf Curl Virus"
DIS0266,Tomato,Yellow Leaf Curl Virus,Viral,Various,Leaf drying,Remove infected leaves,Trichoderma application,Mancozeb,Field sanitation,High humidity,Low,32,Balanced NPK,"Tomato,Yellow Leaf Curl Virus"
DIS0267,Tomato,Yellow Leaf Curl Virus,Viral,Various,Fruit rot,Apply copper-based fungicide,Trichoderma application,Carbendazim,Proper spacing,Heavy rainfall,High,10,Balanced NPK,"Tomato,Yellow Leaf Curl Virus"
DIS0268,Tomato,Yellow Leaf Curl Virus,Viral,Various,Brown spots on leaves,Apply recommended fungicide,Neem oil spray,Copper Oxychloride,Balanced fertilization,High humidity,Medium,23,Balanced NPK,"Tomato,Yellow Leaf Curl Virus"
DIS0269,Tomato,Yellow Leaf Curl Virus,Viral,Various,Wilting,Use certified seeds,Compost tea,Mancozeb,Field sanitation,Cool weather,Medium,8,Balanced NPK,"Tomato,Yellow Leaf Curl Virus"
DIS0270,Tomato,Yellow Leaf Curl Virus,Viral,Various,Fruit rot,Remove infected leaves,Garlic extract spray,Mancozeb,Field sanitation,High humidity,High,29,Balanced NPK,"Tomato,Yellow Leaf Curl Virus"
DIS0271,Tomato,Yellow Leaf Curl Virus,Viral,Various,Stem lesions,Use certified seeds,Compost tea,Mancozeb,Balanced fertilization,Heavy rainfall,High,13,Balanced NPK,"Tomato,Yellow Leaf Curl Virus"
DIS0272,Tomato,Yellow Leaf Curl Virus,Viral,Various,Stem lesions,Remove infected leaves,Neem oil spray,Metalaxyl,Field sanitation,Poor air circulation,Low,24,Balanced NPK,"Tomato,Yellow Leaf Curl Virus"
DIS0273,Tomato,Yellow Leaf Curl Virus,Viral,Various,Stem lesions,Apply recommended fungicide,Neem oil spray,Mancozeb,Balanced fertilization,High humidity,Low,42,Balanced NPK,"Tomato,Yellow Leaf Curl Virus"
DIS0274,Tomato,Yellow Leaf Curl Virus,Viral,Various,Stem lesions,Apply recommended fungicide,Compost tea,Copper Oxychloride,Balanced fertilization,Heavy rainfall,Low,15,Balanced NPK,"Tomato,Yellow Leaf Curl Virus"
DIS0275,Tomato,Yellow Leaf Curl Virus,Viral,Various,Wilting,Use certified seeds,Trichoderma application,Copper Oxychloride,Balanced fertilization,Heavy rainfall,Low,49,Balanced NPK,"Tomato,Yellow Leaf Curl Virus"
DIS0276,Tomato,Yellow Leaf Curl Virus,Viral,Various,Wilting,Use certified seeds,Garlic extract spray,Mancozeb,Disease-free seeds,High humidity,High,44,Balanced NPK,"Tomato,Yellow Leaf Curl Virus"
DIS0277,Tomato,Yellow Leaf Curl Virus,Viral,Various,Leaf drying,Apply copper-based fungicide,Trichoderma application,Mancozeb,Field sanitation,Poor air circulation,High,39,Balanced NPK,"Tomato,Yellow Leaf Curl Virus"
DIS0278,Tomato,Yellow Leaf Curl Virus,Viral,Various,White fungal growth,Avoid overhead irrigation,Garlic extract spray,Mancozeb,Proper spacing,Cool weather,Medium,15,Balanced NPK,"Tomato,Yellow Leaf Curl Virus"
DIS0279,Tomato,Yellow Leaf Curl Virus,Viral,Various,Leaf drying,Improve drainage,Neem oil spray,Carbendazim,Crop rotation,Poor air circulation,Low,52,Balanced NPK,"Tomato,Yellow Leaf Curl Virus"
DIS0280,Tomato,Yellow Leaf Curl Virus,Viral,Various,Brown spots on leaves,Avoid overhead irrigation,Neem oil spray,Mancozeb,Balanced fertilization,Cool weather,Medium,49,Balanced NPK,"Tomato,Yellow Leaf Curl Virus"
DIS0281,Tomato,Mosaic Virus,Viral,Various,Brown spots on leaves,Improve drainage,Neem oil spray,Metalaxyl,Proper spacing,Poor air circulation,Low,23,Balanced NPK,"Tomato,Mosaic Virus"
DIS0282,Tomato,Mosaic Virus,Viral,Various,Yellowing of leaves,Improve drainage,Compost tea,Carbendazim,Proper spacing,Heavy rainfall,Medium,34,Balanced NPK,"Tomato,Mosaic Virus"
DIS0283,Tomato,Mosaic Virus,Viral,Various,Stem lesions,Use certified seeds,Neem oil spray,Metalaxyl,Crop rotation,High humidity,Low,26,Balanced NPK,"Tomato,Mosaic Virus"
DIS0284,Tomato,Mosaic Virus,Viral,Various,Leaf curling,Avoid overhead irrigation,Compost tea,Chlorothalonil,Proper spacing,Heavy rainfall,High,44,Balanced NPK,"Tomato,Mosaic Virus"
DIS0285,Tomato,Mosaic Virus,Viral,Various,Fruit rot,Use certified seeds,Trichoderma application,Chlorothalonil,Disease-free seeds,High humidity,Medium,19,Balanced NPK,"Tomato,Mosaic Virus"
DIS0286,Tomato,Mosaic Virus,Viral,Various,Brown spots on leaves,Improve drainage,Compost tea,Metalaxyl,Disease-free seeds,Heavy rainfall,Low,25,Balanced NPK,"Tomato,Mosaic Virus"
DIS0287,Tomato,Mosaic Virus,Viral,Various,Leaf drying,Apply copper-based fungicide,Neem oil spray,Carbendazim,Crop rotation,Heavy rainfall,High,39,Balanced NPK,"Tomato,Mosaic Virus"
DIS0288,Tomato,Mosaic Virus,Viral,Various,Brown spots on leaves,Improve drainage,Trichoderma application,Mancozeb,Balanced fertilization,Poor air circulation,Medium,21,Balanced NPK,"Tomato,Mosaic Virus"
DIS0289,Tomato,Mosaic Virus,Viral,Various,Leaf curling,Avoid overhead irrigation,Compost tea,Mancozeb,Field sanitation,Heavy rainfall,High,44,Balanced NPK,"Tomato,Mosaic Virus"
DIS0290,Tomato,Mosaic Virus,Viral,Various,Stem lesions,Use certified seeds,Trichoderma application,Copper Oxychloride,Field sanitation,Heavy rainfall,Medium,59,Balanced NPK,"Tomato,Mosaic Virus"
DIS0291,Tomato,Mosaic Virus,Viral,Various,Wilting,Use certified seeds,Neem oil spray,Metalaxyl,Disease-free seeds,Cool weather,Medium,9,Balanced NPK,"Tomato,Mosaic Virus"
DIS0292,Tomato,Mosaic Virus,Viral,Various,Fruit rot,Improve drainage,Neem oil spray,Mancozeb,Field sanitation,Heavy rainfall,Low,9,Balanced NPK,"Tomato,Mosaic Virus"
DIS0293,Tomato,Mosaic Virus,Viral,Various,Brown spots on leaves,Avoid overhead irrigation,Trichoderma application,Copper Oxychloride,Proper spacing,High humidity,Low,26,Balanced NPK,"Tomato,Mosaic Virus"
DIS0294,Tomato,Mosaic Virus,Viral,Various,Yellowing of leaves,Avoid overhead irrigation,Garlic extract spray,Chlorothalonil,Balanced fertilization,Poor air circulation,Medium,22,Balanced NPK,"Tomato,Mosaic Virus"
DIS0295,Tomato,Mosaic Virus,Viral,Various,Fruit rot,Apply copper-based fungicide,Garlic extract spray,Chlorothalonil,Field sanitation,Poor air circulation,High,15,Balanced NPK,"Tomato,Mosaic Virus"
DIS0296,Tomato,Mosaic Virus,Viral,Various,White fungal growth,Use certified seeds,Compost tea,Mancozeb,Field sanitation,Heavy rainfall,Low,8,Balanced NPK,"Tomato,Mosaic Virus"
DIS0297,Tomato,Mosaic Virus,Viral,Various,Yellowing of leaves,Use certified seeds,Garlic extract spray,Carbendazim,Balanced fertilization,Poor air circulation,Medium,44,Balanced NPK,"Tomato,Mosaic Virus"
DIS0298,Tomato,Mosaic Virus,Viral,Various,Stem lesions,Improve drainage,Compost tea,Chlorothalonil,Proper spacing,High humidity,High,56,Balanced NPK,"Tomato,Mosaic Virus"
DIS0299,Tomato,Mosaic Virus,Viral,Various,Stem lesions,Remove infected leaves,Garlic extract spray,Chlorothalonil,Field sanitation,Heavy rainfall,High,57,Balanced NPK,"Tomato,Mosaic Virus"
DIS0300,Tomato,Mosaic Virus,Viral,Various,Stem lesions,Improve drainage,Garlic extract spray,Mancozeb,Field sanitation,High humidity,Medium,10,Balanced NPK,"Tomato,Mosaic Virus"
DIS0301,Tomato,Mosaic Virus,Viral,Various,Leaf drying,Use certified seeds,Garlic extract spray,Mancozeb,Field sanitation,Cool weather,Low,43,Balanced NPK,"Tomato,Mosaic Virus"
DIS0302,Tomato,Mosaic Virus,Viral,Various,Fruit rot,Avoid overhead irrigation,Compost tea,Mancozeb,Field sanitation,Poor air circulation,Low,17,Balanced NPK,"Tomato,Mosaic Virus"
DIS0303,Tomato,Mosaic Virus,Viral,Various,Leaf drying,Improve drainage,Trichoderma application,Carbendazim,Proper spacing,Heavy rainfall,Low,37,Balanced NPK,"Tomato,Mosaic Virus"
DIS0304,Tomato,Mosaic Virus,Viral,Various,Stem lesions,Remove infected leaves,Compost tea,Copper Oxychloride,Crop rotation,High humidity,High,25,Balanced NPK,"Tomato,Mosaic Virus"
DIS0305,Tomato,Mosaic Virus,Viral,Various,Leaf curling,Use certified seeds,Compost tea,Mancozeb,Disease-free seeds,Cool weather,Medium,28,Balanced NPK,"Tomato,Mosaic Virus"
DIS0306,Tomato,Mosaic Virus,Viral,Various,Yellowing of leaves,Improve drainage,Neem oil spray,Chlorothalonil,Field sanitation,High humidity,High,43,Balanced NPK,"Tomato,Mosaic Virus"
DIS0307,Tomato,Mosaic Virus,Viral,Various,Wilting,Apply copper-based fungicide,Garlic extract spray,Metalaxyl,Balanced fertilization,Heavy rainfall,High,25,Balanced NPK,"Tomato,Mosaic Virus"
DIS0308,Tomato,Mosaic Virus,Viral,Various,Wilting,Apply copper-based fungicide,Neem oil spray,Carbendazim,Crop rotation,Cool weather,High,18,Balanced NPK,"Tomato,Mosaic Virus"
DIS0309,Tomato,Mosaic Virus,Viral,Various,White fungal growth,Apply recommended fungicide,Trichoderma application,Mancozeb,Crop rotation,Poor air circulation,Medium,17,Balanced NPK,"Tomato,Mosaic Virus"
DIS0310,Tomato,Mosaic Virus,Viral,Various,Brown spots on leaves,Avoid overhead irrigation,Garlic extract spray,Copper Oxychloride,Disease-free seeds,Poor air circulation,Medium,54,Balanced NPK,"Tomato,Mosaic Virus"
DIS0311,Tomato,Mosaic Virus,Viral,Various,Stem lesions,Improve drainage,Garlic extract spray,Carbendazim,Proper spacing,Heavy rainfall,Medium,10,Balanced NPK,"Tomato,Mosaic Virus"
DIS0312,Tomato,Mosaic Virus,Viral,Various,Leaf curling,Apply copper-based fungicide,Garlic extract spray,Metalaxyl,Field sanitation,High humidity,High,39,Balanced NPK,"Tomato,Mosaic Virus"
DIS0313,Tomato,Mosaic Virus,Viral,Various,Leaf drying,Avoid overhead irrigation,Trichoderma application,Carbendazim,Balanced fertilization,Cool weather,High,57,Balanced NPK,"Tomato,Mosaic Virus"
DIS0314,Tomato,Mosaic Virus,Viral,Various,Yellowing of leaves,Remove infected leaves,Compost tea,Carbendazim,Balanced fertilization,High humidity,Low,6,Balanced NPK,"Tomato,Mosaic Virus"
DIS0315,Tomato,Mosaic Virus,Viral,Various,Leaf curling,Apply recommended fungicide,Garlic extract spray,Metalaxyl,Crop rotation,Heavy rainfall,Low,28,Balanced NPK,"Tomato,Mosaic Virus"
DIS0316,Tomato,Mosaic Virus,Viral,Various,Yellowing of leaves,Use certified seeds,Neem oil spray,Carbendazim,Balanced fertilization,Poor air circulation,Medium,50,Balanced NPK,"Tomato,Mosaic Virus"
DIS0317,Tomato,Mosaic Virus,Viral,Various,Yellowing of leaves,Remove infected leaves,Neem oil spray,Chlorothalonil,Proper spacing,Heavy rainfall,High,56,Balanced NPK,"Tomato,Mosaic Virus"
DIS0318,Tomato,Mosaic Virus,Viral,Various,Brown spots on leaves,Improve drainage,Trichoderma application,Carbendazim,Field sanitation,Cool weather,High,36,Balanced NPK,"Tomato,Mosaic Virus"
DIS0319,Tomato,Mosaic Virus,Viral,Various,Yellowing of leaves,Remove infected leaves,Neem oil spray,Carbendazim,Proper spacing,Cool weather,High,22,Balanced NPK,"Tomato,Mosaic Virus"
DIS0320,Tomato,Mosaic Virus,Viral,Various,Leaf curling,Use certified seeds,Trichoderma application,Metalaxyl,Field sanitation,Heavy rainfall,Medium,11,Balanced NPK,"Tomato,Mosaic Virus"
DIS0321,Potato,Late Blight,Fungal,Various,Stem lesions,Remove infected leaves,Compost tea,Metalaxyl,Crop rotation,Poor air circulation,High,55,Balanced NPK,"Potato,Late Blight"
DIS0322,Potato,Late Blight,Fungal,Various,Stem lesions,Improve drainage,Compost tea,Copper Oxychloride,Crop rotation,High humidity,High,28,Balanced NPK,"Potato,Late Blight"
DIS0323,Potato,Late Blight,Fungal,Various,Brown spots on leaves,Apply recommended fungicide,Trichoderma application,Chlorothalonil,Disease-free seeds,Cool weather,High,60,Balanced NPK,"Potato,Late Blight"
DIS0324,Potato,Late Blight,Fungal,Various,Yellowing of leaves,Remove infected leaves,Neem oil spray,Copper Oxychloride,Disease-free seeds,High humidity,Medium,32,Balanced NPK,"Potato,Late Blight"
DIS0325,Potato,Late Blight,Fungal,Various,Yellowing of leaves,Avoid overhead irrigation,Trichoderma application,Carbendazim,Crop rotation,High humidity,Medium,5,Balanced NPK,"Potato,Late Blight"
DIS0326,Potato,Late Blight,Fungal,Various,Fruit rot,Avoid overhead irrigation,Compost tea,Metalaxyl,Field sanitation,Heavy rainfall,Low,15,Balanced NPK,"Potato,Late Blight"
DIS0327,Potato,Late Blight,Fungal,Various,Fruit rot,Apply copper-based fungicide,Garlic extract spray,Carbendazim,Disease-free seeds,Cool weather,Low,29,Balanced NPK,"Potato,Late Blight"
DIS0328,Potato,Late Blight,Fungal,Various,White fungal growth,Apply recommended fungicide,Compost tea,Chlorothalonil,Field sanitation,High humidity,Medium,55,Balanced NPK,"Potato,Late Blight"
DIS0329,Potato,Late Blight,Fungal,Various,White fungal growth,Use certified seeds,Neem oil spray,Metalaxyl,Disease-free seeds,Heavy rainfall,Low,53,Balanced NPK,"Potato,Late Blight"
DIS0330,Potato,Late Blight,Fungal,Various,Leaf curling,Avoid overhead irrigation,Trichoderma application,Mancozeb,Field sanitation,Heavy rainfall,Medium,8,Balanced NPK,"Potato,Late Blight"
DIS0331,Potato,Late Blight,Fungal,Various,Fruit rot,Apply recommended fungicide,Garlic extract spray,Carbendazim,Disease-free seeds,Poor air circulation,Low,8,Balanced NPK,"Potato,Late Blight"
DIS0332,Potato,Late Blight,Fungal,Various,Fruit rot,Remove infected leaves,Compost tea,Copper Oxychloride,Proper spacing,High humidity,Low,19,Balanced NPK,"Potato,Late Blight"
DIS0333,Potato,Late Blight,Fungal,Various,Yellowing of leaves,Remove infected leaves,Trichoderma application,Metalaxyl,Crop rotation,Cool weather,Medium,36,Balanced NPK,"Potato,Late Blight"
DIS0334,Potato,Late Blight,Fungal,Various,Stem lesions,Avoid overhead irrigation,Neem oil spray,Copper Oxychloride,Crop rotation,Heavy rainfall,Medium,30,Balanced NPK,"Potato,Late Blight"
DIS0335,Potato,Late Blight,Fungal,Various,Leaf drying,Apply copper-based fungicide,Compost tea,Carbendazim,Proper spacing,High humidity,Medium,49,Balanced NPK,"Potato,Late Blight"
DIS0336,Potato,Late Blight,Fungal,Various,Fruit rot,Avoid overhead irrigation,Trichoderma application,Metalaxyl,Field sanitation,Poor air circulation,Low,12,Balanced NPK,"Potato,Late Blight"
DIS0337,Potato,Late Blight,Fungal,Various,Leaf drying,Apply copper-based fungicide,Neem oil spray,Chlorothalonil,Disease-free seeds,Cool weather,Low,60,Balanced NPK,"Potato,Late Blight"
DIS0338,Potato,Late Blight,Fungal,Various,Leaf drying,Use certified seeds,Neem oil spray,Copper Oxychloride,Balanced fertilization,Cool weather,Low,30,Balanced NPK,"Potato,Late Blight"
DIS0339,Potato,Late Blight,Fungal,Various,Stem lesions,Apply copper-based fungicide,Trichoderma application,Carbendazim,Field sanitation,Poor air circulation,Low,45,Balanced NPK,"Potato,Late Blight"
DIS0340,Potato,Late Blight,Fungal,Various,Stem lesions,Remove infected leaves,Compost tea,Mancozeb,Field sanitation,Poor air circulation,Medium,51,Balanced NPK,"Potato,Late Blight"
DIS0341,Potato,Late Blight,Fungal,Various,Leaf drying,Apply copper-based fungicide,Neem oil spray,Carbendazim,Field sanitation,Cool weather,Medium,8,Balanced NPK,"Potato,Late Blight"
DIS0342,Potato,Late Blight,Fungal,Various,White fungal growth,Use certified seeds,Trichoderma application,Metalaxyl,Proper spacing,High humidity,Low,14,Balanced NPK,"Potato,Late Blight"
DIS0343,Potato,Late Blight,Fungal,Various,Wilting,Remove infected leaves,Compost tea,Metalaxyl,Balanced fertilization,High humidity,Medium,41,Balanced NPK,"Potato,Late Blight"
DIS0344,Potato,Late Blight,Fungal,Various,Wilting,Apply recommended fungicide,Garlic extract spray,Metalaxyl,Field sanitation,Poor air circulation,High,59,Balanced NPK,"Potato,Late Blight"
DIS0345,Potato,Late Blight,Fungal,Various,Wilting,Apply recommended fungicide,Compost tea,Chlorothalonil,Balanced fertilization,High humidity,Low,34,Balanced NPK,"Potato,Late Blight"
DIS0346,Potato,Late Blight,Fungal,Various,Yellowing of leaves,Apply recommended fungicide,Compost tea,Metalaxyl,Field sanitation,Heavy rainfall,High,5,Balanced NPK,"Potato,Late Blight"
DIS0347,Potato,Late Blight,Fungal,Various,Brown spots on leaves,Apply recommended fungicide,Trichoderma application,Copper Oxychloride,Proper spacing,High humidity,Medium,46,Balanced NPK,"Potato,Late Blight"
DIS0348,Potato,Late Blight,Fungal,Various,Brown spots on leaves,Remove infected leaves,Garlic extract spray,Copper Oxychloride,Crop rotation,Heavy rainfall,Medium,46,Balanced NPK,"Potato,Late Blight"
DIS0349,Potato,Late Blight,Fungal,Various,Yellowing of leaves,Improve drainage,Trichoderma application,Carbendazim,Balanced fertilization,Cool weather,High,28,Balanced NPK,"Potato,Late Blight"
DIS0350,Potato,Late Blight,Fungal,Various,White fungal growth,Remove infected leaves,Garlic extract spray,Chlorothalonil,Disease-free seeds,Cool weather,High,8,Balanced NPK,"Potato,Late Blight"
DIS0351,Potato,Late Blight,Fungal,Various,Yellowing of leaves,Use certified seeds,Garlic extract spray,Mancozeb,Field sanitation,Heavy rainfall,Medium,16,Balanced NPK,"Potato,Late Blight"
DIS0352,Potato,Late Blight,Fungal,Various,Fruit rot,Use certified seeds,Neem oil spray,Mancozeb,Proper spacing,Heavy rainfall,Medium,38,Balanced NPK,"Potato,Late Blight"
DIS0353,Potato,Late Blight,Fungal,Various,Leaf curling,Apply recommended fungicide,Compost tea,Copper Oxychloride,Crop rotation,High humidity,Medium,33,Balanced NPK,"Potato,Late Blight"
DIS0354,Potato,Late Blight,Fungal,Various,Wilting,Apply copper-based fungicide,Neem oil spray,Metalaxyl,Disease-free seeds,High humidity,Low,12,Balanced NPK,"Potato,Late Blight"
DIS0355,Potato,Late Blight,Fungal,Various,Wilting,Apply recommended fungicide,Compost tea,Mancozeb,Proper spacing,Heavy rainfall,Low,14,Balanced NPK,"Potato,Late Blight"
DIS0356,Potato,Late Blight,Fungal,Various,Leaf drying,Use certified seeds,Garlic extract spray,Mancozeb,Balanced fertilization,Poor air circulation,Medium,40,Balanced NPK,"Potato,Late Blight"
DIS0357,Potato,Late Blight,Fungal,Various,White fungal growth,Use certified seeds,Compost tea,Mancozeb,Field sanitation,High humidity,High,37,Balanced NPK,"Potato,Late Blight"
DIS0358,Potato,Late Blight,Fungal,Various,White fungal growth,Apply recommended fungicide,Trichoderma application,Mancozeb,Proper spacing,Cool weather,Low,54,Balanced NPK,"Potato,Late Blight"
DIS0359,Potato,Late Blight,Fungal,Various,Wilting,Apply copper-based fungicide,Garlic extract spray,Copper Oxychloride,Field sanitation,Poor air circulation,Medium,37,Balanced NPK,"Potato,Late Blight"
DIS0360,Potato,Late Blight,Fungal,Various,Stem lesions,Apply recommended fungicide,Trichoderma application,Carbendazim,Balanced fertilization,Poor air circulation,High,53,Balanced NPK,"Potato,Late Blight"
DIS0361,Potato,Early Blight,Fungal,Various,Yellowing of leaves,Remove infected leaves,Neem oil spray,Mancozeb,Balanced fertilization,Cool weather,Low,24,Balanced NPK,"Potato,Early Blight"
DIS0362,Potato,Early Blight,Fungal,Various,Stem lesions,Use certified seeds,Compost tea,Copper Oxychloride,Crop rotation,Cool weather,Medium,16,Balanced NPK,"Potato,Early Blight"
DIS0363,Potato,Early Blight,Fungal,Various,Wilting,Remove infected leaves,Neem oil spray,Metalaxyl,Proper spacing,High humidity,Low,28,Balanced NPK,"Potato,Early Blight"
DIS0364,Potato,Early Blight,Fungal,Various,Leaf curling,Avoid overhead irrigation,Compost tea,Metalaxyl,Field sanitation,Cool weather,High,37,Balanced NPK,"Potato,Early Blight"
DIS0365,Potato,Early Blight,Fungal,Various,White fungal growth,Use certified seeds,Compost tea,Copper Oxychloride,Proper spacing,Poor air circulation,Medium,34,Balanced NPK,"Potato,Early Blight"
DIS0366,Potato,Early Blight,Fungal,Various,Stem lesions,Apply recommended fungicide,Neem oil spray,Chlorothalonil,Disease-free seeds,Poor air circulation,High,34,Balanced NPK,"Potato,Early Blight"
DIS0367,Potato,Early Blight,Fungal,Various,Yellowing of leaves,Improve drainage,Trichoderma application,Chlorothalonil,Crop rotation,High humidity,High,22,Balanced NPK,"Potato,Early Blight"
DIS0368,Potato,Early Blight,Fungal,Various,Yellowing of leaves,Use certified seeds,Compost tea,Mancozeb,Field sanitation,Cool weather,Medium,55,Balanced NPK,"Potato,Early Blight"
DIS0369,Potato,Early Blight,Fungal,Various,Leaf curling,Remove infected leaves,Compost tea,Mancozeb,Field sanitation,High humidity,Medium,54,Balanced NPK,"Potato,Early Blight"
DIS0370,Potato,Early Blight,Fungal,Various,Brown spots on leaves,Apply copper-based fungicide,Garlic extract spray,Mancozeb,Proper spacing,High humidity,Low,37,Balanced NPK,"Potato,Early Blight"
DIS0371,Potato,Early Blight,Fungal,Various,Leaf curling,Use certified seeds,Trichoderma application,Chlorothalonil,Disease-free seeds,Heavy rainfall,Medium,45,Balanced NPK,"Potato,Early Blight"
DIS0372,Potato,Early Blight,Fungal,Various,Fruit rot,Avoid overhead irrigation,Garlic extract spray,Mancozeb,Proper spacing,High humidity,Low,12,Balanced NPK,"Potato,Early Blight"
DIS0373,Potato,Early Blight,Fungal,Various,Brown spots on leaves,Improve drainage,Garlic extract spray,Mancozeb,Field sanitation,Poor air circulation,Low,58,Balanced NPK,"Potato,Early Blight"
DIS0374,Potato,Early Blight,Fungal,Various,Yellowing of leaves,Avoid overhead irrigation,Neem oil spray,Chlorothalonil,Balanced fertilization,Cool weather,Low,20,Balanced NPK,"Potato,Early Blight"
DIS0375,Potato,Early Blight,Fungal,Various,Leaf curling,Remove infected leaves,Compost tea,Copper Oxychloride,Disease-free seeds,High humidity,Medium,6,Balanced NPK,"Potato,Early Blight"
DIS0376,Potato,Early Blight,Fungal,Various,Fruit rot,Avoid overhead irrigation,Neem oil spray,Carbendazim,Balanced fertilization,High humidity,Medium,27,Balanced NPK,"Potato,Early Blight"
DIS0377,Potato,Early Blight,Fungal,Various,Wilting,Avoid overhead irrigation,Garlic extract spray,Carbendazim,Crop rotation,High humidity,Medium,33,Balanced NPK,"Potato,Early Blight"
DIS0378,Potato,Early Blight,Fungal,Various,Fruit rot,Use certified seeds,Garlic extract spray,Mancozeb,Field sanitation,Poor air circulation,Medium,45,Balanced NPK,"Potato,Early Blight"
DIS0379,Potato,Early Blight,Fungal,Various,Wilting,Remove infected leaves,Neem oil spray,Copper Oxychloride,Proper spacing,Cool weather,Medium,45,Balanced NPK,"Potato,Early Blight"
DIS0380,Potato,Early Blight,Fungal,Various,Fruit rot,Remove infected leaves,Trichoderma application,Copper Oxychloride,Field sanitation,Cool weather,High,24,Balanced NPK,"Potato,Early Blight"
DIS0381,Potato,Early Blight,Fungal,Various,Stem lesions,Apply recommended fungicide,Compost tea,Carbendazim,Field sanitation,Heavy rainfall,Low,19,Balanced NPK,"Potato,Early Blight"
DIS0382,Potato,Early Blight,Fungal,Various,Brown spots on leaves,Improve drainage,Compost tea,Carbendazim,Field sanitation,Poor air circulation,Medium,8,Balanced NPK,"Potato,Early Blight"
DIS0383,Potato,Early Blight,Fungal,Various,White fungal growth,Remove infected leaves,Garlic extract spray,Carbendazim,Balanced fertilization,Heavy rainfall,Low,37,Balanced NPK,"Potato,Early Blight"
DIS0384,Potato,Early Blight,Fungal,Various,Brown spots on leaves,Improve drainage,Garlic extract spray,Carbendazim,Field sanitation,Heavy rainfall,Medium,34,Balanced NPK,"Potato,Early Blight"
DIS0385,Potato,Early Blight,Fungal,Various,Leaf curling,Avoid overhead irrigation,Compost tea,Carbendazim,Balanced fertilization,Poor air circulation,Low,15,Balanced NPK,"Potato,Early Blight"
DIS0386,Potato,Early Blight,Fungal,Various,Wilting,Use certified seeds,Trichoderma application,Carbendazim,Proper spacing,Heavy rainfall,Low,5,Balanced NPK,"Potato,Early Blight"
DIS0387,Potato,Early Blight,Fungal,Various,Stem lesions,Avoid overhead irrigation,Neem oil spray,Chlorothalonil,Balanced fertilization,Cool weather,High,24,Balanced NPK,"Potato,Early Blight"
DIS0388,Potato,Early Blight,Fungal,Various,Yellowing of leaves,Avoid overhead irrigation,Garlic extract spray,Metalaxyl,Field sanitation,Cool weather,Low,31,Balanced NPK,"Potato,Early Blight"
DIS0389,Potato,Early Blight,Fungal,Various,Stem lesions,Apply recommended fungicide,Compost tea,Carbendazim,Proper spacing,High humidity,High,14,Balanced NPK,"Potato,Early Blight"
DIS0390,Potato,Early Blight,Fungal,Various,Leaf drying,Remove infected leaves,Compost tea,Carbendazim,Field sanitation,High humidity,Medium,57,Balanced NPK,"Potato,Early Blight"
DIS0391,Potato,Early Blight,Fungal,Various,White fungal growth,Apply copper-based fungicide,Garlic extract spray,Metalaxyl,Disease-free seeds,Cool weather,Low,58,Balanced NPK,"Potato,Early Blight"
DIS0392,Potato,Early Blight,Fungal,Various,Wilting,Improve drainage,Neem oil spray,Copper Oxychloride,Balanced fertilization,Cool weather,High,26,Balanced NPK,"Potato,Early Blight"
DIS0393,Potato,Early Blight,Fungal,Various,Brown spots on leaves,Avoid overhead irrigation,Neem oil spray,Copper Oxychloride,Disease-free seeds,Cool weather,Low,55,Balanced NPK,"Potato,Early Blight"
DIS0394,Potato,Early Blight,Fungal,Various,Stem lesions,Improve drainage,Neem oil spray,Copper Oxychloride,Field sanitation,Heavy rainfall,Medium,39,Balanced NPK,"Potato,Early Blight"
DIS0395,Potato,Early Blight,Fungal,Various,Stem lesions,Apply recommended fungicide,Garlic extract spray,Copper Oxychloride,Field sanitation,Cool weather,High,40,Balanced NPK,"Potato,Early Blight"
DIS0396,Potato,Early Blight,Fungal,Various,Wilting,Remove infected leaves,Garlic extract spray,Mancozeb,Crop rotation,High humidity,High,17,Balanced NPK,"Potato,Early Blight"
DIS0397,Potato,Early Blight,Fungal,Various,Stem lesions,Improve drainage,Neem oil spray,Chlorothalonil,Crop rotation,Cool weather,High,6,Balanced NPK,"Potato,Early Blight"
DIS0398,Potato,Early Blight,Fungal,Various,Leaf curling,Apply copper-based fungicide,Trichoderma application,Carbendazim,Proper spacing,High humidity,Medium,23,Balanced NPK,"Potato,Early Blight"
DIS0399,Potato,Early Blight,Fungal,Various,Fruit rot,Avoid overhead irrigation,Neem oil spray,Metalaxyl,Proper spacing,Heavy rainfall,High,43,Balanced NPK,"Potato,Early Blight"
DIS0400,Potato,Early Blight,Fungal,Various,Fruit rot,Use certified seeds,Compost tea,Carbendazim,Field sanitation,Cool weather,Low,30,Balanced NPK,"Potato,Early Blight"
DIS0401,Potato,Common Scab,Bacterial,Various,Brown spots on leaves,Remove infected leaves,Trichoderma application,Copper Oxychloride,Proper spacing,Heavy rainfall,Medium,30,Balanced NPK,"Potato,Common Scab"
DIS0402,Potato,Common Scab,Bacterial,Various,Fruit rot,Use certified seeds,Trichoderma application,Metalaxyl,Field sanitation,Cool weather,Medium,13,Balanced NPK,"Potato,Common Scab"
DIS0403,Potato,Common Scab,Bacterial,Various,Wilting,Avoid overhead irrigation,Compost tea,Mancozeb,Proper spacing,Cool weather,High,31,Balanced NPK,"Potato,Common Scab"
DIS0404,Potato,Common Scab,Bacterial,Various,Fruit rot,Use certified seeds,Compost tea,Copper Oxychloride,Crop rotation,High humidity,Medium,55,Balanced NPK,"Potato,Common Scab"
DIS0405,Potato,Common Scab,Bacterial,Various,Brown spots on leaves,Remove infected leaves,Compost tea,Chlorothalonil,Balanced fertilization,Cool weather,Low,14,Balanced NPK,"Potato,Common Scab"
DIS0406,Potato,Common Scab,Bacterial,Various,Leaf curling,Improve drainage,Garlic extract spray,Mancozeb,Disease-free seeds,Cool weather,Medium,27,Balanced NPK,"Potato,Common Scab"
DIS0407,Potato,Common Scab,Bacterial,Various,Leaf drying,Apply recommended fungicide,Compost tea,Metalaxyl,Crop rotation,Heavy rainfall,Medium,11,Balanced NPK,"Potato,Common Scab"
DIS0408,Potato,Common Scab,Bacterial,Various,Fruit rot,Apply copper-based fungicide,Compost tea,Copper Oxychloride,Crop rotation,High humidity,Medium,57,Balanced NPK,"Potato,Common Scab"
DIS0409,Potato,Common Scab,Bacterial,Various,Fruit rot,Apply copper-based fungicide,Neem oil spray,Copper Oxychloride,Disease-free seeds,Cool weather,High,5,Balanced NPK,"Potato,Common Scab"
DIS0410,Potato,Common Scab,Bacterial,Various,White fungal growth,Apply copper-based fungicide,Compost tea,Metalaxyl,Disease-free seeds,Poor air circulation,High,12,Balanced NPK,"Potato,Common Scab"
DIS0411,Potato,Common Scab,Bacterial,Various,White fungal growth,Use certified seeds,Neem oil spray,Mancozeb,Crop rotation,Heavy rainfall,Low,58,Balanced NPK,"Potato,Common Scab"
DIS0412,Potato,Common Scab,Bacterial,Various,Fruit rot,Use certified seeds,Compost tea,Copper Oxychloride,Disease-free seeds,Cool weather,High,56,Balanced NPK,"Potato,Common Scab"
DIS0413,Potato,Common Scab,Bacterial,Various,Stem lesions,Use certified seeds,Garlic extract spray,Chlorothalonil,Crop rotation,Cool weather,Low,51,Balanced NPK,"Potato,Common Scab"
DIS0414,Potato,Common Scab,Bacterial,Various,Leaf drying,Use certified seeds,Compost tea,Carbendazim,Proper spacing,Heavy rainfall,High,6,Balanced NPK,"Potato,Common Scab"
DIS0415,Potato,Common Scab,Bacterial,Various,Stem lesions,Use certified seeds,Garlic extract spray,Mancozeb,Balanced fertilization,High humidity,Low,30,Balanced NPK,"Potato,Common Scab"
DIS0416,Potato,Common Scab,Bacterial,Various,Yellowing of leaves,Avoid overhead irrigation,Neem oil spray,Mancozeb,Field sanitation,Poor air circulation,Medium,44,Balanced NPK,"Potato,Common Scab"
DIS0417,Potato,Common Scab,Bacterial,Various,Wilting,Remove infected leaves,Trichoderma application,Carbendazim,Balanced fertilization,High humidity,Medium,56,Balanced NPK,"Potato,Common Scab"
DIS0418,Potato,Common Scab,Bacterial,Various,Wilting,Apply recommended fungicide,Garlic extract spray,Chlorothalonil,Field sanitation,High humidity,High,36,Balanced NPK,"Potato,Common Scab"
DIS0419,Potato,Common Scab,Bacterial,Various,Fruit rot,Remove infected leaves,Neem oil spray,Metalaxyl,Proper spacing,Heavy rainfall,Medium,34,Balanced NPK,"Potato,Common Scab"
DIS0420,Potato,Common Scab,Bacterial,Various,Fruit rot,Apply copper-based fungicide,Neem oil spray,Copper Oxychloride,Disease-free seeds,High humidity,Medium,15,Balanced NPK,"Potato,Common Scab"
DIS0421,Potato,Common Scab,Bacterial,Various,Leaf curling,Apply copper-based fungicide,Compost tea,Mancozeb,Proper spacing,Cool weather,High,43,Balanced NPK,"Potato,Common Scab"
DIS0422,Potato,Common Scab,Bacterial,Various,Stem lesions,Use certified seeds,Trichoderma application,Carbendazim,Field sanitation,High humidity,Low,13,Balanced NPK,"Potato,Common Scab"
DIS0423,Potato,Common Scab,Bacterial,Various,Brown spots on leaves,Apply copper-based fungicide,Garlic extract spray,Copper Oxychloride,Field sanitation,Heavy rainfall,High,49,Balanced NPK,"Potato,Common Scab"
DIS0424,Potato,Common Scab,Bacterial,Various,White fungal growth,Apply copper-based fungicide,Garlic extract spray,Metalaxyl,Proper spacing,Poor air circulation,Low,8,Balanced NPK,"Potato,Common Scab"
DIS0425,Potato,Common Scab,Bacterial,Various,White fungal growth,Use certified seeds,Trichoderma application,Metalaxyl,Proper spacing,Poor air circulation,Medium,23,Balanced NPK,"Potato,Common Scab"
DIS0426,Potato,Common Scab,Bacterial,Various,Brown spots on leaves,Use certified seeds,Compost tea,Mancozeb,Balanced fertilization,High humidity,Medium,32,Balanced NPK,"Potato,Common Scab"
DIS0427,Potato,Common Scab,Bacterial,Various,White fungal growth,Use certified seeds,Garlic extract spray,Mancozeb,Field sanitation,Heavy rainfall,High,10,Balanced NPK,"Potato,Common Scab"
DIS0428,Potato,Common Scab,Bacterial,Various,Yellowing of leaves,Improve drainage,Neem oil spray,Copper Oxychloride,Disease-free seeds,Cool weather,High,25,Balanced NPK,"Potato,Common Scab"
DIS0429,Potato,Common Scab,Bacterial,Various,Leaf drying,Avoid overhead irrigation,Compost tea,Mancozeb,Balanced fertilization,Poor air circulation,High,14,Balanced NPK,"Potato,Common Scab"
DIS0430,Potato,Common Scab,Bacterial,Various,White fungal growth,Remove infected leaves,Trichoderma application,Mancozeb,Proper spacing,Cool weather,Medium,36,Balanced NPK,"Potato,Common Scab"
DIS0431,Potato,Common Scab,Bacterial,Various,White fungal growth,Use certified seeds,Neem oil spray,Mancozeb,Proper spacing,Cool weather,High,54,Balanced NPK,"Potato,Common Scab"
DIS0432,Potato,Common Scab,Bacterial,Various,Yellowing of leaves,Apply recommended fungicide,Neem oil spray,Mancozeb,Field sanitation,Poor air circulation,Medium,54,Balanced NPK,"Potato,Common Scab"
DIS0433,Potato,Common Scab,Bacterial,Various,Fruit rot,Apply copper-based fungicide,Garlic extract spray,Mancozeb,Balanced fertilization,Cool weather,Low,48,Balanced NPK,"Potato,Common Scab"
DIS0434,Potato,Common Scab,Bacterial,Various,Stem lesions,Use certified seeds,Garlic extract spray,Chlorothalonil,Disease-free seeds,Heavy rainfall,Medium,12,Balanced NPK,"Potato,Common Scab"
DIS0435,Potato,Common Scab,Bacterial,Various,Wilting,Use certified seeds,Trichoderma application,Metalaxyl,Field sanitation,High humidity,Medium,53,Balanced NPK,"Potato,Common Scab"
DIS0436,Potato,Common Scab,Bacterial,Various,Fruit rot,Remove infected leaves,Compost tea,Copper Oxychloride,Disease-free seeds,Heavy rainfall,Medium,37,Balanced NPK,"Potato,Common Scab"
DIS0437,Potato,Common Scab,Bacterial,Various,Fruit rot,Remove infected leaves,Garlic extract spray,Copper Oxychloride,Crop rotation,Cool weather,High,31,Balanced NPK,"Potato,Common Scab"
DIS0438,Potato,Common Scab,Bacterial,Various,Brown spots on leaves,Avoid overhead irrigation,Neem oil spray,Carbendazim,Balanced fertilization,Cool weather,High,44,Balanced NPK,"Potato,Common Scab"
DIS0439,Potato,Common Scab,Bacterial,Various,Fruit rot,Use certified seeds,Compost tea,Mancozeb,Crop rotation,Poor air circulation,Low,58,Balanced NPK,"Potato,Common Scab"
DIS0440,Potato,Common Scab,Bacterial,Various,Wilting,Remove infected leaves,Neem oil spray,Chlorothalonil,Disease-free seeds,High humidity,High,32,Balanced NPK,"Potato,Common Scab"
DIS0441,Potato,Black Scurf,Fungal,Various,White fungal growth,Improve drainage,Neem oil spray,Mancozeb,Disease-free seeds,Poor air circulation,Low,12,Balanced NPK,"Potato,Black Scurf"
DIS0442,Potato,Black Scurf,Fungal,Various,Yellowing of leaves,Apply copper-based fungicide,Garlic extract spray,Metalaxyl,Balanced fertilization,Heavy rainfall,High,51,Balanced NPK,"Potato,Black Scurf"
DIS0443,Potato,Black Scurf,Fungal,Various,Stem lesions,Avoid overhead irrigation,Neem oil spray,Mancozeb,Field sanitation,Heavy rainfall,Low,44,Balanced NPK,"Potato,Black Scurf"
DIS0444,Potato,Black Scurf,Fungal,Various,Leaf drying,Remove infected leaves,Garlic extract spray,Copper Oxychloride,Crop rotation,High humidity,Low,55,Balanced NPK,"Potato,Black Scurf"
DIS0445,Potato,Black Scurf,Fungal,Various,Yellowing of leaves,Apply recommended fungicide,Garlic extract spray,Carbendazim,Proper spacing,High humidity,Low,51,Balanced NPK,"Potato,Black Scurf"
DIS0446,Potato,Black Scurf,Fungal,Various,Leaf curling,Use certified seeds,Neem oil spray,Chlorothalonil,Balanced fertilization,Poor air circulation,Low,10,Balanced NPK,"Potato,Black Scurf"
DIS0447,Potato,Black Scurf,Fungal,Various,Leaf curling,Use certified seeds,Neem oil spray,Carbendazim,Proper spacing,Cool weather,Low,16,Balanced NPK,"Potato,Black Scurf"
DIS0448,Potato,Black Scurf,Fungal,Various,Brown spots on leaves,Apply recommended fungicide,Trichoderma application,Mancozeb,Field sanitation,Heavy rainfall,Medium,59,Balanced NPK,"Potato,Black Scurf"
DIS0449,Potato,Black Scurf,Fungal,Various,Stem lesions,Apply copper-based fungicide,Neem oil spray,Chlorothalonil,Field sanitation,Heavy rainfall,Low,17,Balanced NPK,"Potato,Black Scurf"
DIS0450,Potato,Black Scurf,Fungal,Various,Yellowing of leaves,Improve drainage,Compost tea,Metalaxyl,Balanced fertilization,Poor air circulation,Low,52,Balanced NPK,"Potato,Black Scurf"
DIS0451,Potato,Black Scurf,Fungal,Various,Wilting,Use certified seeds,Compost tea,Metalaxyl,Balanced fertilization,Cool weather,Medium,56,Balanced NPK,"Potato,Black Scurf"
DIS0452,Potato,Black Scurf,Fungal,Various,Yellowing of leaves,Avoid overhead irrigation,Compost tea,Chlorothalonil,Crop rotation,Poor air circulation,Medium,32,Balanced NPK,"Potato,Black Scurf"
DIS0453,Potato,Black Scurf,Fungal,Various,Yellowing of leaves,Apply recommended fungicide,Neem oil spray,Carbendazim,Disease-free seeds,Heavy rainfall,Low,50,Balanced NPK,"Potato,Black Scurf"
DIS0454,Potato,Black Scurf,Fungal,Various,Brown spots on leaves,Use certified seeds,Trichoderma application,Chlorothalonil,Crop rotation,Poor air circulation,Low,49,Balanced NPK,"Potato,Black Scurf"
DIS0455,Potato,Black Scurf,Fungal,Various,Wilting,Improve drainage,Garlic extract spray,Metalaxyl,Disease-free seeds,Poor air circulation,High,43,Balanced NPK,"Potato,Black Scurf"
DIS0456,Potato,Black Scurf,Fungal,Various,Fruit rot,Apply recommended fungicide,Garlic extract spray,Carbendazim,Field sanitation,High humidity,Low,60,Balanced NPK,"Potato,Black Scurf"
DIS0457,Potato,Black Scurf,Fungal,Various,White fungal growth,Avoid overhead irrigation,Compost tea,Carbendazim,Crop rotation,Heavy rainfall,High,35,Balanced NPK,"Potato,Black Scurf"
DIS0458,Potato,Black Scurf,Fungal,Various,Fruit rot,Use certified seeds,Trichoderma application,Chlorothalonil,Field sanitation,Heavy rainfall,Low,17,Balanced NPK,"Potato,Black Scurf"
DIS0459,Potato,Black Scurf,Fungal,Various,Leaf curling,Use certified seeds,Neem oil spray,Chlorothalonil,Proper spacing,Cool weather,Medium,50,Balanced NPK,"Potato,Black Scurf"
DIS0460,Potato,Black Scurf,Fungal,Various,White fungal growth,Use certified seeds,Trichoderma application,Metalaxyl,Balanced fertilization,Heavy rainfall,Medium,30,Balanced NPK,"Potato,Black Scurf"
DIS0461,Potato,Black Scurf,Fungal,Various,Leaf drying,Apply recommended fungicide,Trichoderma application,Copper Oxychloride,Crop rotation,Heavy rainfall,Low,24,Balanced NPK,"Potato,Black Scurf"
DIS0462,Potato,Black Scurf,Fungal,Various,Leaf curling,Apply recommended fungicide,Trichoderma application,Mancozeb,Field sanitation,Cool weather,Medium,21,Balanced NPK,"Potato,Black Scurf"
DIS0463,Potato,Black Scurf,Fungal,Various,Stem lesions,Improve drainage,Neem oil spray,Mancozeb,Balanced fertilization,Poor air circulation,Low,25,Balanced NPK,"Potato,Black Scurf"
DIS0464,Potato,Black Scurf,Fungal,Various,White fungal growth,Improve drainage,Trichoderma application,Carbendazim,Balanced fertilization,Poor air circulation,Medium,30,Balanced NPK,"Potato,Black Scurf"
DIS0465,Potato,Black Scurf,Fungal,Various,Leaf curling,Use certified seeds,Neem oil spray,Chlorothalonil,Proper spacing,High humidity,Medium,33,Balanced NPK,"Potato,Black Scurf"
DIS0466,Potato,Black Scurf,Fungal,Various,Yellowing of leaves,Apply recommended fungicide,Garlic extract spray,Chlorothalonil,Disease-free seeds,High humidity,Medium,16,Balanced NPK,"Potato,Black Scurf"
DIS0467,Potato,Black Scurf,Fungal,Various,Yellowing of leaves,Use certified seeds,Compost tea,Carbendazim,Disease-free seeds,Poor air circulation,High,5,Balanced NPK,"Potato,Black Scurf"
DIS0468,Potato,Black Scurf,Fungal,Various,Fruit rot,Avoid overhead irrigation,Trichoderma application,Chlorothalonil,Disease-free seeds,Poor air circulation,Low,15,Balanced NPK,"Potato,Black Scurf"
DIS0469,Potato,Black Scurf,Fungal,Various,Yellowing of leaves,Use certified seeds,Compost tea,Carbendazim,Balanced fertilization,Heavy rainfall,Low,10,Balanced NPK,"Potato,Black Scurf"
DIS0470,Potato,Black Scurf,Fungal,Various,Brown spots on leaves,Avoid overhead irrigation,Trichoderma application,Chlorothalonil,Proper spacing,Cool weather,Medium,40,Balanced NPK,"Potato,Black Scurf"
DIS0471,Potato,Black Scurf,Fungal,Various,Stem lesions,Apply recommended fungicide,Garlic extract spray,Chlorothalonil,Crop rotation,Heavy rainfall,High,14,Balanced NPK,"Potato,Black Scurf"
DIS0472,Potato,Black Scurf,Fungal,Various,Brown spots on leaves,Apply copper-based fungicide,Trichoderma application,Carbendazim,Disease-free seeds,Heavy rainfall,Medium,49,Balanced NPK,"Potato,Black Scurf"
DIS0473,Potato,Black Scurf,Fungal,Various,Stem lesions,Apply recommended fungicide,Compost tea,Mancozeb,Proper spacing,Poor air circulation,High,52,Balanced NPK,"Potato,Black Scurf"
DIS0474,Potato,Black Scurf,Fungal,Various,White fungal growth,Improve drainage,Neem oil spray,Mancozeb,Crop rotation,High humidity,Low,8,Balanced NPK,"Potato,Black Scurf"
DIS0475,Potato,Black Scurf,Fungal,Various,Leaf curling,Apply recommended fungicide,Trichoderma application,Copper Oxychloride,Balanced fertilization,Poor air circulation,High,37,Balanced NPK,"Potato,Black Scurf"
DIS0476,Potato,Black Scurf,Fungal,Various,Leaf drying,Improve drainage,Compost tea,Carbendazim,Field sanitation,High humidity,Medium,22,Balanced NPK,"Potato,Black Scurf"
DIS0477,Potato,Black Scurf,Fungal,Various,Fruit rot,Use certified seeds,Trichoderma application,Carbendazim,Balanced fertilization,Cool weather,Low,54,Balanced NPK,"Potato,Black Scurf"
DIS0478,Potato,Black Scurf,Fungal,Various,Yellowing of leaves,Use certified seeds,Trichoderma application,Chlorothalonil,Proper spacing,High humidity,Medium,16,Balanced NPK,"Potato,Black Scurf"
DIS0479,Potato,Black Scurf,Fungal,Various,Brown spots on leaves,Use certified seeds,Trichoderma application,Copper Oxychloride,Crop rotation,Poor air circulation,Medium,37,Balanced NPK,"Potato,Black Scurf"
DIS0480,Potato,Black Scurf,Fungal,Various,White fungal growth,Apply copper-based fungicide,Neem oil spray,Metalaxyl,Crop rotation,Cool weather,Low,5,Balanced NPK,"Potato,Black Scurf"
DIS0481,Rice,Blast,Fungal,Various,Stem lesions,Apply recommended fungicide,Trichoderma application,Copper Oxychloride,Disease-free seeds,Poor air circulation,High,28,Balanced NPK,"Rice,Blast"
DIS0482,Rice,Blast,Fungal,Various,Yellowing of leaves,Remove infected leaves,Garlic extract spray,Mancozeb,Crop rotation,Cool weather,High,60,Balanced NPK,"Rice,Blast"
DIS0483,Rice,Blast,Fungal,Various,Leaf drying,Avoid overhead irrigation,Garlic extract spray,Chlorothalonil,Balanced fertilization,High humidity,Medium,57,Balanced NPK,"Rice,Blast"
DIS0484,Rice,Blast,Fungal,Various,White fungal growth,Apply recommended fungicide,Garlic extract spray,Carbendazim,Balanced fertilization,High humidity,Low,38,Balanced NPK,"Rice,Blast"
DIS0485,Rice,Blast,Fungal,Various,Brown spots on leaves,Improve drainage,Garlic extract spray,Carbendazim,Crop rotation,Poor air circulation,High,31,Balanced NPK,"Rice,Blast"
DIS0486,Rice,Blast,Fungal,Various,White fungal growth,Apply recommended fungicide,Compost tea,Carbendazim,Balanced fertilization,High humidity,High,41,Balanced NPK,"Rice,Blast"
DIS0487,Rice,Blast,Fungal,Various,Leaf drying,Apply recommended fungicide,Neem oil spray,Mancozeb,Disease-free seeds,Poor air circulation,High,33,Balanced NPK,"Rice,Blast"
DIS0488,Rice,Blast,Fungal,Various,Wilting,Improve drainage,Compost tea,Chlorothalonil,Field sanitation,High humidity,High,8,Balanced NPK,"Rice,Blast"
DIS0489,Rice,Blast,Fungal,Various,Leaf curling,Remove infected leaves,Compost tea,Carbendazim,Field sanitation,Cool weather,Medium,36,Balanced NPK,"Rice,Blast"
DIS0490,Rice,Blast,Fungal,Various,Leaf curling,Avoid overhead irrigation,Compost tea,Copper Oxychloride,Balanced fertilization,Cool weather,High,20,Balanced NPK,"Rice,Blast"
DIS0491,Rice,Blast,Fungal,Various,White fungal growth,Apply recommended fungicide,Trichoderma application,Copper Oxychloride,Disease-free seeds,Heavy rainfall,High,5,Balanced NPK,"Rice,Blast"
DIS0492,Rice,Blast,Fungal,Various,White fungal growth,Apply recommended fungicide,Trichoderma application,Chlorothalonil,Crop rotation,High humidity,High,32,Balanced NPK,"Rice,Blast"
DIS0493,Rice,Blast,Fungal,Various,Leaf curling,Use certified seeds,Trichoderma application,Chlorothalonil,Proper spacing,High humidity,High,15,Balanced NPK,"Rice,Blast"
DIS0494,Rice,Blast,Fungal,Various,Leaf curling,Avoid overhead irrigation,Neem oil spray,Metalaxyl,Proper spacing,Heavy rainfall,Medium,58,Balanced NPK,"Rice,Blast"
DIS0495,Rice,Blast,Fungal,Various,Yellowing of leaves,Remove infected leaves,Garlic extract spray,Copper Oxychloride,Balanced fertilization,Cool weather,High,60,Balanced NPK,"Rice,Blast"
DIS0496,Rice,Blast,Fungal,Various,Stem lesions,Use certified seeds,Neem oil spray,Metalaxyl,Proper spacing,Heavy rainfall,Medium,59,Balanced NPK,"Rice,Blast"
DIS0497,Rice,Blast,Fungal,Various,Leaf drying,Remove infected leaves,Neem oil spray,Carbendazim,Crop rotation,Heavy rainfall,Medium,50,Balanced NPK,"Rice,Blast"
DIS0498,Rice,Blast,Fungal,Various,Leaf drying,Improve drainage,Garlic extract spray,Chlorothalonil,Balanced fertilization,High humidity,Low,15,Balanced NPK,"Rice,Blast"
DIS0499,Rice,Blast,Fungal,Various,White fungal growth,Apply recommended fungicide,Garlic extract spray,Copper Oxychloride,Balanced fertilization,Heavy rainfall,Medium,48,Balanced NPK,"Rice,Blast"
DIS0500,Rice,Blast,Fungal,Various,Yellowing of leaves,Avoid overhead irrigation,Compost tea,Copper Oxychloride,Crop rotation,Poor air circulation,High,46,Balanced NPK,"Rice,Blast"
DIS0501,Rice,Blast,Fungal,Various,Wilting,Apply copper-based fungicide,Neem oil spray,Copper Oxychloride,Crop rotation,High humidity,Medium,19,Balanced NPK,"Rice,Blast"
DIS0502,Rice,Blast,Fungal,Various,White fungal growth,Remove infected leaves,Trichoderma application,Copper Oxychloride,Balanced fertilization,Poor air circulation,Medium,16,Balanced NPK,"Rice,Blast"
DIS0503,Rice,Blast,Fungal,Various,Stem lesions,Use certified seeds,Garlic extract spray,Metalaxyl,Proper spacing,Cool weather,High,55,Balanced NPK,"Rice,Blast"
DIS0504,Rice,Blast,Fungal,Various,Stem lesions,Apply recommended fungicide,Neem oil spray,Metalaxyl,Proper spacing,High humidity,High,51,Balanced NPK,"Rice,Blast"
DIS0505,Rice,Blast,Fungal,Various,Fruit rot,Remove infected leaves,Garlic extract spray,Metalaxyl,Disease-free seeds,Poor air circulation,High,17,Balanced NPK,"Rice,Blast"
DIS0506,Rice,Blast,Fungal,Various,Brown spots on leaves,Apply copper-based fungicide,Garlic extract spray,Mancozeb,Proper spacing,High humidity,Medium,11,Balanced NPK,"Rice,Blast"
DIS0507,Rice,Blast,Fungal,Various,Fruit rot,Apply recommended fungicide,Trichoderma application,Carbendazim,Crop rotation,High humidity,Low,24,Balanced NPK,"Rice,Blast"
DIS0508,Rice,Blast,Fungal,Various,Brown spots on leaves,Use certified seeds,Garlic extract spray,Chlorothalonil,Crop rotation,Cool weather,High,53,Balanced NPK,"Rice,Blast"
DIS0509,Rice,Blast,Fungal,Various,Fruit rot,Apply recommended fungicide,Trichoderma application,Carbendazim,Crop rotation,Cool weather,High,43,Balanced NPK,"Rice,Blast"
DIS0510,Rice,Blast,Fungal,Various,Leaf drying,Use certified seeds,Trichoderma application,Metalaxyl,Proper spacing,Poor air circulation,Low,56,Balanced NPK,"Rice,Blast"
DIS0511,Rice,Blast,Fungal,Various,Wilting,Use certified seeds,Trichoderma application,Chlorothalonil,Proper spacing,Cool weather,High,12,Balanced NPK,"Rice,Blast"
DIS0512,Rice,Blast,Fungal,Various,Yellowing of leaves,Improve drainage,Garlic extract spray,Metalaxyl,Crop rotation,High humidity,High,9,Balanced NPK,"Rice,Blast"
DIS0513,Rice,Blast,Fungal,Various,Leaf drying,Apply recommended fungicide,Neem oil spray,Copper Oxychloride,Crop rotation,Poor air circulation,Medium,40,Balanced NPK,"Rice,Blast"
DIS0514,Rice,Blast,Fungal,Various,Leaf curling,Apply copper-based fungicide,Compost tea,Metalaxyl,Crop rotation,Cool weather,Low,8,Balanced NPK,"Rice,Blast"
DIS0515,Rice,Blast,Fungal,Various,Wilting,Improve drainage,Garlic extract spray,Carbendazim,Balanced fertilization,Heavy rainfall,Low,24,Balanced NPK,"Rice,Blast"
DIS0516,Rice,Blast,Fungal,Various,Yellowing of leaves,Remove infected leaves,Trichoderma application,Mancozeb,Proper spacing,Heavy rainfall,Medium,6,Balanced NPK,"Rice,Blast"
DIS0517,Rice,Blast,Fungal,Various,Brown spots on leaves,Avoid overhead irrigation,Trichoderma application,Carbendazim,Proper spacing,High humidity,High,47,Balanced NPK,"Rice,Blast"
DIS0518,Rice,Blast,Fungal,Various,White fungal growth,Improve drainage,Garlic extract spray,Copper Oxychloride,Field sanitation,Poor air circulation,Low,19,Balanced NPK,"Rice,Blast"
DIS0519,Rice,Blast,Fungal,Various,Brown spots on leaves,Improve drainage,Trichoderma application,Metalaxyl,Crop rotation,Heavy rainfall,Medium,27,Balanced NPK,"Rice,Blast"
DIS0520,Rice,Blast,Fungal,Various,Yellowing of leaves,Apply copper-based fungicide,Garlic extract spray,Copper Oxychloride,Field sanitation,Heavy rainfall,Low,33,Balanced NPK,"Rice,Blast"
DIS0521,Rice,Brown Spot,Fungal,Various,Yellowing of leaves,Remove infected leaves,Trichoderma application,Mancozeb,Disease-free seeds,Cool weather,Low,46,Balanced NPK,"Rice,Brown Spot"
DIS0522,Rice,Brown Spot,Fungal,Various,Leaf curling,Apply copper-based fungicide,Neem oil spray,Copper Oxychloride,Crop rotation,High humidity,Medium,14,Balanced NPK,"Rice,Brown Spot"
DIS0523,Rice,Brown Spot,Fungal,Various,Brown spots on leaves,Avoid overhead irrigation,Trichoderma application,Carbendazim,Proper spacing,Cool weather,High,50,Balanced NPK,"Rice,Brown Spot"
DIS0524,Rice,Brown Spot,Fungal,Various,Brown spots on leaves,Improve drainage,Garlic extract spray,Carbendazim,Proper spacing,High humidity,Medium,40,Balanced NPK,"Rice,Brown Spot"
DIS0525,Rice,Brown Spot,Fungal,Various,White fungal growth,Remove infected leaves,Neem oil spray,Carbendazim,Balanced fertilization,Heavy rainfall,Low,55,Balanced NPK,"Rice,Brown Spot"
DIS0526,Rice,Brown Spot,Fungal,Various,Leaf drying,Avoid overhead irrigation,Trichoderma application,Mancozeb,Proper spacing,Heavy rainfall,Medium,12,Balanced NPK,"Rice,Brown Spot"
DIS0527,Rice,Brown Spot,Fungal,Various,Fruit rot,Apply copper-based fungicide,Neem oil spray,Chlorothalonil,Crop rotation,Poor air circulation,High,49,Balanced NPK,"Rice,Brown Spot"
DIS0528,Rice,Brown Spot,Fungal,Various,Fruit rot,Remove infected leaves,Trichoderma application,Mancozeb,Crop rotation,Cool weather,Low,52,Balanced NPK,"Rice,Brown Spot"
DIS0529,Rice,Brown Spot,Fungal,Various,Fruit rot,Apply recommended fungicide,Trichoderma application,Mancozeb,Balanced fertilization,Poor air circulation,Medium,35,Balanced NPK,"Rice,Brown Spot"
DIS0530,Rice,Brown Spot,Fungal,Various,Fruit rot,Remove infected leaves,Neem oil spray,Carbendazim,Proper spacing,Heavy rainfall,Medium,31,Balanced NPK,"Rice,Brown Spot"
DIS0531,Rice,Brown Spot,Fungal,Various,Leaf drying,Use certified seeds,Compost tea,Mancozeb,Crop rotation,High humidity,High,14,Balanced NPK,"Rice,Brown Spot"
DIS0532,Rice,Brown Spot,Fungal,Various,Wilting,Apply recommended fungicide,Trichoderma application,Mancozeb,Proper spacing,High humidity,Low,45,Balanced NPK,"Rice,Brown Spot"
DIS0533,Rice,Brown Spot,Fungal,Various,Yellowing of leaves,Use certified seeds,Compost tea,Copper Oxychloride,Field sanitation,Poor air circulation,High,59,Balanced NPK,"Rice,Brown Spot"
DIS0534,Rice,Brown Spot,Fungal,Various,Leaf drying,Improve drainage,Compost tea,Copper Oxychloride,Crop rotation,Cool weather,Low,42,Balanced NPK,"Rice,Brown Spot"
DIS0535,Rice,Brown Spot,Fungal,Various,Stem lesions,Avoid overhead irrigation,Neem oil spray,Chlorothalonil,Balanced fertilization,Cool weather,Low,28,Balanced NPK,"Rice,Brown Spot"
DIS0536,Rice,Brown Spot,Fungal,Various,Leaf curling,Avoid overhead irrigation,Garlic extract spray,Copper Oxychloride,Proper spacing,Poor air circulation,Medium,46,Balanced NPK,"Rice,Brown Spot"
DIS0537,Rice,Brown Spot,Fungal,Various,Leaf curling,Use certified seeds,Trichoderma application,Metalaxyl,Disease-free seeds,Poor air circulation,Low,56,Balanced NPK,"Rice,Brown Spot"
DIS0538,Rice,Brown Spot,Fungal,Various,Brown spots on leaves,Use certified seeds,Compost tea,Mancozeb,Balanced fertilization,Poor air circulation,Medium,14,Balanced NPK,"Rice,Brown Spot"
DIS0539,Rice,Brown Spot,Fungal,Various,Leaf curling,Apply recommended fungicide,Compost tea,Mancozeb,Balanced fertilization,High humidity,High,30,Balanced NPK,"Rice,Brown Spot"
DIS0540,Rice,Brown Spot,Fungal,Various,Yellowing of leaves,Avoid overhead irrigation,Trichoderma application,Metalaxyl,Field sanitation,Cool weather,Low,18,Balanced NPK,"Rice,Brown Spot"
DIS0541,Rice,Brown Spot,Fungal,Various,Leaf curling,Avoid overhead irrigation,Neem oil spray,Metalaxyl,Crop rotation,Poor air circulation,Low,20,Balanced NPK,"Rice,Brown Spot"
DIS0542,Rice,Brown Spot,Fungal,Various,Stem lesions,Apply copper-based fungicide,Garlic extract spray,Chlorothalonil,Crop rotation,Poor air circulation,Medium,11,Balanced NPK,"Rice,Brown Spot"
DIS0543,Rice,Brown Spot,Fungal,Various,White fungal growth,Avoid overhead irrigation,Neem oil spray,Copper Oxychloride,Field sanitation,High humidity,High,53,Balanced NPK,"Rice,Brown Spot"
DIS0544,Rice,Brown Spot,Fungal,Various,Wilting,Avoid overhead irrigation,Compost tea,Metalaxyl,Crop rotation,High humidity,Medium,13,Balanced NPK,"Rice,Brown Spot"
DIS0545,Rice,Brown Spot,Fungal,Various,Brown spots on leaves,Apply recommended fungicide,Compost tea,Carbendazim,Field sanitation,Heavy rainfall,Low,58,Balanced NPK,"Rice,Brown Spot"
DIS0546,Rice,Brown Spot,Fungal,Various,Stem lesions,Apply copper-based fungicide,Compost tea,Metalaxyl,Balanced fertilization,High humidity,High,45,Balanced NPK,"Rice,Brown Spot"
DIS0547,Rice,Brown Spot,Fungal,Various,Yellowing of leaves,Avoid overhead irrigation,Compost tea,Chlorothalonil,Crop rotation,Heavy rainfall,Low,5,Balanced NPK,"Rice,Brown Spot"
DIS0548,Rice,Brown Spot,Fungal,Various,Fruit rot,Improve drainage,Trichoderma application,Copper Oxychloride,Proper spacing,Heavy rainfall,High,58,Balanced NPK,"Rice,Brown Spot"
DIS0549,Rice,Brown Spot,Fungal,Various,Stem lesions,Apply recommended fungicide,Garlic extract spray,Chlorothalonil,Balanced fertilization,Heavy rainfall,Medium,38,Balanced NPK,"Rice,Brown Spot"
DIS0550,Rice,Brown Spot,Fungal,Various,Wilting,Apply copper-based fungicide,Compost tea,Metalaxyl,Crop rotation,High humidity,High,46,Balanced NPK,"Rice,Brown Spot"
DIS0551,Rice,Brown Spot,Fungal,Various,Fruit rot,Remove infected leaves,Trichoderma application,Carbendazim,Disease-free seeds,Heavy rainfall,High,57,Balanced NPK,"Rice,Brown Spot"
DIS0552,Rice,Brown Spot,Fungal,Various,Brown spots on leaves,Avoid overhead irrigation,Compost tea,Metalaxyl,Balanced fertilization,Heavy rainfall,Medium,7,Balanced NPK,"Rice,Brown Spot"
DIS0553,Rice,Brown Spot,Fungal,Various,Yellowing of leaves,Remove infected leaves,Trichoderma application,Carbendazim,Proper spacing,Poor air circulation,Low,35,Balanced NPK,"Rice,Brown Spot"
DIS0554,Rice,Brown Spot,Fungal,Various,Fruit rot,Avoid overhead irrigation,Trichoderma application,Chlorothalonil,Crop rotation,Heavy rainfall,Low,57,Balanced NPK,"Rice,Brown Spot"
DIS0555,Rice,Brown Spot,Fungal,Various,Leaf curling,Use certified seeds,Compost tea,Copper Oxychloride,Disease-free seeds,Cool weather,High,15,Balanced NPK,"Rice,Brown Spot"
DIS0556,Rice,Brown Spot,Fungal,Various,Stem lesions,Apply copper-based fungicide,Garlic extract spray,Chlorothalonil,Proper spacing,Cool weather,Medium,32,Balanced NPK,"Rice,Brown Spot"
DIS0557,Rice,Brown Spot,Fungal,Various,Fruit rot,Remove infected leaves,Trichoderma application,Mancozeb,Crop rotation,High humidity,Medium,31,Balanced NPK,"Rice,Brown Spot"
DIS0558,Rice,Brown Spot,Fungal,Various,Fruit rot,Apply copper-based fungicide,Compost tea,Copper Oxychloride,Proper spacing,Cool weather,Low,27,Balanced NPK,"Rice,Brown Spot"
DIS0559,Rice,Brown Spot,Fungal,Various,Stem lesions,Apply copper-based fungicide,Compost tea,Carbendazim,Disease-free seeds,Poor air circulation,High,58,Balanced NPK,"Rice,Brown Spot"
DIS0560,Rice,Brown Spot,Fungal,Various,Fruit rot,Improve drainage,Neem oil spray,Metalaxyl,Balanced fertilization,Poor air circulation,High,5,Balanced NPK,"Rice,Brown Spot"
DIS0561,Rice,Sheath Blight,Fungal,Various,Yellowing of leaves,Remove infected leaves,Trichoderma application,Carbendazim,Proper spacing,Poor air circulation,High,57,Balanced NPK,"Rice,Sheath Blight"
DIS0562,Rice,Sheath Blight,Fungal,Various,Wilting,Apply copper-based fungicide,Compost tea,Mancozeb,Crop rotation,Cool weather,Low,6,Balanced NPK,"Rice,Sheath Blight"
DIS0563,Rice,Sheath Blight,Fungal,Various,Leaf curling,Use certified seeds,Garlic extract spray,Mancozeb,Disease-free seeds,Cool weather,High,20,Balanced NPK,"Rice,Sheath Blight"
DIS0564,Rice,Sheath Blight,Fungal,Various,Leaf curling,Improve drainage,Garlic extract spray,Carbendazim,Disease-free seeds,Poor air circulation,Low,8,Balanced NPK,"Rice,Sheath Blight"
DIS0565,Rice,Sheath Blight,Fungal,Various,Stem lesions,Apply recommended fungicide,Garlic extract spray,Copper Oxychloride,Disease-free seeds,Poor air circulation,High,39,Balanced NPK,"Rice,Sheath Blight"
DIS0566,Rice,Sheath Blight,Fungal,Various,Leaf curling,Use certified seeds,Trichoderma application,Chlorothalonil,Crop rotation,High humidity,Low,55,Balanced NPK,"Rice,Sheath Blight"
DIS0567,Rice,Sheath Blight,Fungal,Various,Stem lesions,Use certified seeds,Neem oil spray,Chlorothalonil,Balanced fertilization,Poor air circulation,High,13,Balanced NPK,"Rice,Sheath Blight"
DIS0568,Rice,Sheath Blight,Fungal,Various,White fungal growth,Improve drainage,Neem oil spray,Copper Oxychloride,Proper spacing,Cool weather,Medium,39,Balanced NPK,"Rice,Sheath Blight"
DIS0569,Rice,Sheath Blight,Fungal,Various,Yellowing of leaves,Remove infected leaves,Compost tea,Metalaxyl,Balanced fertilization,High humidity,Medium,20,Balanced NPK,"Rice,Sheath Blight"
DIS0570,Rice,Sheath Blight,Fungal,Various,Yellowing of leaves,Apply recommended fungicide,Compost tea,Mancozeb,Disease-free seeds,Poor air circulation,High,32,Balanced NPK,"Rice,Sheath Blight"
DIS0571,Rice,Sheath Blight,Fungal,Various,Yellowing of leaves,Apply recommended fungicide,Neem oil spray,Carbendazim,Disease-free seeds,Heavy rainfall,High,56,Balanced NPK,"Rice,Sheath Blight"
DIS0572,Rice,Sheath Blight,Fungal,Various,Leaf drying,Improve drainage,Compost tea,Metalaxyl,Proper spacing,Cool weather,Low,9,Balanced NPK,"Rice,Sheath Blight"
DIS0573,Rice,Sheath Blight,Fungal,Various,Fruit rot,Use certified seeds,Compost tea,Chlorothalonil,Balanced fertilization,Heavy rainfall,High,5,Balanced NPK,"Rice,Sheath Blight"
DIS0574,Rice,Sheath Blight,Fungal,Various,Stem lesions,Apply recommended fungicide,Trichoderma application,Chlorothalonil,Field sanitation,Heavy rainfall,High,34,Balanced NPK,"Rice,Sheath Blight"
DIS0575,Rice,Sheath Blight,Fungal,Various,Stem lesions,Remove infected leaves,Garlic extract spray,Copper Oxychloride,Crop rotation,Poor air circulation,High,11,Balanced NPK,"Rice,Sheath Blight"
DIS0576,Rice,Sheath Blight,Fungal,Various,Leaf curling,Apply recommended fungicide,Garlic extract spray,Mancozeb,Crop rotation,Cool weather,Medium,29,Balanced NPK,"Rice,Sheath Blight"
DIS0577,Rice,Sheath Blight,Fungal,Various,Brown spots on leaves,Remove infected leaves,Neem oil spray,Mancozeb,Disease-free seeds,Poor air circulation,Medium,39,Balanced NPK,"Rice,Sheath Blight"
DIS0578,Rice,Sheath Blight,Fungal,Various,Wilting,Apply copper-based fungicide,Compost tea,Chlorothalonil,Balanced fertilization,Cool weather,High,56,Balanced NPK,"Rice,Sheath Blight"
DIS0579,Rice,Sheath Blight,Fungal,Various,Wilting,Improve drainage,Trichoderma application,Carbendazim,Proper spacing,Poor air circulation,High,13,Balanced NPK,"Rice,Sheath Blight"
DIS0580,Rice,Sheath Blight,Fungal,Various,White fungal growth,Apply copper-based fungicide,Neem oil spray,Mancozeb,Proper spacing,Heavy rainfall,Medium,30,Balanced NPK,"Rice,Sheath Blight"
DIS0581,Rice,Sheath Blight,Fungal,Various,Stem lesions,Remove infected leaves,Compost tea,Chlorothalonil,Disease-free seeds,Cool weather,High,12,Balanced NPK,"Rice,Sheath Blight"
DIS0582,Rice,Sheath Blight,Fungal,Various,Fruit rot,Avoid overhead irrigation,Garlic extract spray,Copper Oxychloride,Balanced fertilization,High humidity,Low,42,Balanced NPK,"Rice,Sheath Blight"
DIS0583,Rice,Sheath Blight,Fungal,Various,Yellowing of leaves,Use certified seeds,Neem oil spray,Chlorothalonil,Field sanitation,Cool weather,High,38,Balanced NPK,"Rice,Sheath Blight"
DIS0584,Rice,Sheath Blight,Fungal,Various,Stem lesions,Apply copper-based fungicide,Garlic extract spray,Metalaxyl,Disease-free seeds,Poor air circulation,Medium,41,Balanced NPK,"Rice,Sheath Blight"
DIS0585,Rice,Sheath Blight,Fungal,Various,Wilting,Apply recommended fungicide,Garlic extract spray,Copper Oxychloride,Disease-free seeds,High humidity,Low,25,Balanced NPK,"Rice,Sheath Blight"
DIS0586,Rice,Sheath Blight,Fungal,Various,Brown spots on leaves,Remove infected leaves,Garlic extract spray,Mancozeb,Balanced fertilization,Heavy rainfall,Medium,18,Balanced NPK,"Rice,Sheath Blight"
DIS0587,Rice,Sheath Blight,Fungal,Various,Yellowing of leaves,Improve drainage,Neem oil spray,Metalaxyl,Disease-free seeds,Cool weather,Low,35,Balanced NPK,"Rice,Sheath Blight"
DIS0588,Rice,Sheath Blight,Fungal,Various,Wilting,Apply recommended fungicide,Garlic extract spray,Copper Oxychloride,Disease-free seeds,Heavy rainfall,Medium,49,Balanced NPK,"Rice,Sheath Blight"
DIS0589,Rice,Sheath Blight,Fungal,Various,Fruit rot,Apply recommended fungicide,Neem oil spray,Chlorothalonil,Proper spacing,Cool weather,Low,6,Balanced NPK,"Rice,Sheath Blight"
DIS0590,Rice,Sheath Blight,Fungal,Various,Leaf curling,Remove infected leaves,Neem oil spray,Metalaxyl,Balanced fertilization,Heavy rainfall,Medium,17,Balanced NPK,"Rice,Sheath Blight"
DIS0591,Rice,Sheath Blight,Fungal,Various,Fruit rot,Apply copper-based fungicide,Neem oil spray,Mancozeb,Crop rotation,Poor air circulation,Low,6,Balanced NPK,"Rice,Sheath Blight"
DIS0592,Rice,Sheath Blight,Fungal,Various,Leaf curling,Remove infected leaves,Garlic extract spray,Carbendazim,Crop rotation,Poor air circulation,Medium,19,Balanced NPK,"Rice,Sheath Blight"
DIS0593,Rice,Sheath Blight,Fungal,Various,Wilting,Apply copper-based fungicide,Neem oil spray,Copper Oxychloride,Disease-free seeds,Heavy rainfall,Low,37,Balanced NPK,"Rice,Sheath Blight"
DIS0594,Rice,Sheath Blight,Fungal,Various,White fungal growth,Apply copper-based fungicide,Garlic extract spray,Mancozeb,Field sanitation,Poor air circulation,High,21,Balanced NPK,"Rice,Sheath Blight"
DIS0595,Rice,Sheath Blight,Fungal,Various,Wilting,Improve drainage,Neem oil spray,Copper Oxychloride,Proper spacing,Heavy rainfall,Medium,12,Balanced NPK,"Rice,Sheath Blight"
DIS0596,Rice,Sheath Blight,Fungal,Various,Leaf drying,Avoid overhead irrigation,Trichoderma application,Copper Oxychloride,Proper spacing,Heavy rainfall,Medium,50,Balanced NPK,"Rice,Sheath Blight"
DIS0597,Rice,Sheath Blight,Fungal,Various,Leaf drying,Improve drainage,Trichoderma application,Chlorothalonil,Field sanitation,High humidity,High,46,Balanced NPK,"Rice,Sheath Blight"
DIS0598,Rice,Sheath Blight,Fungal,Various,Yellowing of leaves,Use certified seeds,Neem oil spray,Metalaxyl,Field sanitation,High humidity,Low,40,Balanced NPK,"Rice,Sheath Blight"
DIS0599,Rice,Sheath Blight,Fungal,Various,Wilting,Use certified seeds,Garlic extract spray,Chlorothalonil,Balanced fertilization,Poor air circulation,Low,30,Balanced NPK,"Rice,Sheath Blight"
DIS0600,Rice,Sheath Blight,Fungal,Various,Yellowing of leaves,Improve drainage,Trichoderma application,Carbendazim,Crop rotation,Heavy rainfall,High,40,Balanced NPK,"Rice,Sheath Blight"
DIS0601,Rice,Bacterial Leaf Blight,Bacterial,Various,Stem lesions,Use certified seeds,Garlic extract spray,Mancozeb,Crop rotation,Cool weather,High,26,Balanced NPK,"Rice,Bacterial Leaf Blight"
DIS0602,Rice,Bacterial Leaf Blight,Bacterial,Various,Leaf drying,Use certified seeds,Compost tea,Copper Oxychloride,Crop rotation,Cool weather,Low,33,Balanced NPK,"Rice,Bacterial Leaf Blight"
DIS0603,Rice,Bacterial Leaf Blight,Bacterial,Various,Leaf curling,Avoid overhead irrigation,Trichoderma application,Metalaxyl,Disease-free seeds,Poor air circulation,Medium,21,Balanced NPK,"Rice,Bacterial Leaf Blight"
DIS0604,Rice,Bacterial Leaf Blight,Bacterial,Various,Brown spots on leaves,Apply recommended fungicide,Garlic extract spray,Chlorothalonil,Field sanitation,High humidity,Medium,34,Balanced NPK,"Rice,Bacterial Leaf Blight"
DIS0605,Rice,Bacterial Leaf Blight,Bacterial,Various,White fungal growth,Improve drainage,Compost tea,Carbendazim,Crop rotation,Cool weather,Low,54,Balanced NPK,"Rice,Bacterial Leaf Blight"
DIS0606,Rice,Bacterial Leaf Blight,Bacterial,Various,Leaf curling,Remove infected leaves,Trichoderma application,Metalaxyl,Balanced fertilization,High humidity,Low,52,Balanced NPK,"Rice,Bacterial Leaf Blight"
DIS0607,Rice,Bacterial Leaf Blight,Bacterial,Various,White fungal growth,Apply recommended fungicide,Trichoderma application,Mancozeb,Proper spacing,Cool weather,High,60,Balanced NPK,"Rice,Bacterial Leaf Blight"
DIS0608,Rice,Bacterial Leaf Blight,Bacterial,Various,Leaf drying,Use certified seeds,Compost tea,Copper Oxychloride,Disease-free seeds,Heavy rainfall,Medium,7,Balanced NPK,"Rice,Bacterial Leaf Blight"
DIS0609,Rice,Bacterial Leaf Blight,Bacterial,Various,Leaf drying,Apply copper-based fungicide,Trichoderma application,Carbendazim,Field sanitation,Cool weather,Low,57,Balanced NPK,"Rice,Bacterial Leaf Blight"
DIS0610,Rice,Bacterial Leaf Blight,Bacterial,Various,White fungal growth,Apply copper-based fungicide,Trichoderma application,Chlorothalonil,Proper spacing,High humidity,Medium,39,Balanced NPK,"Rice,Bacterial Leaf Blight"
DIS0611,Rice,Bacterial Leaf Blight,Bacterial,Various,Leaf drying,Use certified seeds,Garlic extract spray,Mancozeb,Proper spacing,High humidity,Medium,33,Balanced NPK,"Rice,Bacterial Leaf Blight"
DIS0612,Rice,Bacterial Leaf Blight,Bacterial,Various,Leaf drying,Use certified seeds,Neem oil spray,Carbendazim,Crop rotation,Poor air circulation,Low,46,Balanced NPK,"Rice,Bacterial Leaf Blight"
DIS0613,Rice,Bacterial Leaf Blight,Bacterial,Various,White fungal growth,Use certified seeds,Neem oil spray,Chlorothalonil,Field sanitation,Heavy rainfall,Low,18,Balanced NPK,"Rice,Bacterial Leaf Blight"
DIS0614,Rice,Bacterial Leaf Blight,Bacterial,Various,Wilting,Remove infected leaves,Garlic extract spray,Metalaxyl,Proper spacing,Cool weather,High,9,Balanced NPK,"Rice,Bacterial Leaf Blight"
DIS0615,Rice,Bacterial Leaf Blight,Bacterial,Various,Wilting,Improve drainage,Garlic extract spray,Carbendazim,Disease-free seeds,Poor air circulation,High,31,Balanced NPK,"Rice,Bacterial Leaf Blight"
DIS0616,Rice,Bacterial Leaf Blight,Bacterial,Various,Leaf curling,Use certified seeds,Compost tea,Chlorothalonil,Balanced fertilization,High humidity,Low,41,Balanced NPK,"Rice,Bacterial Leaf Blight"
DIS0617,Rice,Bacterial Leaf Blight,Bacterial,Various,Wilting,Remove infected leaves,Trichoderma application,Mancozeb,Balanced fertilization,Heavy rainfall,Low,33,Balanced NPK,"Rice,Bacterial Leaf Blight"
DIS0618,Rice,Bacterial Leaf Blight,Bacterial,Various,Stem lesions,Remove infected leaves,Trichoderma application,Chlorothalonil,Crop rotation,Heavy rainfall,High,13,Balanced NPK,"Rice,Bacterial Leaf Blight"
DIS0619,Rice,Bacterial Leaf Blight,Bacterial,Various,Stem lesions,Avoid overhead irrigation,Neem oil spray,Chlorothalonil,Disease-free seeds,Poor air circulation,Medium,27,Balanced NPK,"Rice,Bacterial Leaf Blight"
DIS0620,Rice,Bacterial Leaf Blight,Bacterial,Various,Leaf drying,Apply copper-based fungicide,Garlic extract spray,Carbendazim,Disease-free seeds,Poor air circulation,Low,19,Balanced NPK,"Rice,Bacterial Leaf Blight"
DIS0621,Rice,Bacterial Leaf Blight,Bacterial,Various,Yellowing of leaves,Use certified seeds,Garlic extract spray,Metalaxyl,Crop rotation,High humidity,High,53,Balanced NPK,"Rice,Bacterial Leaf Blight"
DIS0622,Rice,Bacterial Leaf Blight,Bacterial,Various,White fungal growth,Apply copper-based fungicide,Garlic extract spray,Chlorothalonil,Field sanitation,Cool weather,High,48,Balanced NPK,"Rice,Bacterial Leaf Blight"
DIS0623,Rice,Bacterial Leaf Blight,Bacterial,Various,White fungal growth,Remove infected leaves,Compost tea,Carbendazim,Crop rotation,Heavy rainfall,High,58,Balanced NPK,"Rice,Bacterial Leaf Blight"
DIS0624,Rice,Bacterial Leaf Blight,Bacterial,Various,Fruit rot,Improve drainage,Neem oil spray,Mancozeb,Balanced fertilization,Poor air circulation,Medium,42,Balanced NPK,"Rice,Bacterial Leaf Blight"
DIS0625,Rice,Bacterial Leaf Blight,Bacterial,Various,Brown spots on leaves,Remove infected leaves,Trichoderma application,Carbendazim,Field sanitation,High humidity,Medium,46,Balanced NPK,"Rice,Bacterial Leaf Blight"
DIS0626,Rice,Bacterial Leaf Blight,Bacterial,Various,Wilting,Use certified seeds,Garlic extract spray,Chlorothalonil,Field sanitation,Poor air circulation,High,53,Balanced NPK,"Rice,Bacterial Leaf Blight"
DIS0627,Rice,Bacterial Leaf Blight,Bacterial,Various,Wilting,Remove infected leaves,Neem oil spray,Mancozeb,Disease-free seeds,High humidity,Medium,56,Balanced NPK,"Rice,Bacterial Leaf Blight"
DIS0628,Rice,Bacterial Leaf Blight,Bacterial,Various,Fruit rot,Remove infected leaves,Compost tea,Carbendazim,Balanced fertilization,High humidity,High,30,Balanced NPK,"Rice,Bacterial Leaf Blight"
DIS0629,Rice,Bacterial Leaf Blight,Bacterial,Various,Fruit rot,Apply copper-based fungicide,Neem oil spray,Copper Oxychloride,Disease-free seeds,High humidity,Medium,58,Balanced NPK,"Rice,Bacterial Leaf Blight"
DIS0630,Rice,Bacterial Leaf Blight,Bacterial,Various,Yellowing of leaves,Remove infected leaves,Neem oil spray,Metalaxyl,Field sanitation,High humidity,High,58,Balanced NPK,"Rice,Bacterial Leaf Blight"
DIS0631,Rice,Bacterial Leaf Blight,Bacterial,Various,Yellowing of leaves,Improve drainage,Neem oil spray,Metalaxyl,Field sanitation,Cool weather,Low,59,Balanced NPK,"Rice,Bacterial Leaf Blight"
DIS0632,Rice,Bacterial Leaf Blight,Bacterial,Various,Stem lesions,Apply copper-based fungicide,Trichoderma application,Copper Oxychloride,Field sanitation,Cool weather,Low,55,Balanced NPK,"Rice,Bacterial Leaf Blight"
DIS0633,Rice,Bacterial Leaf Blight,Bacterial,Various,White fungal growth,Apply recommended fungicide,Compost tea,Copper Oxychloride,Field sanitation,Poor air circulation,High,39,Balanced NPK,"Rice,Bacterial Leaf Blight"
DIS0634,Rice,Bacterial Leaf Blight,Bacterial,Various,Stem lesions,Apply copper-based fungicide,Garlic extract spray,Chlorothalonil,Proper spacing,High humidity,Medium,8,Balanced NPK,"Rice,Bacterial Leaf Blight"
DIS0635,Rice,Bacterial Leaf Blight,Bacterial,Various,Leaf curling,Remove infected leaves,Neem oil spray,Carbendazim,Disease-free seeds,Cool weather,High,38,Balanced NPK,"Rice,Bacterial Leaf Blight"
DIS0636,Rice,Bacterial Leaf Blight,Bacterial,Various,Brown spots on leaves,Avoid overhead irrigation,Compost tea,Metalaxyl,Field sanitation,High humidity,Medium,7,Balanced NPK,"Rice,Bacterial Leaf Blight"
DIS0637,Rice,Bacterial Leaf Blight,Bacterial,Various,White fungal growth,Improve drainage,Compost tea,Chlorothalonil,Disease-free seeds,High humidity,High,29,Balanced NPK,"Rice,Bacterial Leaf Blight"
DIS0638,Rice,Bacterial Leaf Blight,Bacterial,Various,Wilting,Improve drainage,Compost tea,Mancozeb,Crop rotation,Cool weather,High,28,Balanced NPK,"Rice,Bacterial Leaf Blight"
DIS0639,Rice,Bacterial Leaf Blight,Bacterial,Various,Brown spots on leaves,Apply recommended fungicide,Compost tea,Chlorothalonil,Disease-free seeds,Cool weather,Low,16,Balanced NPK,"Rice,Bacterial Leaf Blight"
DIS0640,Rice,Bacterial Leaf Blight,Bacterial,Various,Brown spots on leaves,Improve drainage,Garlic extract spray,Carbendazim,Disease-free seeds,High humidity,Low,49,Balanced NPK,"Rice,Bacterial Leaf Blight"
DIS0641,Wheat,Stem Rust,Fungal,Various,White fungal growth,Improve drainage,Compost tea,Carbendazim,Disease-free seeds,Poor air circulation,Medium,53,Balanced NPK,"Wheat,Stem Rust"
DIS0642,Wheat,Stem Rust,Fungal,Various,Wilting,Remove infected leaves,Compost tea,Carbendazim,Crop rotation,Heavy rainfall,Low,28,Balanced NPK,"Wheat,Stem Rust"
DIS0643,Wheat,Stem Rust,Fungal,Various,Yellowing of leaves,Avoid overhead irrigation,Neem oil spray,Copper Oxychloride,Disease-free seeds,High humidity,High,21,Balanced NPK,"Wheat,Stem Rust"
DIS0644,Wheat,Stem Rust,Fungal,Various,Fruit rot,Avoid overhead irrigation,Trichoderma application,Metalaxyl,Balanced fertilization,Cool weather,High,24,Balanced NPK,"Wheat,Stem Rust"
DIS0645,Wheat,Stem Rust,Fungal,Various,Leaf curling,Apply recommended fungicide,Trichoderma application,Chlorothalonil,Balanced fertilization,Cool weather,Low,28,Balanced NPK,"Wheat,Stem Rust"
DIS0646,Wheat,Stem Rust,Fungal,Various,Stem lesions,Avoid overhead irrigation,Compost tea,Mancozeb,Disease-free seeds,High humidity,Medium,16,Balanced NPK,"Wheat,Stem Rust"
DIS0647,Wheat,Stem Rust,Fungal,Various,Yellowing of leaves,Apply recommended fungicide,Trichoderma application,Copper Oxychloride,Proper spacing,High humidity,Medium,35,Balanced NPK,"Wheat,Stem Rust"
DIS0648,Wheat,Stem Rust,Fungal,Various,Leaf drying,Remove infected leaves,Neem oil spray,Copper Oxychloride,Disease-free seeds,Cool weather,High,56,Balanced NPK,"Wheat,Stem Rust"
DIS0649,Wheat,Stem Rust,Fungal,Various,White fungal growth,Apply recommended fungicide,Trichoderma application,Carbendazim,Crop rotation,Heavy rainfall,High,44,Balanced NPK,"Wheat,Stem Rust"
DIS0650,Wheat,Stem Rust,Fungal,Various,Fruit rot,Avoid overhead irrigation,Trichoderma application,Copper Oxychloride,Proper spacing,Cool weather,Medium,48,Balanced NPK,"Wheat,Stem Rust"
DIS0651,Wheat,Stem Rust,Fungal,Various,Yellowing of leaves,Remove infected leaves,Trichoderma application,Carbendazim,Proper spacing,Poor air circulation,High,42,Balanced NPK,"Wheat,Stem Rust"
DIS0652,Wheat,Stem Rust,Fungal,Various,Stem lesions,Improve drainage,Trichoderma application,Mancozeb,Field sanitation,Poor air circulation,High,48,Balanced NPK,"Wheat,Stem Rust"
DIS0653,Wheat,Stem Rust,Fungal,Various,Stem lesions,Apply copper-based fungicide,Compost tea,Metalaxyl,Crop rotation,Cool weather,Low,8,Balanced NPK,"Wheat,Stem Rust"
DIS0654,Wheat,Stem Rust,Fungal,Various,Fruit rot,Use certified seeds,Compost tea,Chlorothalonil,Balanced fertilization,Heavy rainfall,High,49,Balanced NPK,"Wheat,Stem Rust"
DIS0655,Wheat,Stem Rust,Fungal,Various,Stem lesions,Apply recommended fungicide,Compost tea,Chlorothalonil,Disease-free seeds,Cool weather,Medium,11,Balanced NPK,"Wheat,Stem Rust"
DIS0656,Wheat,Stem Rust,Fungal,Various,Stem lesions,Apply copper-based fungicide,Neem oil spray,Metalaxyl,Balanced fertilization,Poor air circulation,Medium,9,Balanced NPK,"Wheat,Stem Rust"
DIS0657,Wheat,Stem Rust,Fungal,Various,Wilting,Apply recommended fungicide,Trichoderma application,Copper Oxychloride,Proper spacing,Heavy rainfall,Medium,40,Balanced NPK,"Wheat,Stem Rust"
DIS0658,Wheat,Stem Rust,Fungal,Various,Leaf drying,Use certified seeds,Trichoderma application,Chlorothalonil,Crop rotation,Poor air circulation,High,30,Balanced NPK,"Wheat,Stem Rust"
DIS0659,Wheat,Stem Rust,Fungal,Various,White fungal growth,Apply copper-based fungicide,Neem oil spray,Metalaxyl,Proper spacing,Heavy rainfall,Low,27,Balanced NPK,"Wheat,Stem Rust"
DIS0660,Wheat,Stem Rust,Fungal,Various,Wilting,Apply recommended fungicide,Trichoderma application,Copper Oxychloride,Field sanitation,Cool weather,Medium,52,Balanced NPK,"Wheat,Stem Rust"
DIS0661,Wheat,Stem Rust,Fungal,Various,Brown spots on leaves,Apply recommended fungicide,Compost tea,Carbendazim,Disease-free seeds,Heavy rainfall,Medium,19,Balanced NPK,"Wheat,Stem Rust"
DIS0662,Wheat,Stem Rust,Fungal,Various,Yellowing of leaves,Use certified seeds,Neem oil spray,Mancozeb,Crop rotation,Cool weather,High,32,Balanced NPK,"Wheat,Stem Rust"
DIS0663,Wheat,Stem Rust,Fungal,Various,Yellowing of leaves,Avoid overhead irrigation,Garlic extract spray,Copper Oxychloride,Disease-free seeds,Cool weather,High,14,Balanced NPK,"Wheat,Stem Rust"
DIS0664,Wheat,Stem Rust,Fungal,Various,Leaf drying,Avoid overhead irrigation,Garlic extract spray,Metalaxyl,Balanced fertilization,Cool weather,Low,11,Balanced NPK,"Wheat,Stem Rust"
DIS0665,Wheat,Stem Rust,Fungal,Various,Brown spots on leaves,Use certified seeds,Garlic extract spray,Mancozeb,Disease-free seeds,Cool weather,Low,8,Balanced NPK,"Wheat,Stem Rust"
DIS0666,Wheat,Stem Rust,Fungal,Various,Brown spots on leaves,Avoid overhead irrigation,Neem oil spray,Metalaxyl,Balanced fertilization,High humidity,Low,38,Balanced NPK,"Wheat,Stem Rust"
DIS0667,Wheat,Stem Rust,Fungal,Various,White fungal growth,Remove infected leaves,Compost tea,Copper Oxychloride,Proper spacing,Heavy rainfall,Medium,7,Balanced NPK,"Wheat,Stem Rust"
DIS0668,Wheat,Stem Rust,Fungal,Various,Leaf curling,Improve drainage,Garlic extract spray,Copper Oxychloride,Disease-free seeds,Heavy rainfall,High,40,Balanced NPK,"Wheat,Stem Rust"
DIS0669,Wheat,Stem Rust,Fungal,Various,Brown spots on leaves,Avoid overhead irrigation,Trichoderma application,Metalaxyl,Field sanitation,Heavy rainfall,High,7,Balanced NPK,"Wheat,Stem Rust"
DIS0670,Wheat,Stem Rust,Fungal,Various,Wilting,Apply recommended fungicide,Garlic extract spray,Copper Oxychloride,Field sanitation,High humidity,High,54,Balanced NPK,"Wheat,Stem Rust"
DIS0671,Wheat,Stem Rust,Fungal,Various,Wilting,Apply recommended fungicide,Neem oil spray,Copper Oxychloride,Field sanitation,High humidity,Low,44,Balanced NPK,"Wheat,Stem Rust"
DIS0672,Wheat,Stem Rust,Fungal,Various,White fungal growth,Apply copper-based fungicide,Trichoderma application,Chlorothalonil,Proper spacing,Heavy rainfall,High,5,Balanced NPK,"Wheat,Stem Rust"
DIS0673,Wheat,Stem Rust,Fungal,Various,Fruit rot,Use certified seeds,Compost tea,Chlorothalonil,Disease-free seeds,High humidity,Low,16,Balanced NPK,"Wheat,Stem Rust"
DIS0674,Wheat,Stem Rust,Fungal,Various,Yellowing of leaves,Remove infected leaves,Compost tea,Mancozeb,Proper spacing,Heavy rainfall,High,49,Balanced NPK,"Wheat,Stem Rust"
DIS0675,Wheat,Stem Rust,Fungal,Various,Fruit rot,Avoid overhead irrigation,Compost tea,Carbendazim,Crop rotation,Heavy rainfall,Low,38,Balanced NPK,"Wheat,Stem Rust"
DIS0676,Wheat,Stem Rust,Fungal,Various,Yellowing of leaves,Use certified seeds,Garlic extract spray,Chlorothalonil,Balanced fertilization,Heavy rainfall,High,40,Balanced NPK,"Wheat,Stem Rust"
DIS0677,Wheat,Stem Rust,Fungal,Various,Stem lesions,Use certified seeds,Trichoderma application,Chlorothalonil,Disease-free seeds,Cool weather,Low,44,Balanced NPK,"Wheat,Stem Rust"
DIS0678,Wheat,Stem Rust,Fungal,Various,Yellowing of leaves,Remove infected leaves,Garlic extract spray,Copper Oxychloride,Disease-free seeds,Cool weather,Medium,12,Balanced NPK,"Wheat,Stem Rust"
DIS0679,Wheat,Stem Rust,Fungal,Various,Leaf drying,Avoid overhead irrigation,Neem oil spray,Chlorothalonil,Crop rotation,Poor air circulation,Medium,22,Balanced NPK,"Wheat,Stem Rust"
DIS0680,Wheat,Stem Rust,Fungal,Various,Yellowing of leaves,Apply copper-based fungicide,Trichoderma application,Carbendazim,Balanced fertilization,Poor air circulation,Low,7,Balanced NPK,"Wheat,Stem Rust"
DIS0681,Wheat,Leaf Rust,Fungal,Various,Brown spots on leaves,Apply copper-based fungicide,Garlic extract spray,Mancozeb,Disease-free seeds,Heavy rainfall,High,11,Balanced NPK,"Wheat,Leaf Rust"
DIS0682,Wheat,Leaf Rust,Fungal,Various,Wilting,Use certified seeds,Neem oil spray,Carbendazim,Balanced fertilization,Heavy rainfall,Low,9,Balanced NPK,"Wheat,Leaf Rust"
DIS0683,Wheat,Leaf Rust,Fungal,Various,Brown spots on leaves,Use certified seeds,Garlic extract spray,Carbendazim,Field sanitation,Cool weather,High,6,Balanced NPK,"Wheat,Leaf Rust"
DIS0684,Wheat,Leaf Rust,Fungal,Various,Leaf drying,Improve drainage,Compost tea,Carbendazim,Balanced fertilization,Cool weather,High,48,Balanced NPK,"Wheat,Leaf Rust"
DIS0685,Wheat,Leaf Rust,Fungal,Various,Wilting,Improve drainage,Garlic extract spray,Chlorothalonil,Field sanitation,High humidity,Medium,51,Balanced NPK,"Wheat,Leaf Rust"
DIS0686,Wheat,Leaf Rust,Fungal,Various,Brown spots on leaves,Improve drainage,Garlic extract spray,Metalaxyl,Disease-free seeds,High humidity,High,7,Balanced NPK,"Wheat,Leaf Rust"
DIS0687,Wheat,Leaf Rust,Fungal,Various,Stem lesions,Apply recommended fungicide,Compost tea,Carbendazim,Disease-free seeds,High humidity,Low,5,Balanced NPK,"Wheat,Leaf Rust"
DIS0688,Wheat,Leaf Rust,Fungal,Various,Leaf curling,Apply recommended fungicide,Compost tea,Copper Oxychloride,Proper spacing,Poor air circulation,High,10,Balanced NPK,"Wheat,Leaf Rust"
DIS0689,Wheat,Leaf Rust,Fungal,Various,Wilting,Use certified seeds,Garlic extract spray,Copper Oxychloride,Crop rotation,Poor air circulation,Medium,24,Balanced NPK,"Wheat,Leaf Rust"
DIS0690,Wheat,Leaf Rust,Fungal,Various,Leaf drying,Avoid overhead irrigation,Garlic extract spray,Chlorothalonil,Balanced fertilization,Heavy rainfall,High,31,Balanced NPK,"Wheat,Leaf Rust"
DIS0691,Wheat,Leaf Rust,Fungal,Various,Leaf curling,Avoid overhead irrigation,Neem oil spray,Metalaxyl,Crop rotation,High humidity,Low,33,Balanced NPK,"Wheat,Leaf Rust"
DIS0692,Wheat,Leaf Rust,Fungal,Various,Stem lesions,Use certified seeds,Compost tea,Carbendazim,Balanced fertilization,Poor air circulation,High,20,Balanced NPK,"Wheat,Leaf Rust"
DIS0693,Wheat,Leaf Rust,Fungal,Various,Brown spots on leaves,Apply recommended fungicide,Trichoderma application,Chlorothalonil,Balanced fertilization,Cool weather,High,47,Balanced NPK,"Wheat,Leaf Rust"
DIS0694,Wheat,Leaf Rust,Fungal,Various,Leaf curling,Avoid overhead irrigation,Neem oil spray,Copper Oxychloride,Field sanitation,Cool weather,High,42,Balanced NPK,"Wheat,Leaf Rust"
DIS0695,Wheat,Leaf Rust,Fungal,Various,Fruit rot,Avoid overhead irrigation,Compost tea,Metalaxyl,Proper spacing,Heavy rainfall,Low,33,Balanced NPK,"Wheat,Leaf Rust"
DIS0696,Wheat,Leaf Rust,Fungal,Various,Wilting,Use certified seeds,Trichoderma application,Copper Oxychloride,Crop rotation,Poor air circulation,Low,37,Balanced NPK,"Wheat,Leaf Rust"
DIS0697,Wheat,Leaf Rust,Fungal,Various,Yellowing of leaves,Apply copper-based fungicide,Neem oil spray,Mancozeb,Crop rotation,Heavy rainfall,High,19,Balanced NPK,"Wheat,Leaf Rust"
DIS0698,Wheat,Leaf Rust,Fungal,Various,White fungal growth,Apply copper-based fungicide,Neem oil spray,Carbendazim,Balanced fertilization,Poor air circulation,Low,11,Balanced NPK,"Wheat,Leaf Rust"
DIS0699,Wheat,Leaf Rust,Fungal,Various,Brown spots on leaves,Remove infected leaves,Compost tea,Copper Oxychloride,Balanced fertilization,Cool weather,Medium,25,Balanced NPK,"Wheat,Leaf Rust"
DIS0700,Wheat,Leaf Rust,Fungal,Various,Stem lesions,Remove infected leaves,Compost tea,Chlorothalonil,Proper spacing,High humidity,High,37,Balanced NPK,"Wheat,Leaf Rust"
DIS0701,Wheat,Leaf Rust,Fungal,Various,Leaf curling,Apply copper-based fungicide,Compost tea,Metalaxyl,Proper spacing,Cool weather,High,49,Balanced NPK,"Wheat,Leaf Rust"
DIS0702,Wheat,Leaf Rust,Fungal,Various,Yellowing of leaves,Apply recommended fungicide,Garlic extract spray,Copper Oxychloride,Balanced fertilization,High humidity,Medium,15,Balanced NPK,"Wheat,Leaf Rust"
DIS0703,Wheat,Leaf Rust,Fungal,Various,Brown spots on leaves,Apply copper-based fungicide,Compost tea,Carbendazim,Balanced fertilization,Poor air circulation,Low,15,Balanced NPK,"Wheat,Leaf Rust"
DIS0704,Wheat,Leaf Rust,Fungal,Various,Stem lesions,Improve drainage,Compost tea,Carbendazim,Disease-free seeds,High humidity,High,31,Balanced NPK,"Wheat,Leaf Rust"
DIS0705,Wheat,Leaf Rust,Fungal,Various,White fungal growth,Apply recommended fungicide,Compost tea,Copper Oxychloride,Disease-free seeds,High humidity,Medium,46,Balanced NPK,"Wheat,Leaf Rust"
DIS0706,Wheat,Leaf Rust,Fungal,Various,Leaf curling,Apply recommended fungicide,Neem oil spray,Chlorothalonil,Disease-free seeds,High humidity,Medium,40,Balanced NPK,"Wheat,Leaf Rust"
DIS0707,Wheat,Leaf Rust,Fungal,Various,White fungal growth,Apply copper-based fungicide,Compost tea,Carbendazim,Balanced fertilization,Cool weather,Medium,21,Balanced NPK,"Wheat,Leaf Rust"
DIS0708,Wheat,Leaf Rust,Fungal,Various,Stem lesions,Improve drainage,Compost tea,Mancozeb,Field sanitation,High humidity,Medium,36,Balanced NPK,"Wheat,Leaf Rust"
DIS0709,Wheat,Leaf Rust,Fungal,Various,Yellowing of leaves,Avoid overhead irrigation,Neem oil spray,Carbendazim,Proper spacing,Poor air circulation,Low,35,Balanced NPK,"Wheat,Leaf Rust"
DIS0710,Wheat,Leaf Rust,Fungal,Various,Stem lesions,Use certified seeds,Trichoderma application,Mancozeb,Proper spacing,Cool weather,Medium,9,Balanced NPK,"Wheat,Leaf Rust"
DIS0711,Wheat,Leaf Rust,Fungal,Various,Stem lesions,Apply recommended fungicide,Compost tea,Metalaxyl,Crop rotation,Heavy rainfall,High,27,Balanced NPK,"Wheat,Leaf Rust"
DIS0712,Wheat,Leaf Rust,Fungal,Various,Fruit rot,Apply copper-based fungicide,Trichoderma application,Chlorothalonil,Proper spacing,High humidity,Low,48,Balanced NPK,"Wheat,Leaf Rust"
DIS0713,Wheat,Leaf Rust,Fungal,Various,White fungal growth,Improve drainage,Neem oil spray,Copper Oxychloride,Field sanitation,Poor air circulation,High,11,Balanced NPK,"Wheat,Leaf Rust"
DIS0714,Wheat,Leaf Rust,Fungal,Various,Leaf curling,Apply recommended fungicide,Neem oil spray,Carbendazim,Disease-free seeds,High humidity,High,47,Balanced NPK,"Wheat,Leaf Rust"
DIS0715,Wheat,Leaf Rust,Fungal,Various,Brown spots on leaves,Avoid overhead irrigation,Trichoderma application,Mancozeb,Crop rotation,Poor air circulation,Low,54,Balanced NPK,"Wheat,Leaf Rust"
DIS0716,Wheat,Leaf Rust,Fungal,Various,Leaf curling,Remove infected leaves,Compost tea,Copper Oxychloride,Crop rotation,Poor air circulation,High,32,Balanced NPK,"Wheat,Leaf Rust"
DIS0717,Wheat,Leaf Rust,Fungal,Various,Leaf drying,Remove infected leaves,Trichoderma application,Carbendazim,Disease-free seeds,Cool weather,Low,7,Balanced NPK,"Wheat,Leaf Rust"
DIS0718,Wheat,Leaf Rust,Fungal,Various,Brown spots on leaves,Use certified seeds,Compost tea,Mancozeb,Crop rotation,High humidity,Medium,55,Balanced NPK,"Wheat,Leaf Rust"
DIS0719,Wheat,Leaf Rust,Fungal,Various,Wilting,Apply recommended fungicide,Neem oil spray,Copper Oxychloride,Crop rotation,Cool weather,Medium,55,Balanced NPK,"Wheat,Leaf Rust"
DIS0720,Wheat,Leaf Rust,Fungal,Various,White fungal growth,Remove infected leaves,Garlic extract spray,Mancozeb,Proper spacing,Poor air circulation,High,7,Balanced NPK,"Wheat,Leaf Rust"
DIS0721,Wheat,Loose Smut,Fungal,Various,Yellowing of leaves,Apply copper-based fungicide,Garlic extract spray,Metalaxyl,Field sanitation,Poor air circulation,High,17,Balanced NPK,"Wheat,Loose Smut"
DIS0722,Wheat,Loose Smut,Fungal,Various,Stem lesions,Use certified seeds,Garlic extract spray,Carbendazim,Proper spacing,High humidity,High,47,Balanced NPK,"Wheat,Loose Smut"
DIS0723,Wheat,Loose Smut,Fungal,Various,Brown spots on leaves,Apply copper-based fungicide,Garlic extract spray,Chlorothalonil,Disease-free seeds,Heavy rainfall,Medium,54,Balanced NPK,"Wheat,Loose Smut"
DIS0724,Wheat,Loose Smut,Fungal,Various,Fruit rot,Remove infected leaves,Garlic extract spray,Metalaxyl,Field sanitation,Poor air circulation,Low,56,Balanced NPK,"Wheat,Loose Smut"
DIS0725,Wheat,Loose Smut,Fungal,Various,Yellowing of leaves,Use certified seeds,Trichoderma application,Carbendazim,Field sanitation,Cool weather,High,26,Balanced NPK,"Wheat,Loose Smut"
DIS0726,Wheat,Loose Smut,Fungal,Various,Leaf drying,Avoid overhead irrigation,Compost tea,Copper Oxychloride,Field sanitation,Poor air circulation,Medium,17,Balanced NPK,"Wheat,Loose Smut"
DIS0727,Wheat,Loose Smut,Fungal,Various,Fruit rot,Remove infected leaves,Neem oil spray,Carbendazim,Balanced fertilization,Poor air circulation,Low,50,Balanced NPK,"Wheat,Loose Smut"
DIS0728,Wheat,Loose Smut,Fungal,Various,Brown spots on leaves,Avoid overhead irrigation,Neem oil spray,Carbendazim,Crop rotation,High humidity,Medium,6,Balanced NPK,"Wheat,Loose Smut"
DIS0729,Wheat,Loose Smut,Fungal,Various,Stem lesions,Remove infected leaves,Garlic extract spray,Copper Oxychloride,Balanced fertilization,High humidity,High,44,Balanced NPK,"Wheat,Loose Smut"
DIS0730,Wheat,Loose Smut,Fungal,Various,Brown spots on leaves,Improve drainage,Compost tea,Carbendazim,Disease-free seeds,Cool weather,Medium,16,Balanced NPK,"Wheat,Loose Smut"
DIS0731,Wheat,Loose Smut,Fungal,Various,Leaf drying,Improve drainage,Trichoderma application,Metalaxyl,Field sanitation,Cool weather,High,39,Balanced NPK,"Wheat,Loose Smut"
DIS0732,Wheat,Loose Smut,Fungal,Various,White fungal growth,Avoid overhead irrigation,Garlic extract spray,Copper Oxychloride,Field sanitation,Poor air circulation,Medium,32,Balanced NPK,"Wheat,Loose Smut"
DIS0733,Wheat,Loose Smut,Fungal,Various,Yellowing of leaves,Remove infected leaves,Trichoderma application,Metalaxyl,Proper spacing,High humidity,Low,39,Balanced NPK,"Wheat,Loose Smut"
DIS0734,Wheat,Loose Smut,Fungal,Various,Stem lesions,Improve drainage,Garlic extract spray,Copper Oxychloride,Balanced fertilization,Cool weather,High,23,Balanced NPK,"Wheat,Loose Smut"
DIS0735,Wheat,Loose Smut,Fungal,Various,Stem lesions,Apply copper-based fungicide,Neem oil spray,Mancozeb,Proper spacing,Heavy rainfall,High,21,Balanced NPK,"Wheat,Loose Smut"
DIS0736,Wheat,Loose Smut,Fungal,Various,Leaf curling,Remove infected leaves,Garlic extract spray,Copper Oxychloride,Balanced fertilization,Heavy rainfall,Medium,35,Balanced NPK,"Wheat,Loose Smut"
DIS0737,Wheat,Loose Smut,Fungal,Various,Wilting,Apply copper-based fungicide,Garlic extract spray,Chlorothalonil,Proper spacing,Heavy rainfall,Medium,20,Balanced NPK,"Wheat,Loose Smut"
DIS0738,Wheat,Loose Smut,Fungal,Various,Yellowing of leaves,Apply copper-based fungicide,Garlic extract spray,Metalaxyl,Field sanitation,Cool weather,Low,53,Balanced NPK,"Wheat,Loose Smut"
DIS0739,Wheat,Loose Smut,Fungal,Various,Leaf curling,Use certified seeds,Trichoderma application,Carbendazim,Balanced fertilization,Heavy rainfall,High,5,Balanced NPK,"Wheat,Loose Smut"
DIS0740,Wheat,Loose Smut,Fungal,Various,Brown spots on leaves,Improve drainage,Neem oil spray,Chlorothalonil,Crop rotation,Heavy rainfall,Medium,48,Balanced NPK,"Wheat,Loose Smut"
DIS0741,Wheat,Loose Smut,Fungal,Various,Stem lesions,Remove infected leaves,Neem oil spray,Metalaxyl,Disease-free seeds,Cool weather,Low,31,Balanced NPK,"Wheat,Loose Smut"
DIS0742,Wheat,Loose Smut,Fungal,Various,Wilting,Apply recommended fungicide,Trichoderma application,Chlorothalonil,Proper spacing,High humidity,Low,60,Balanced NPK,"Wheat,Loose Smut"
DIS0743,Wheat,Loose Smut,Fungal,Various,Leaf curling,Improve drainage,Neem oil spray,Metalaxyl,Proper spacing,High humidity,Medium,39,Balanced NPK,"Wheat,Loose Smut"
DIS0744,Wheat,Loose Smut,Fungal,Various,Wilting,Avoid overhead irrigation,Garlic extract spray,Copper Oxychloride,Crop rotation,High humidity,Low,46,Balanced NPK,"Wheat,Loose Smut"
DIS0745,Wheat,Loose Smut,Fungal,Various,White fungal growth,Apply recommended fungicide,Garlic extract spray,Chlorothalonil,Crop rotation,Poor air circulation,Medium,21,Balanced NPK,"Wheat,Loose Smut"
DIS0746,Wheat,Loose Smut,Fungal,Various,White fungal growth,Apply copper-based fungicide,Garlic extract spray,Copper Oxychloride,Proper spacing,Poor air circulation,Medium,10,Balanced NPK,"Wheat,Loose Smut"
DIS0747,Wheat,Loose Smut,Fungal,Various,Leaf curling,Avoid overhead irrigation,Garlic extract spray,Chlorothalonil,Disease-free seeds,High humidity,High,56,Balanced NPK,"Wheat,Loose Smut"
DIS0748,Wheat,Loose Smut,Fungal,Various,Brown spots on leaves,Use certified seeds,Garlic extract spray,Chlorothalonil,Proper spacing,High humidity,Low,22,Balanced NPK,"Wheat,Loose Smut"
DIS0749,Wheat,Loose Smut,Fungal,Various,Wilting,Remove infected leaves,Garlic extract spray,Copper Oxychloride,Proper spacing,Heavy rainfall,Medium,32,Balanced NPK,"Wheat,Loose Smut"
DIS0750,Wheat,Loose Smut,Fungal,Various,Wilting,Apply copper-based fungicide,Trichoderma application,Carbendazim,Proper spacing,High humidity,High,13,Balanced NPK,"Wheat,Loose Smut"
DIS0751,Wheat,Loose Smut,Fungal,Various,Stem lesions,Remove infected leaves,Neem oil spray,Mancozeb,Proper spacing,Poor air circulation,High,11,Balanced NPK,"Wheat,Loose Smut"
DIS0752,Wheat,Loose Smut,Fungal,Various,Wilting,Remove infected leaves,Garlic extract spray,Carbendazim,Balanced fertilization,High humidity,High,53,Balanced NPK,"Wheat,Loose Smut"
DIS0753,Wheat,Loose Smut,Fungal,Various,Leaf curling,Improve drainage,Garlic extract spray,Metalaxyl,Crop rotation,Heavy rainfall,Medium,6,Balanced NPK,"Wheat,Loose Smut"
DIS0754,Wheat,Loose Smut,Fungal,Various,Yellowing of leaves,Use certified seeds,Garlic extract spray,Chlorothalonil,Proper spacing,High humidity,Medium,11,Balanced NPK,"Wheat,Loose Smut"
DIS0755,Wheat,Loose Smut,Fungal,Various,Leaf curling,Avoid overhead irrigation,Neem oil spray,Copper Oxychloride,Proper spacing,Cool weather,Medium,22,Balanced NPK,"Wheat,Loose Smut"
DIS0756,Wheat,Loose Smut,Fungal,Various,Stem lesions,Avoid overhead irrigation,Compost tea,Mancozeb,Disease-free seeds,Cool weather,Low,25,Balanced NPK,"Wheat,Loose Smut"
DIS0757,Wheat,Loose Smut,Fungal,Various,Brown spots on leaves,Avoid overhead irrigation,Trichoderma application,Carbendazim,Crop rotation,Poor air circulation,Medium,48,Balanced NPK,"Wheat,Loose Smut"
DIS0758,Wheat,Loose Smut,Fungal,Various,White fungal growth,Use certified seeds,Neem oil spray,Mancozeb,Field sanitation,High humidity,High,22,Balanced NPK,"Wheat,Loose Smut"
DIS0759,Wheat,Loose Smut,Fungal,Various,Leaf curling,Apply recommended fungicide,Compost tea,Copper Oxychloride,Balanced fertilization,High humidity,Low,48,Balanced NPK,"Wheat,Loose Smut"
DIS0760,Wheat,Loose Smut,Fungal,Various,Yellowing of leaves,Apply copper-based fungicide,Trichoderma application,Copper Oxychloride,Balanced fertilization,Poor air circulation,Medium,37,Balanced NPK,"Wheat,Loose Smut"
