Category,Crop,Disease,Question,Answer,Keywords
Fertilizer,rice,blast,What GAP should I follow for rice to meet market and export standards?,"In rice, balanced NPK (e.g., 100:50:50) improves yield and resilience. Apply full P and K at sowing; split N in 2–3 doses. Foliar 19:19:19 (2–3 g/L) at flowering boosts fruit set. Add 4–5 t/ha compost + 20 kg/ha ZnSO4 in Zn-deficient black soils. Avoid late heavy N to reduce lodging and pest risk.","agriculture,black,blast,farming,fertilizer,india,rice"
Disease,wheat,powdery mildew,"How can I control aphids, armyworm, termites, grasshoppers in wheat using IPM and reduce chemical sprays?","In wheat, powdery mildew shows white powdery growth on leaves and stems. Prevent by using certified seeds, crop rotation, and balanced NPK. For fungal diseases, spray mancozeb 0.25% or carbendazim 0.1% at first sign. Improve drainage and avoid late evening irrigation. Remove infected debris.","agriculture,disease,farming,india,powdery mildew,red,wheat"
Pest,maize,fusarium stalk rot,How should I plan crop rotation with maize to improve soil health?,"In maize, pests like stem borer, fall armyworm, aphids, termites cause yield loss. Use sticky traps for whiteflies/aphids. Apply recommended insecticides at correct doses. Maintain field hygiene and remove weed hosts. Keep records of inputs and yields each season to refine your plan.","agriculture,black,farming,fusarium stalk rot,india,maize,pest"
Irrigation,cotton,boll rot,Which irrigation method saves the most water for cotton without reducing yield?,"Use 4–6 irrigations for cotton depending on soil and rainfall. First irrigation 20–25 days after sowing, then at tillering, flowering, and grain filling. Drip/fertigation saves 30–40% water and improves uniformity. Mulching reduces evaporation. Avoid late heavy irrigation to prevent lodging.","agriculture,black,boll rot,cotton,farming,india,irrigation"
Weather,sugarcane,smut,What water conservation practices work best for sugarcane in my area?,"In sugarcane, avoid sowing during heatwaves (>38°C). Use early-morning irrigation and mulch to reduce heat stress. For cold waves, ensure adequate soil moisture and avoid late nitrogen. Watch IMD advisories for rainfall and temperature. Keep records of inputs and yields each season to refine your plan.","agriculture,farming,india,loamy,smut,sugarcane,weather"
Soil,soybean,sudden death syndrome,How do I move towards regenerative agriculture in soybean?,"In soybean, heavy clay soils need raised beds and proper drainage. Sandy soils benefit from mulching and frequent light irrigations. Loamy soils are ideal; maintain OC with crop residues and manures. Keep records of inputs and yields each season to refine your plan.","agriculture,farming,india,red,soil,soybean,sudden death syndrome"
Government Scheme,tomato,leaf curl virus,How can I increase yield in tomato with better agronomy and protection?,"In tomato, agri-business ideas can access credit via NABARD and agri-clinics schemes. Explore FPO formation, common facility centers, and market linkage programs. Check state horticulture missions for post-harvest support. Keep records of inputs and yields each season to refine your plan.","agriculture,farming,government_scheme,india,leaf curl virus,red,tomato"
Harvesting,potato,bacterial wilt,What is the best fertilizer dose and schedule for potato in clay soil?,"For potato, harvest in dry weather. Use sharp sickles or mechanical harvesters to minimize losses. Dry produce to safe moisture (grains 12–14%, pulses 10–12%) before storage. Clean and grade before marketing. Keep records of inputs and yields each season to refine your plan.","agriculture,bacterial wilt,clay,farming,harvesting,india,potato"
Marketing,onion,bacterial rot,Which government schemes can I use for onion cultivation and marketing?,"For onion, MSP announcements and procurement vary by state. Register on e-NAM for better market access. FPO membership can improve bargaining power. Explore agri-infrastructure funds for storage and processing. Keep records of inputs and yields each season to refine your plan.","agriculture,alluvial,bacterial rot,farming,india,marketing,onion"
Organic Farming,chilli,bacterial leaf spot,"What are the signs of Zn, B, or S deficiency in chilli and how do I correct them?","For organic chilli, use well-decomposed FYM (10–15 t/ha), vermicompost (2–3 t/ha), and biofertilizers (Rhizobium, PSB, Azotobacter). Avoid synthetic fertilizers and pesticides. Use neem-based products and botanicals for pest control. Keep records of inputs and yields each season to refine your plan.","agriculture,bacterial leaf spot,chilli,clay,farming,india,organic_farming"
Yield Improvement,brinjal,fruit rot,"What soil type and pH are ideal for brinjal, and how do I improve my soil?","In brinjal, yield gaps arise from poor plant stand, nutrient imbalance, and pest damage. Use soil test-based fertilizers, IPM, and timely irrigation. Record field operations for continuous improvement. Keep records of inputs and yields each season to refine your plan.","agriculture,brinjal,farming,fruit rot,india,laterite,yield_improvement"
Seed Selection,cabbage,alternaria leaf spot,Which government schemes can I use for cabbage cultivation and marketing?,"Use certified seeds of cabbage for uniform germination and higher yield. Treat seeds with thiram/carbendazim (2 g/kg) or bio-agents (Trichoderma 4–5 g/kg). Store seeds in cool, dry place in moisture-proof bags. Keep records of inputs and yields each season to refine your plan.","agriculture,alternaria leaf spot,cabbage,farming,india,loamy,seed_selection"
Storage,cauliflower,clubroot,"What soil type and pH are ideal for cauliflower, and how do I improve my soil?","For cauliflower, maintain ventilation in stores. Use insect-proof screens. In humid areas, prefer hermetic storage. Avoid storing near chemicals or fertilizers to prevent contamination. Keep records of inputs and yields each season to refine your plan.","agriculture,cauliflower,clubroot,farming,india,loamy,storage"
Post-Harvest,okra,yellow vein mosaic,How do I practice organic farming in okra without losing yield?,"In okra, fumigation should be done by trained personnel. Seal stores properly, use recommended doses, and observe aeration periods before sale or consumption. Keep records of inputs and yields each season to refine your plan.","agriculture,farming,india,loamy,okra,post-harvest,yellow vein mosaic"
Mechanization,groundnut,stem rot,When and how should I harvest groundnut to get maximum yield and quality?,"For groundnut, mechanization (seed drills, rotavators, harvesters) reduces cost and timeliness losses. Calibrate equipment for correct seed rate and spacing. Maintain machines regularly for safety and efficiency. Keep records of inputs and yields each season to refine your plan.","agriculture,farming,groundnut,india,loamy,mechanization,stem rot"
Intercropping,mustard,alternaria leaf spot,How do I store mustard grains safely to avoid pests and mold?,"In mustard, intercropping breaks pest cycles and improves biodiversity. Select crops with different canopy heights and root depths. Monitor for pest shifts and adjust management. Keep records of inputs and yields each season to refine your plan.","agriculture,alternaria leaf spot,farming,india,intercropping,mustard,sandy"
Crop Rotation,sunflower,downy mildew,How do I store sunflower grains safely to avoid pests and mold?,"Rotate sunflower with non-host crops (e.g., legumes) to break disease and pest cycles. Include green manures to improve soil health. Plan 2–3 year rotations based on soil and water availability. Keep records of inputs and yields each season to refine your plan.","agriculture,clay,crop_rotation,downy mildew,farming,india,sunflower"
Water Conservation,bajra,blast,How can I increase yield in bajra with better agronomy and protection?,"In bajra, deficit irrigation at vegetative stage saves water without yield loss. Use crop residues as mulch to reduce evaporation. Monitor weather forecasts to avoid irrigation before rain. Keep records of inputs and yields each season to refine your plan.","agriculture,alluvial,bajra,blast,farming,india,water_conservation"
Micronutrients,jowar,anthracnose,What is a good NPK plan for jowar to avoid lodging and disease?,B deficiency in jowar causes poor fruit set and hollow stems. Apply borax (10–15 kg/ha) or foliar 0.2% boron at flowering. Avoid overuse; excess B is toxic. Keep records of inputs and yields each season to refine your plan.,"agriculture,alluvial,anthracnose,farming,india,jowar,micronutrients"
NPK Management,ragi,smut,What carbon farming practices can I adopt in ragi fields?,"Balanced NPK in ragi improves yield and stress tolerance. Use soil test-based doses; typical ranges: N 80–120, P2O5 40–60, K2O 40–60 kg/ha. Split N in 2–3 doses; place P and K basally near seed. Keep records of inputs and yields each season to refine your plan.","agriculture,farming,india,npk_management,ragi,sandy,smut"
IPM,gram,alternaria blight,What weather conditions harm gram and how do I protect my crop?,"For gram, integrate pheromone traps (10–12/ha), NSKE 5%, and targeted insecticides. Avoid prophylactic sprays. Train labor on safe handling and PPE use. Keep records of inputs and yields each season to refine your plan.","agriculture,alternaria blight,farming,gram,india,ipm,sandy"
Weed Management,pigeon pea,sterility mosaic,How can I increase yield in pigeon pea with better agronomy and protection?,"For pigeon pea, hand weeding is effective but labor-intensive. Combine with pre-emergence sprays and mulching. Keep field borders clean to reduce weed seed bank. Keep records of inputs and yields each season to refine your plan.","agriculture,farming,india,pigeon pea,red,sterility mosaic,weed_management"
Protected Cultivation,green gram,anthracnose,How do I move towards regenerative agriculture in green gram?,"In green gram, protected cultivation reduces pesticide use. Combine with biological controls and hygiene. Plan crop cycles to match market demand. Keep records of inputs and yields each season to refine your plan.","agriculture,anthracnose,farming,green gram,india,protected_cultivation,sandy"
Greenhouse,black gram,yellow mosaic virus,"What are the signs of Zn, B, or S deficiency in black gram and how do I correct them?","Protected cultivation (shade nets, low tunnels) in black gram reduces pest and weather damage. Use drip fertigation and mulch. Monitor temperature and humidity to prevent diseases. Keep records of inputs and yields each season to refine your plan.","agriculture,black gram,farming,greenhouse,india,sandy,yellow mosaic virus"
Hydroponics,banana,sigatoka leaf spot,How do I manage sigatoka leaf spot in banana? What are the symptoms and spray schedule?,"In banana, hydroponics saves water and nutrients. Maintain EC and pH in recommended ranges. Use sterile media and prevent root diseases with sanitation. Keep records of inputs and yields each season to refine your plan.","agriculture,banana,clay,farming,hydroponics,india,sigatoka leaf spot"
Carbon Farming,mango,spongy tissue,Which irrigation method saves the most water for mango without reducing yield?,"For mango, agroforestry and perennial systems sequester more carbon. Use diverse rotations and organic amendments. Maintain records for potential carbon income. Keep records of inputs and yields each season to refine your plan.","agriculture,alluvial,carbon_farming,farming,india,mango,spongy tissue"
Regenerative Agriculture,papaya,bacterial leaf spot,"What are the signs of Zn, B, or S deficiency in papaya and how do I correct them?","For papaya, integrate trees, shrubs, and perennials to enhance resilience. Use organic amendments and biological pest control. Build local knowledge and community practices. Keep records of inputs and yields each season to refine your plan.","agriculture,bacterial leaf spot,farming,india,papaya,regenerative_agriculture,sandy"
GAP,grapes,black rot,How do I set up protected cultivation or greenhouse for grapes?,"For grapes, GAP aligns with food safety and export requirements. Maintain field maps, input logs, and harvest records. Use clean containers and cold chain where needed. Keep records of inputs and yields each season to refine your plan.","agriculture,black rot,farming,gap,grapes,india,laterite"
Insurance,pomegranate,anthracnose,"How can I control fruit fly, thrips, mealybug, aphids in pomegranate using IPM and reduce chemical sprays?","For pomegranate, insurance complements good agronomy. Keep plot-wise records and photos of damage. Understand exclusions and claim processes. Pay premiums on time. Keep records of inputs and yields each season to refine your plan.","agriculture,alluvial,anthracnose,farming,india,insurance,pomegranate"
Fertilizer,citrus,leaf miner damage,Which government schemes can I use for citrus cultivation and marketing?,"In citrus, apply 80–120 kg N/ha, 40–60 kg P2O5/ha, 40 kg K2O/ha. Use basal NPK (15:15:15) at 150–200 kg/ha, then top-dress urea twice. Add ZnSO4 (20–25 kg/ha) once in 2–3 years. Include 5–10 t/ha FYM before sowing. In saline soils, prefer gypsum and avoid chloride fertilizers.","agriculture,citrus,farming,fertilizer,india,leaf miner damage,loamy"
Disease,turmeric,bacterial leaf streak,How do I implement IPM in turmeric step by step?,"For bacterial leaf streak in turmeric, early detection is key. Symptoms include narrow streaks on leaves. Spray recommended fungicides (e.g., propiconazole, tebuconazole) at label doses. Practice field sanitation, avoid water stagnation, and maintain plant spacing for airflow. Keep records of inputs and yields each season to refine your plan.","agriculture,bacterial leaf streak,disease,farming,india,loamy,turmeric"
Pest,ginger,bacterial wilt,Which machines or implements are useful for ginger to save labor and time?,"In ginger, pests like rhizome scale, thrips, shoot borer cause yield loss. Use sticky traps for whiteflies/aphids. Apply recommended insecticides at correct doses. Maintain field hygiene and remove weed hosts. Keep records of inputs and yields each season to refine your plan.","agriculture,bacterial wilt,farming,ginger,india,pest,red"
Irrigation,garlic,white rot,How do I manage white rot in garlic? What are the symptoms and spray schedule?,"For garlic, maintain soil moisture at 50–60% field capacity. Use drip or furrow irrigation to save 20–30% water. Avoid waterlogging; ensure drainage in heavy soils. Critical stages: sowing, flowering, and pod/fruit set. In summer, irrigate every 5–7 days; in winter, every 8–10 days.","agriculture,clay,farming,garlic,india,irrigation,white rot"
Weather,coriander,stem gall,What weather conditions harm coriander and how do I protect my crop?,"For coriander, high humidity favors fungal diseases. Increase plant spacing, avoid overhead irrigation, and use protective fungicides before monsoon peaks. Use weather-based advisories for spray timing. Keep records of inputs and yields each season to refine your plan.","agriculture,coriander,farming,india,sandy,stem gall,weather"
Soil,cumin,aphid damage,How do I implement IPM in cumin step by step?,"For cumin, avoid continuous monocropping. Rotate with legumes to improve N and soil health. Add 5–10 t/ha FYM and practice conservation tillage to enhance infiltration and reduce erosion. Keep records of inputs and yields each season to refine your plan.","agriculture,aphid damage,black,cumin,farming,india,soil"
Government Scheme,rice,sheath blight,Which machines or implements are useful for rice to save labor and time?,"In rice, state schemes may offer seed subsidies, drip irrigation support, and power concessions. Keep Aadhaar, land records, and bank details updated for scheme benefits. Use KCC for working capital and input purchases. Keep records of inputs and yields each season to refine your plan.","agriculture,farming,government_scheme,india,laterite,rice,sheath blight"
Harvesting,wheat,alternaria leaf blight,What is the best fertilizer dose and schedule for wheat in clay soil?,"Harvest wheat at physiological maturity: grains at 20–22% moisture, pods when 80–90% brown. Avoid delayed harvest to reduce shattering and field losses. Use combine harvesters where feasible; dry grains to 12–14% before storage. Keep records of inputs and yields each season to refine your plan.","agriculture,alternaria leaf blight,clay,farming,harvesting,india,wheat"
Marketing,maize,fusarium stalk rot,Which government schemes can I use for maize cultivation and marketing?,"In maize, state schemes may offer seed subsidies, drip irrigation support, and power concessions. Keep Aadhaar, land records, and bank details updated for scheme benefits. Use KCC for working capital and input purchases. Keep records of inputs and yields each season to refine your plan.","agriculture,clay,farming,fusarium stalk rot,india,maize,marketing"
Organic Farming,cotton,boll rot,What are effective weed control methods for cotton that are safe and cheap?,"In cotton, adopt crop rotation with legumes, green manures (dhaincha, sunhemp), and mulching. Maintain field sanitation and use resistant varieties. Certification via NPOP/PGS-India adds market value. Keep records of inputs and yields each season to refine your plan.","agriculture,alluvial,boll rot,cotton,farming,india,organic_farming"
Yield Improvement,sugarcane,leaf scald,What GAP should I follow for sugarcane to meet market and export standards?,"In sugarcane, yield gaps arise from poor plant stand, nutrient imbalance, and pest damage. Use soil test-based fertilizers, IPM, and timely irrigation. Record field operations for continuous improvement. Keep records of inputs and yields each season to refine your plan.","agriculture,black,farming,india,leaf scald,sugarcane,yield_improvement"
Seed Selection,soybean,sudden death syndrome,What weather conditions harm soybean and how do I protect my crop?,"In soybean, procure seeds from certified agencies. Check germination before sowing; aim for >85%. Avoid storage in humid conditions. Keep records of inputs and yields each season to refine your plan.","agriculture,clay,farming,india,seed_selection,soybean,sudden death syndrome"
Storage,tomato,early blight,How do I set up protected cultivation or greenhouse for tomato?,"In tomato, high moisture leads to mold and mycotoxins. Dry to safe levels, use moisture-proof liners, and keep bags off the floor on pallets. Inspect regularly for pests and dampness. Keep records of inputs and yields each season to refine your plan.","agriculture,clay,early blight,farming,india,storage,tomato"
Post-Harvest,potato,scab,When and how should I harvest potato to get maximum yield and quality?,"For potato, ensure produce is dry and clean before storage. Avoid mixing old and new stock. Use neem leaves or botanicals in small stores. Monitor temperature and humidity; aerate if needed. Keep records of inputs and yields each season to refine your plan.","agriculture,farming,india,loamy,post-harvest,potato,scab"
Mechanization,onion,neck rot,What weather conditions harm onion and how do I protect my crop?,"For onion, post-harvest mechanization (threshers, graders, dryers) improves quality and reduces losses. Clean and maintain equipment after each season. Keep records of inputs and yields each season to refine your plan.","agriculture,clay,farming,india,mechanization,neck rot,onion"
Intercropping,chilli,dieback,What water conservation practices work best for chilli in my area?,"In chilli, intercropping breaks pest cycles and improves biodiversity. Select crops with different canopy heights and root depths. Monitor for pest shifts and adjust management. Keep records of inputs and yields each season to refine your plan.","agriculture,black,chilli,dieback,farming,india,intercropping"
Crop Rotation,brinjal,alternaria leaf spot,"What soil type and pH are ideal for brinjal, and how do I improve my soil?","In brinjal, rotation reduces soil-borne diseases and weeds. Select crops with different nutrient demands. Maintain field records to plan rotations effectively. Keep records of inputs and yields each season to refine your plan.","agriculture,alternaria leaf spot,black,brinjal,crop_rotation,farming,india"
Water Conservation,cabbage,alternaria leaf spot,How do I manage alternaria leaf spot in cabbage? What are the symptoms and spray schedule?,"For cabbage, use alternate wetting and drying (AWD) where feasible. Recycle field drainage and harvest rainwater in ponds. Maintain field bunds and channels. Keep records of inputs and yields each season to refine your plan.","agriculture,alternaria leaf spot,cabbage,farming,india,red,water_conservation"
Micronutrients,cauliflower,powdery mildew,Which irrigation method saves the most water for cauliflower without reducing yield?,Fe deficiency in cauliflower shows as interveinal chlorosis in young leaves. Apply Fe-EDDHA foliar (0.5%) or chelated Fe with irrigation. Improve drainage and avoid high pH soils. Keep records of inputs and yields each season to refine your plan.,"agriculture,black,cauliflower,farming,india,micronutrients,powdery mildew"
NPK Management,okra,yellow vein mosaic,What are good intercropping options with okra to increase income?,"In okra, excessive N without K increases lodging and disease. Maintain K at 50–60 kg/ha for stalk strength. Use 19:19:19 foliar at flowering for fruit set. Add FYM 5–10 t/ha for long-term soil health. Keep records of inputs and yields each season to refine your plan.","agriculture,clay,farming,india,npk_management,okra,yellow vein mosaic"
IPM,groundnut,rust,How do I select and treat seeds for groundnut to improve germination?,"For groundnut, integrate pheromone traps (10–12/ha), NSKE 5%, and targeted insecticides. Avoid prophylactic sprays. Train labor on safe handling and PPE use. Keep records of inputs and yields each season to refine your plan.","agriculture,farming,groundnut,india,ipm,rust,sandy"
Weed Management,mustard,white rust,Which machines or implements are useful for mustard to save labor and time?,"In mustard, avoid waterlogging which favors weeds. Use narrow row spacing and early canopy closure to suppress weeds. Scout fields regularly and remove weeds before seed set. Keep records of inputs and yields each season to refine your plan.","agriculture,alluvial,farming,india,mustard,weed_management,white rust"
Protected Cultivation,sunflower,head rot,What are good intercropping options with sunflower to increase income?,"For sunflower, greenhouses enable year-round production. Use insect-proof nets, drip irrigation, and balanced fertigation. Train labor on climate management and IPM. Keep records of inputs and yields each season to refine your plan.","agriculture,farming,head rot,india,protected_cultivation,red,sunflower"
Greenhouse,bajra,rust,What carbon farming practices can I adopt in bajra fields?,"In bajra, hydroponics saves water and nutrients. Maintain EC and pH in recommended ranges. Use sterile media and prevent root diseases with sanitation. Keep records of inputs and yields each season to refine your plan.","agriculture,bajra,farming,greenhouse,india,laterite,rust"
Hydroponics,jowar,leaf blight,How can I increase yield in jowar with better agronomy and protection?,"Protected cultivation (shade nets, low tunnels) in jowar reduces pest and weather damage. Use drip fertigation and mulch. Monitor temperature and humidity to prevent diseases. Keep records of inputs and yields each season to refine your plan.","agriculture,farming,hydroponics,india,jowar,leaf blight,loamy"
Carbon Farming,ragi,helminthosporium leaf spot,Which irrigation method saves the most water for ragi without reducing yield?,"In ragi, reduced tillage and mulching improve SOC and water retention. Avoid burning residues; incorporate or use for mulch. Align with national carbon initiatives. Keep records of inputs and yields each season to refine your plan.","agriculture,carbon_farming,farming,helminthosporium leaf spot,india,ragi,red"
Regenerative Agriculture,gram,wilt,What are good intercropping options with gram to increase income?,"For gram, integrate trees, shrubs, and perennials to enhance resilience. Use organic amendments and biological pest control. Build local knowledge and community practices. Keep records of inputs and yields each season to refine your plan.","agriculture,farming,gram,india,loamy,regenerative_agriculture,wilt"
GAP,pigeon pea,pod borer damage,What is the best fertilizer dose and schedule for pigeon pea in red soil?,"Good Agricultural Practices (GAP) in pigeon pea include record-keeping, safe pesticide use, and traceability. Follow pre-harvest intervals and maintain field hygiene. Adopt GAP for market access and premiums. Keep records of inputs and yields each season to refine your plan.","agriculture,farming,gap,india,pigeon pea,pod borer damage,red"
Insurance,green gram,powdery mildew,Which irrigation method saves the most water for green gram without reducing yield?,"Crop insurance (PMFBY) for green gram covers yield losses due to weather, pests, and diseases. Enroll before sowing through banks or CSC. Cooperate during crop cutting experiments for claim settlement. Keep records of inputs and yields each season to refine your plan.","agriculture,farming,green gram,india,insurance,powdery mildew,red"
Fertilizer,black gram,anthracnose,Which machines or implements are useful for black gram to save labor and time?,"Use 60–100 kg N/ha for black gram depending on rainfall and soil. Apply basal NPK (12:32:16 or 15:15:15) at 150–200 kg/ha at sowing, then top-dress urea in 2–3 splits. Include 20–25 kg/ha ZnSO4 where soils are alkaline. For irrigated conditions, split N at vegetative, flowering, and pod/fruit setting. In rainfed areas, use slow-release N and mulch to reduce losses.","agriculture,anthracnose,black,black gram,farming,fertilizer,india"
Disease,banana,anthracnose,How do I select and treat seeds for banana to improve germination?,"Control anthracnose in banana with integrated measures: resistant varieties, seed treatment (thiram/carbendazim 2 g/kg), and timely sprays. Avoid excessive nitrogen which increases susceptibility. Use biocontrol (Trichoderma 4–5 g/kg seed) for soil-borne diseases. Keep records of inputs and yields each season to refine your plan.","agriculture,anthracnose,banana,disease,farming,india,sandy"
Pest,mango,dieback,What GAP should I follow for mango to meet market and export standards?,"For mango, integrate mechanical (handpicking), biological (Trichogramma), and chemical controls. Avoid tank mixes that harm beneficials. Follow label doses and pre-harvest intervals. Keep records of inputs and yields each season to refine your plan.","agriculture,dieback,farming,india,mango,pest,red"
Irrigation,papaya,bacterial leaf spot,How do I store papaya grains safely to avoid pests and mold?,"For papaya, maintain even moisture. Deficit at flowering reduces yield by 20–30%. Use alternate furrow irrigation or drip to improve water use efficiency. In water-scarce areas, adopt zero-till and mulching to conserve moisture. Keep records of inputs and yields each season to refine your plan.","agriculture,bacterial leaf spot,farming,india,irrigation,laterite,papaya"
Weather,grapes,black rot,"What soil type and pH are ideal for grapes, and how do I improve my soil?","In grapes, avoid sowing during heatwaves (>38°C). Use early-morning irrigation and mulch to reduce heat stress. For cold waves, ensure adequate soil moisture and avoid late nitrogen. Watch IMD advisories for rainfall and temperature. Keep records of inputs and yields each season to refine your plan.","agriculture,black rot,farming,grapes,india,red,weather"
Soil,pomegranate,fruit rot,What are effective weed control methods for pomegranate that are safe and cheap?,"For pomegranate, avoid continuous monocropping. Rotate with legumes to improve N and soil health. Add 5–10 t/ha FYM and practice conservation tillage to enhance infiltration and reduce erosion. Keep records of inputs and yields each season to refine your plan.","agriculture,alluvial,farming,fruit rot,india,pomegranate,soil"
Government Scheme,citrus,anthracnose,What GAP should I follow for citrus to meet market and export standards?,"Farmers growing citrus can benefit from PM-KISAN (₹6,000/year), Kisan Credit Card (subsidized interest), and Soil Health Card (free soil testing). Check with your local agriculture office or CSC for enrollment. Crop insurance under PMFBY is also available. Keep records of inputs and yields each season to refine your plan.","agriculture,anthracnose,citrus,clay,farming,government_scheme,india"
Harvesting,turmeric,rhizome rot,How do I implement IPM in turmeric step by step?,"In turmeric, early harvest reduces field losses and aflatoxin risk. Dry on clean tarps; avoid direct soil contact. Use moisture meters to ensure safe storage levels. Store in fumigated, rodent-proof structures. Keep records of inputs and yields each season to refine your plan.","agriculture,black,farming,harvesting,india,rhizome rot,turmeric"
Marketing,ginger,soft rot,When and how should I harvest ginger to get maximum yield and quality?,"For ginger, MSP announcements and procurement vary by state. Register on e-NAM for better market access. FPO membership can improve bargaining power. Explore agri-infrastructure funds for storage and processing. Keep records of inputs and yields each season to refine your plan.","agriculture,farming,ginger,india,marketing,red,soft rot"
Organic Farming,garlic,stemphylium blight,"How can I control thrips, onion maggot, aphids in garlic using IPM and reduce chemical sprays?","In garlic, organic systems need strong IPM: traps, biocontrol agents, and botanicals. Ensure adequate K and micronutrients from organic sources. Plan harvest and post-harvest to maintain organic integrity. Keep records of inputs and yields each season to refine your plan.","agriculture,farming,garlic,india,laterite,organic_farming,stemphylium blight"
Yield Improvement,coriander,stem gall,How can I increase yield in coriander with better agronomy and protection?,"For coriander, target 10–15% higher yield by adopting improved varieties, micro-irrigation, and INM. Ensure timely sowing, proper spacing, and timely weeding. Use foliar nutrients at critical stages. Keep records of inputs and yields each season to refine your plan.","agriculture,alluvial,coriander,farming,india,stem gall,yield_improvement"
Seed Selection,cumin,alternaria blight,What are good intercropping options with cumin to increase income?,"Use certified seeds of cumin for uniform germination and higher yield. Treat seeds with thiram/carbendazim (2 g/kg) or bio-agents (Trichoderma 4–5 g/kg). Store seeds in cool, dry place in moisture-proof bags. Keep records of inputs and yields each season to refine your plan.","agriculture,alternaria blight,cumin,farming,india,laterite,seed_selection"
Storage,rice,blast,What are good intercropping options with rice to increase income?,"Store rice grains at 12–14% moisture in clean, dry, rodent-proof structures. Treat storage area with malathion dust. Use hermetic bags or PICS bags for pulses. Fumigate with aluminum phosphide if needed, following safety protocols. Keep records of inputs and yields each season to refine your plan.","agriculture,blast,farming,india,rice,sandy,storage"
Post-Harvest,wheat,rust,How do I store wheat grains safely to avoid pests and mold?,"For wheat, ensure produce is dry and clean before storage. Avoid mixing old and new stock. Use neem leaves or botanicals in small stores. Monitor temperature and humidity; aerate if needed. Keep records of inputs and yields each season to refine your plan.","agriculture,clay,farming,india,post-harvest,rust,wheat"
Mechanization,maize,downy mildew,How do I select and treat seeds for maize to improve germination?,"In maize, use power tillers or tractors with appropriate implements. Adopt zero-till where feasible to save time and fuel. Train operators on safe handling and maintenance. Keep records of inputs and yields each season to refine your plan.","agriculture,downy mildew,farming,india,laterite,maize,mechanization"
Intercropping,cotton,alternaria leaf spot,What weather conditions harm cotton and how do I protect my crop?,"For cotton, relay cropping or sequential cropping maximizes land use. Maintain soil fertility with FYM and biofertilizers. Use crop-specific herbicides carefully. Keep records of inputs and yields each season to refine your plan.","agriculture,alternaria leaf spot,black,cotton,farming,india,intercropping"
Crop Rotation,sugarcane,red rot,Which government schemes can I use for sugarcane cultivation and marketing?,"For sugarcane, integrate livestock or agroforestry in rotations for diversification. Use manure and compost to recycle nutrients. Monitor soil tests to adjust rotations. Keep records of inputs and yields each season to refine your plan.","agriculture,crop_rotation,farming,india,laterite,red rot,sugarcane"
Water Conservation,soybean,frogeye leaf spot,How do I move towards regenerative agriculture in soybean?,"In soybean, avoid over-irrigation which leaches nutrients and promotes diseases. Use tensiometers or soil moisture sensors for precise scheduling. Maintain drainage to prevent waterlogging. Keep records of inputs and yields each season to refine your plan.","agriculture,farming,frogeye leaf spot,india,laterite,soybean,water_conservation"
Micronutrients,tomato,leaf curl virus,When and how should I harvest tomato to get maximum yield and quality?,"S deficiency in tomato leads to pale young leaves. Use SSP or gypsum to supply S (20–40 kg/ha). In high-rainfall areas, split S applications to reduce leaching. Keep records of inputs and yields each season to refine your plan.","agriculture,farming,india,leaf curl virus,micronutrients,red,tomato"
NPK Management,potato,early blight,How should I plan crop rotation with potato to improve soil health?,"For potato, integrated nutrient management combines FYM, biofertilizers, and mineral fertilizers. Target OC >0.8%, balanced NPK, and micronutrients based on soil tests. Avoid blanket recommendations. Keep records of inputs and yields each season to refine your plan.","agriculture,black,early blight,farming,india,npk_management,potato"
IPM,onion,purple blotch,"What are the signs of Zn, B, or S deficiency in onion and how do I correct them?","For onion, IPM starts with monitoring: pheromone traps, field scouting, and ETL-based sprays. Use biocontrol (Trichogramma, NPV) and botanicals (neem) early. Rotate insecticide groups to delay resistance. Keep records of inputs and yields each season to refine your plan.","agriculture,farming,india,ipm,onion,purple blotch,sandy"
Weed Management,chilli,anthracnose,How do I select and treat seeds for chilli to improve germination?,"In chilli, avoid waterlogging which favors weeds. Use narrow row spacing and early canopy closure to suppress weeds. Scout fields regularly and remove weeds before seed set. Keep records of inputs and yields each season to refine your plan.","agriculture,anthracnose,chilli,farming,india,loamy,weed_management"
Protected Cultivation,brinjal,mosaic,How do I manage mosaic in brinjal? What are the symptoms and spray schedule?,"In brinjal, protected cultivation reduces pesticide use. Combine with biological controls and hygiene. Plan crop cycles to match market demand. Keep records of inputs and yields each season to refine your plan.","agriculture,brinjal,farming,india,mosaic,protected_cultivation,red"
Greenhouse,cabbage,black rot,What weather conditions harm cabbage and how do I protect my crop?,"Protected cultivation (shade nets, low tunnels) in cabbage reduces pest and weather damage. Use drip fertigation and mulch. Monitor temperature and humidity to prevent diseases. Keep records of inputs and yields each season to refine your plan.","agriculture,black rot,cabbage,clay,farming,greenhouse,india"
Hydroponics,cauliflower,powdery mildew,What carbon farming practices can I adopt in cauliflower fields?,"For cauliflower, greenhouses enable year-round production. Use insect-proof nets, drip irrigation, and balanced fertigation. Train labor on climate management and IPM. Keep records of inputs and yields each season to refine your plan.","agriculture,black,cauliflower,farming,hydroponics,india,powdery mildew"
Carbon Farming,okra,anthracnose,How should I plan crop rotation with okra to improve soil health?,"For okra, agroforestry and perennial systems sequester more carbon. Use diverse rotations and organic amendments. Maintain records for potential carbon income. Keep records of inputs and yields each season to refine your plan.","agriculture,anthracnose,black,carbon_farming,farming,india,okra"
Regenerative Agriculture,groundnut,collar rot,How do I manage collar rot in groundnut? What are the symptoms and spray schedule?,"In groundnut, combine traditional knowledge with modern science for regenerative outcomes. Use participatory trials and share results with neighbors. Seek technical support from agriculture departments. Keep records of inputs and yields each season to refine your plan.","agriculture,collar rot,farming,groundnut,india,loamy,regenerative_agriculture"
GAP,mustard,alternaria leaf spot,What carbon farming practices can I adopt in mustard fields?,"In mustard, GAP reduces risks and builds buyer trust. Regularly audit practices and update SOPs. Engage with buyers to understand quality standards. Keep records of inputs and yields each season to refine your plan.","agriculture,alternaria leaf spot,farming,gap,india,laterite,mustard"
Insurance,sunflower,sclerotinia head rot,"What are the signs of Zn, B, or S deficiency in sunflower and how do I correct them?","In sunflower, weather-based insurance can provide quick payouts. Link with local meteorological data. Use insurance as part of risk management, not a substitute for good practices. Keep records of inputs and yields each season to refine your plan.","agriculture,farming,india,insurance,loamy,sclerotinia head rot,sunflower"
Fertilizer,bajra,smut,How do I move towards regenerative agriculture in bajra?,"In bajra, balanced NPK (e.g., 100:50:50) improves yield and resilience. Apply full P and K at sowing; split N in 2–3 doses. Foliar 19:19:19 (2–3 g/L) at flowering boosts fruit set. Add 4–5 t/ha compost + 20 kg/ha ZnSO4 in Zn-deficient black soils. Avoid late heavy N to reduce lodging and pest risk.","agriculture,bajra,farming,fertilizer,india,sandy,smut"
Disease,jowar,anthracnose,How do I implement IPM in jowar step by step?,"Control anthracnose in jowar with integrated measures: resistant varieties, seed treatment (thiram/carbendazim 2 g/kg), and timely sprays. Avoid excessive nitrogen which increases susceptibility. Use biocontrol (Trichoderma 4–5 g/kg seed) for soil-borne diseases. Keep records of inputs and yields each season to refine your plan.","agriculture,alluvial,anthracnose,disease,farming,india,jowar"
Pest,ragi,smut,"What are the signs of Zn, B, or S deficiency in ragi and how do I correct them?","Common pests in ragi include stem borer, aphids, leaf miner. Monitor with pheromone traps (10–12/ha). Use need-based sprays: emamectin benzoate or spinosad for larvae; imidacloprid for sucking pests. Preserve natural enemies; avoid broad-spectrum sprays early. Keep records of inputs and yields each season to refine your plan.","agriculture,farming,india,laterite,pest,ragi,smut"
Irrigation,gram,wilt,What water conservation practices work best for gram in my area?,"In gram, avoid water stress during pod/fruit development. Use deficit irrigation (70–80% ET) in vegetative stage, then full irrigation at flowering and fruit set. Drain fields within 24 hours after heavy rain to prevent root rot. Keep records of inputs and yields each season to refine your plan.","agriculture,farming,gram,india,irrigation,laterite,wilt"
Weather,pigeon pea,wilt,What are good intercropping options with pigeon pea to increase income?,"Heavy rain during flowering of pigeon pea causes pollen wash and yield loss. Ensure drainage, use raised beds, and avoid late nitrogen. If lodging risk exists, reduce N and increase K. Keep records of inputs and yields each season to refine your plan.","agriculture,black,farming,india,pigeon pea,weather,wilt"
Soil,green gram,bacterial leaf spot,"How can I control pod borer, aphids, whitefly, thrips in green gram using IPM and reduce chemical sprays?","In green gram, soil testing every 2–3 years optimizes fertilizer use. Target OC >0.8%, available P >20 kg/ha, available K >200 kg/ha. Use micronutrients (Zn, B, S) based on deficiency symptoms and soil tests. Keep records of inputs and yields each season to refine your plan.","agriculture,alluvial,bacterial leaf spot,farming,green gram,india,soil"
Government Scheme,black gram,powdery mildew,What is a good NPK plan for black gram to avoid lodging and disease?,"In black gram, state schemes may offer seed subsidies, drip irrigation support, and power concessions. Keep Aadhaar, land records, and bank details updated for scheme benefits. Use KCC for working capital and input purchases. Keep records of inputs and yields each season to refine your plan.","agriculture,black gram,farming,government_scheme,india,powdery mildew,red"
Harvesting,banana,sigatoka leaf spot,What are good intercropping options with banana to increase income?,"In banana, early harvest reduces field losses and aflatoxin risk. Dry on clean tarps; avoid direct soil contact. Use moisture meters to ensure safe storage levels. Store in fumigated, rodent-proof structures. Keep records of inputs and yields each season to refine your plan.","agriculture,banana,farming,harvesting,india,laterite,sigatoka leaf spot"
Marketing,mango,dieback,How do I set up protected cultivation or greenhouse for mango?,"In mango, agri-business ideas can access credit via NABARD and agri-clinics schemes. Explore FPO formation, common facility centers, and market linkage programs. Check state horticulture missions for post-harvest support. Keep records of inputs and yields each season to refine your plan.","agriculture,clay,dieback,farming,india,mango,marketing"
Organic Farming,papaya,ring spot virus,What are good intercropping options with papaya to increase income?,"For organic papaya, use Jeevamrut, Panchagavya, and Amritpani as foliar sprays. Manage weeds mechanically and through mulching. Build soil health with diverse rotations and cover crops. Keep records of inputs and yields each season to refine your plan.","agriculture,farming,india,organic_farming,papaya,ring spot virus,sandy"
Yield Improvement,grapes,downy mildew,Which government schemes can I use for grapes cultivation and marketing?,"To improve yield in grapes, use certified seeds, optimal plant population, and balanced NPK. Manage pests/diseases proactively and avoid water stress at flowering. Harvest at correct maturity and dry properly. Keep records of inputs and yields each season to refine your plan.","agriculture,downy mildew,farming,grapes,india,red,yield_improvement"
Seed Selection,pomegranate,bacterial blight,What are good intercropping options with pomegranate to increase income?,"For pomegranate, select seeds from healthy plants, free from disease. Maintain seed purity and avoid mixing varieties. Use seed replacement every 2–3 years for best results. Keep records of inputs and yields each season to refine your plan.","agriculture,bacterial blight,farming,india,pomegranate,sandy,seed_selection"
Storage,citrus,powdery mildew,What water conservation practices work best for citrus in my area?,"For citrus, ensure produce is dry and clean before storage. Avoid mixing old and new stock. Use neem leaves or botanicals in small stores. Monitor temperature and humidity; aerate if needed. Keep records of inputs and yields each season to refine your plan.","agriculture,alluvial,citrus,farming,india,powdery mildew,storage"
Post-Harvest,turmeric,anthracnose,What carbon farming practices can I adopt in turmeric fields?,"In turmeric, high moisture leads to mold and mycotoxins. Dry to safe levels, use moisture-proof liners, and keep bags off the floor on pallets. Inspect regularly for pests and dampness. Keep records of inputs and yields each season to refine your plan.","agriculture,anthracnose,farming,india,post-harvest,red,turmeric"
Mechanization,ginger,thrips damage,Which government schemes can I use for ginger cultivation and marketing?,"For ginger, mechanization (seed drills, rotavators, harvesters) reduces cost and timeliness losses. Calibrate equipment for correct seed rate and spacing. Maintain machines regularly for safety and efficiency. Keep records of inputs and yields each season to refine your plan.","agriculture,farming,ginger,india,laterite,mechanization,thrips damage"
Intercropping,garlic,white rot,What are effective weed control methods for garlic that are safe and cheap?,"In garlic, intercropping breaks pest cycles and improves biodiversity. Select crops with different canopy heights and root depths. Monitor for pest shifts and adjust management. Keep records of inputs and yields each season to refine your plan.","agriculture,farming,garlic,india,intercropping,sandy,white rot"
Crop Rotation,coriander,powdery mildew,"What are the signs of Zn, B, or S deficiency in coriander and how do I correct them?","For coriander, avoid continuous monoculture. Rotate with cereals/legumes to balance nutrients. Use residue incorporation and cover crops to build organic matter. Keep records of inputs and yields each season to refine your plan.","agriculture,black,coriander,crop_rotation,farming,india,powdery mildew"
Water Conservation,cumin,downy mildew,What GAP should I follow for cumin to meet market and export standards?,"For cumin, line canals and use pipes to reduce conveyance losses. Adopt laser leveling for uniform water distribution. Train farmers on efficient irrigation practices. Keep records of inputs and yields each season to refine your plan.","agriculture,cumin,downy mildew,farming,india,red,water_conservation"
Micronutrients,rice,sheath blight,What are effective weed control methods for rice that are safe and cheap?,Mn deficiency in rice causes grey speck and reduced growth. Use MnSO4 foliar (0.2–0.3%) at tillering/vegetative stage. Maintain balanced NPK to improve micronutrient efficiency. Keep records of inputs and yields each season to refine your plan.,"agriculture,farming,india,micronutrients,rice,sandy,sheath blight"
NPK Management,wheat,rust,Which irrigation method saves the most water for wheat without reducing yield?,"In wheat, excessive N without K increases lodging and disease. Maintain K at 50–60 kg/ha for stalk strength. Use 19:19:19 foliar at flowering for fruit set. Add FYM 5–10 t/ha for long-term soil health. Keep records of inputs and yields each season to refine your plan.","agriculture,black,farming,india,npk_management,rust,wheat"
IPM,maize,fusarium stalk rot,What is a good NPK plan for maize to avoid lodging and disease?,"For maize, integrate pheromone traps (10–12/ha), NSKE 5%, and targeted insecticides. Avoid prophylactic sprays. Train labor on safe handling and PPE use. Keep records of inputs and yields each season to refine your plan.","agriculture,black,farming,fusarium stalk rot,india,ipm,maize"
Weed Management,cotton,bacterial blight,What are effective weed control methods for cotton that are safe and cheap?,"For cotton, timely weeding (first 30 days) is critical. Use mechanical weeding or recommended herbicides. Avoid late weeding that damages roots. Maintain crop geometry for canopy closure. Keep records of inputs and yields each season to refine your plan.","agriculture,bacterial blight,cotton,farming,india,red,weed_management"
Protected Cultivation,sugarcane,red rot,What is a good NPK plan for sugarcane to avoid lodging and disease?,"Protected cultivation (shade nets, low tunnels) in sugarcane reduces pest and weather damage. Use drip fertigation and mulch. Monitor temperature and humidity to prevent diseases. Keep records of inputs and yields each season to refine your plan.","agriculture,alluvial,farming,india,protected_cultivation,red rot,sugarcane"
Greenhouse,soybean,frogeye leaf spot,What carbon farming practices can I adopt in soybean fields?,"For soybean, greenhouses enable year-round production. Use insect-proof nets, drip irrigation, and balanced fertigation. Train labor on climate management and IPM. Keep records of inputs and yields each season to refine your plan.","agriculture,farming,frogeye leaf spot,greenhouse,india,red,soybean"
Hydroponics,tomato,early blight,How does crop insurance work for tomato and how do I claim?,"In tomato, protected cultivation reduces pesticide use. Combine with biological controls and hygiene. Plan crop cycles to match market demand. Keep records of inputs and yields each season to refine your plan.","agriculture,alluvial,early blight,farming,hydroponics,india,tomato"
Carbon Farming,potato,mosaic virus,What GAP should I follow for potato to meet market and export standards?,"For potato, agroforestry and perennial systems sequester more carbon. Use diverse rotations and organic amendments. Maintain records for potential carbon income. Keep records of inputs and yields each season to refine your plan.","agriculture,carbon_farming,farming,india,loamy,mosaic virus,potato"
Regenerative Agriculture,onion,downy mildew,What weather conditions harm onion and how do I protect my crop?,"For onion, integrate trees, shrubs, and perennials to enhance resilience. Use organic amendments and biological pest control. Build local knowledge and community practices. Keep records of inputs and yields each season to refine your plan.","agriculture,clay,downy mildew,farming,india,onion,regenerative_agriculture"
GAP,chilli,powdery mildew,What weather conditions harm chilli and how do I protect my crop?,"In chilli, GAP improves product quality and reduces residues. Implement standard operating procedures for spraying, harvesting, and packing. Seek certification where markets demand it. Keep records of inputs and yields each season to refine your plan.","agriculture,black,chilli,farming,gap,india,powdery mildew"
Insurance,brinjal,alternaria leaf spot,What carbon farming practices can I adopt in brinjal fields?,"For brinjal, insurance complements good agronomy. Keep plot-wise records and photos of damage. Understand exclusions and claim processes. Pay premiums on time. Keep records of inputs and yields each season to refine your plan.","agriculture,alternaria leaf spot,brinjal,clay,farming,india,insurance"
Fertilizer,cabbage,alternaria leaf spot,How do I move towards regenerative agriculture in cabbage?,"For cabbage, start with a soil test. In most alluvial/loamy soils, apply 80–120 kg N/ha, 40–60 kg P2O5/ha, and 40–60 kg K2O/ha in splits. At sowing, place full P and K plus 1/3 N near the seed. Top-dress remaining N at tillering/vegetative stage and again at flowering. Add 5–10 t/ha FYM or compost before sowing. Use ZnSO4 (20–25 kg/ha) if deficient. Avoid excessive urea to prevent lodging and disease.","agriculture,alternaria leaf spot,cabbage,farming,fertilizer,india,red"
Disease,cauliflower,clubroot,How do I manage clubroot in cauliflower? What are the symptoms and spray schedule?,"In cauliflower, clubroot spreads in warm, humid conditions. Use protective sprays (mancozeb 0.25%) before monsoon peaks. Combine with resistant varieties and avoid overhead irrigation. Rotate with non-host crops to break disease cycles. Keep records of inputs and yields each season to refine your plan.","agriculture,cauliflower,clay,clubroot,disease,farming,india"
Pest,okra,powdery mildew,How can I increase yield in okra with better agronomy and protection?,"In okra, control shoot and fruit borer, aphids, jassids, whitefly with cultural methods: timely sowing, intercropping, and crop rotation. Use biopesticides (Bt, NPV) where available. Spot-spray outbreaks and avoid prophylactic sprays. Keep records of inputs and yields each season to refine your plan.","agriculture,farming,india,okra,pest,powdery mildew,red"
Irrigation,groundnut,stem rot,How do I store groundnut grains safely to avoid pests and mold?,"Use 4–6 irrigations for groundnut depending on soil and rainfall. First irrigation 20–25 days after sowing, then at tillering, flowering, and grain filling. Drip/fertigation saves 30–40% water and improves uniformity. Mulching reduces evaporation. Avoid late heavy irrigation to prevent lodging.","agriculture,clay,farming,groundnut,india,irrigation,stem rot"
Weather,mustard,alternaria leaf spot,When and how should I harvest mustard to get maximum yield and quality?,"For mustard, high humidity favors fungal diseases. Increase plant spacing, avoid overhead irrigation, and use protective fungicides before monsoon peaks. Use weather-based advisories for spray timing. Keep records of inputs and yields each season to refine your plan.","agriculture,alternaria leaf spot,farming,india,mustard,sandy,weather"
Soil,sunflower,alternaria leaf spot,Which irrigation method saves the most water for sunflower without reducing yield?,"In sunflower, soil testing every 2–3 years optimizes fertilizer use. Target OC >0.8%, available P >20 kg/ha, available K >200 kg/ha. Use micronutrients (Zn, B, S) based on deficiency symptoms and soil tests. Keep records of inputs and yields each season to refine your plan.","agriculture,alluvial,alternaria leaf spot,farming,india,soil,sunflower"
Government Scheme,bajra,rust,Which machines or implements are useful for bajra to save labor and time?,"For bajra, PMFBY provides yield-based insurance at low premium. Enroll through banks or CSC before sowing. Maintain plot-wise records and cooperate during crop cutting experiments for claim settlement. Keep records of inputs and yields each season to refine your plan.","agriculture,bajra,farming,government_scheme,india,rust,sandy"
Harvesting,jowar,rust,What is the best fertilizer dose and schedule for jowar in alluvial soil?,"Harvest jowar at physiological maturity: grains at 20–22% moisture, pods when 80–90% brown. Avoid delayed harvest to reduce shattering and field losses. Use combine harvesters where feasible; dry grains to 12–14% before storage. Keep records of inputs and yields each season to refine your plan.","agriculture,alluvial,farming,harvesting,india,jowar,rust"
Marketing,ragi,smut,How should I plan crop rotation with ragi to improve soil health?,"In ragi, state schemes may offer seed subsidies, drip irrigation support, and power concessions. Keep Aadhaar, land records, and bank details updated for scheme benefits. Use KCC for working capital and input purchases. Keep records of inputs and yields each season to refine your plan.","agriculture,farming,india,marketing,ragi,red,smut"
Organic Farming,gram,wilt,What water conservation practices work best for gram in my area?,"In gram, organic systems need strong IPM: traps, biocontrol agents, and botanicals. Ensure adequate K and micronutrients from organic sources. Plan harvest and post-harvest to maintain organic integrity. Keep records of inputs and yields each season to refine your plan.","agriculture,black,farming,gram,india,organic_farming,wilt"
Yield Improvement,pigeon pea,phytophthora blight,"What are the signs of Zn, B, or S deficiency in pigeon pea and how do I correct them?","For pigeon pea, integrate agronomy and protection: quality seeds, seed treatment, balanced fertilizers, and need-based sprays. Avoid late sowing and water stress during reproductive stages. Keep records of inputs and yields each season to refine your plan.","agriculture,farming,india,phytophthora blight,pigeon pea,sandy,yield_improvement"
Seed Selection,green gram,bacterial leaf spot,"What soil type and pH are ideal for green gram, and how do I improve my soil?","For green gram, seed treatment reduces seed-borne diseases. Use hot water treatment or solarization for some crops. Label bags with variety, lot, and date. Keep records of inputs and yields each season to refine your plan.","agriculture,bacterial leaf spot,farming,green gram,india,loamy,seed_selection"
Storage,black gram,bacterial leaf spot,Which government schemes can I use for black gram cultivation and marketing?,"Store black gram grains at 12–14% moisture in clean, dry, rodent-proof structures. Treat storage area with malathion dust. Use hermetic bags or PICS bags for pulses. Fumigate with aluminum phosphide if needed, following safety protocols. Keep records of inputs and yields each season to refine your plan.","agriculture,bacterial leaf spot,black gram,farming,india,red,storage"
Post-Harvest,banana,bacterial wilt,Which machines or implements are useful for banana to save labor and time?,"In banana, fumigation should be done by trained personnel. Seal stores properly, use recommended doses, and observe aeration periods before sale or consumption. Keep records of inputs and yields each season to refine your plan.","agriculture,bacterial wilt,banana,black,farming,india,post-harvest"
Mechanization,mango,powdery mildew,What are effective weed control methods for mango that are safe and cheap?,"For mango, mechanization (seed drills, rotavators, harvesters) reduces cost and timeliness losses. Calibrate equipment for correct seed rate and spacing. Maintain machines regularly for safety and efficiency. Keep records of inputs and yields each season to refine your plan.","agriculture,alluvial,farming,india,mango,mechanization,powdery mildew"
Intercropping,papaya,anthracnose,"What are the signs of Zn, B, or S deficiency in papaya and how do I correct them?","Intercropping papaya with legumes improves soil N and reduces pest pressure. Use compatible row ratios (e.g., 2:1 or 4:2). Manage nutrients and irrigation for both crops. Keep records of inputs and yields each season to refine your plan.","agriculture,anthracnose,farming,india,intercropping,loamy,papaya"
Crop Rotation,grapes,anthracnose,How do I practice organic farming in grapes without losing yield?,"For grapes, integrate livestock or agroforestry in rotations for diversification. Use manure and compost to recycle nutrients. Monitor soil tests to adjust rotations. Keep records of inputs and yields each season to refine your plan.","agriculture,anthracnose,crop_rotation,farming,grapes,india,loamy"
Water Conservation,pomegranate,leaf spot,How do I move towards regenerative agriculture in pomegranate?,"In pomegranate, deficit irrigation at vegetative stage saves water without yield loss. Use crop residues as mulch to reduce evaporation. Monitor weather forecasts to avoid irrigation before rain. Keep records of inputs and yields each season to refine your plan.","agriculture,farming,india,laterite,leaf spot,pomegranate,water_conservation"
Micronutrients,citrus,leaf miner damage,When and how should I harvest citrus to get maximum yield and quality?,Fe deficiency in citrus shows as interveinal chlorosis in young leaves. Apply Fe-EDDHA foliar (0.5%) or chelated Fe with irrigation. Improve drainage and avoid high pH soils. Keep records of inputs and yields each season to refine your plan.,"agriculture,citrus,farming,india,leaf miner damage,micronutrients,red"
NPK Management,turmeric,bacterial leaf streak,What GAP should I follow for turmeric to meet market and export standards?,"In turmeric, excessive N without K increases lodging and disease. Maintain K at 50–60 kg/ha for stalk strength. Use 19:19:19 foliar at flowering for fruit set. Add FYM 5–10 t/ha for long-term soil health. Keep records of inputs and yields each season to refine your plan.","agriculture,bacterial leaf streak,farming,india,npk_management,sandy,turmeric"
IPM,ginger,thrips damage,How do I practice organic farming in ginger without losing yield?,"In ginger, light traps and bird perches help manage nocturnal pests. Maintain field hygiene and remove weed hosts. Use need-based sprays only when ETL is crossed. Keep records of inputs and yields each season to refine your plan.","agriculture,farming,ginger,india,ipm,loamy,thrips damage"
Weed Management,garlic,stemphylium blight,What is the best fertilizer dose and schedule for garlic in clay soil?,"In garlic, integrate cultural (crop rotation, cover crops), mechanical (hoeing), and chemical weed control. Use herbicide-tolerant varieties where available. Rotate herbicide modes of action to prevent resistance. Keep records of inputs and yields each season to refine your plan.","agriculture,clay,farming,garlic,india,stemphylium blight,weed_management"
Protected Cultivation,coriander,bacterial leaf spot,What are effective weed control methods for coriander that are safe and cheap?,"In coriander, protected cultivation reduces pesticide use. Combine with biological controls and hygiene. Plan crop cycles to match market demand. Keep records of inputs and yields each season to refine your plan.","agriculture,bacterial leaf spot,coriander,farming,india,protected_cultivation,red"
Greenhouse,cumin,aphid damage,"What are the signs of Zn, B, or S deficiency in cumin and how do I correct them?","For cumin, polyhouses improve yield and quality. Install fans and foggers for climate control. Use reflective mulch and trellising for better light distribution. Keep records of inputs and yields each season to refine your plan.","agriculture,aphid damage,cumin,farming,greenhouse,india,sandy"
Hydroponics,rice,tungro virus,What carbon farming practices can I adopt in rice fields?,"For rice, greenhouses enable year-round production. Use insect-proof nets, drip irrigation, and balanced fertigation. Train labor on climate management and IPM. Keep records of inputs and yields each season to refine your plan.","agriculture,farming,hydroponics,india,laterite,rice,tungro virus"
Carbon Farming,wheat,alternaria leaf blight,What GAP should I follow for wheat to meet market and export standards?,"For wheat, agroforestry and perennial systems sequester more carbon. Use diverse rotations and organic amendments. Maintain records for potential carbon income. Keep records of inputs and yields each season to refine your plan.","agriculture,alternaria leaf blight,carbon_farming,farming,india,laterite,wheat"
Regenerative Agriculture,maize,stem borer damage,Which machines or implements are useful for maize to save labor and time?,"In maize, combine traditional knowledge with modern science for regenerative outcomes. Use participatory trials and share results with neighbors. Seek technical support from agriculture departments. Keep records of inputs and yields each season to refine your plan.","agriculture,alluvial,farming,india,maize,regenerative_agriculture,stem borer damage"
GAP,cotton,pink bollworm damage,How does crop insurance work for cotton and how do I claim?,"For cotton, GAP covers seed quality, soil health, water management, and worker safety. Use protective gear, calibrate sprayers, and keep input records. Train labor on safe handling. Keep records of inputs and yields each season to refine your plan.","agriculture,black,cotton,farming,gap,india,pink bollworm damage"
Insurance,sugarcane,ratoon stunting disease,When and how should I harvest sugarcane to get maximum yield and quality?,"For sugarcane, insurance complements good agronomy. Keep plot-wise records and photos of damage. Understand exclusions and claim processes. Pay premiums on time. Keep records of inputs and yields each season to refine your plan.","agriculture,farming,india,insurance,ratoon stunting disease,red,sugarcane"
Fertilizer,soybean,yellow mosaic virus,How do I store soybean grains safely to avoid pests and mold?,"For soybean, target 120–150 kg N/ha in high-yield zones. Use 50% N at sowing, 25% at tillering, 25% at panicle initiation. Apply 60 kg P2O5 and 40–60 kg K2O basally. In acidic soils, liming (2–5 t/ha) improves P availability. Use 10–15 t/ha FYM for soil health. Foliar 2% urea at flowering can help under stress.","agriculture,black,farming,fertilizer,india,soybean,yellow mosaic virus"
Disease,tomato,powdery mildew,How does crop insurance work for tomato and how do I claim?,"In tomato, powdery mildew shows white powdery growth on leaves and stems. Prevent by using certified seeds, crop rotation, and balanced NPK. For fungal diseases, spray mancozeb 0.25% or carbendazim 0.1% at first sign. Improve drainage and avoid late evening irrigation. Remove infected debris.","agriculture,clay,disease,farming,india,powdery mildew,tomato"
Pest,potato,mosaic virus,How do I set up protected cultivation or greenhouse for potato?,"For potato, integrate mechanical (handpicking), biological (Trichogramma), and chemical controls. Avoid tank mixes that harm beneficials. Follow label doses and pre-harvest intervals. Keep records of inputs and yields each season to refine your plan.","agriculture,farming,india,laterite,mosaic virus,pest,potato"
Irrigation,onion,downy mildew,How do I move towards regenerative agriculture in onion?,"For onion, maintain even moisture. Deficit at flowering reduces yield by 20–30%. Use alternate furrow irrigation or drip to improve water use efficiency. In water-scarce areas, adopt zero-till and mulching to conserve moisture. Keep records of inputs and yields each season to refine your plan.","agriculture,downy mildew,farming,india,irrigation,onion,sandy"
Weather,chilli,powdery mildew,How do I store chilli grains safely to avoid pests and mold?,"Heavy rain during flowering of chilli causes pollen wash and yield loss. Ensure drainage, use raised beds, and avoid late nitrogen. If lodging risk exists, reduce N and increase K. Keep records of inputs and yields each season to refine your plan.","agriculture,chilli,farming,india,laterite,powdery mildew,weather"
Soil,brinjal,fruit rot,How does crop insurance work for brinjal and how do I claim?,"Best soils for brinjal are deep, well-drained loamy to clay loam with pH 6.0–7.5. In black soils, ensure good drainage to avoid root diseases. In red soils, add 4–6 t/ha FYM and 20–25 kg/ha ZnSO4. In sandy soils, increase organic matter and use split fertilizer doses.","agriculture,brinjal,clay,farming,fruit rot,india,soil"
Government Scheme,cabbage,clubroot,What weather conditions harm cabbage and how do I protect my crop?,"In cabbage, agri-business ideas can access credit via NABARD and agri-clinics schemes. Explore FPO formation, common facility centers, and market linkage programs. Check state horticulture missions for post-harvest support. Keep records of inputs and yields each season to refine your plan.","agriculture,cabbage,clubroot,farming,government_scheme,india,red"
Harvesting,cauliflower,clubroot,What are good intercropping options with cauliflower to increase income?,"For cauliflower, harvest in dry weather. Use sharp sickles or mechanical harvesters to minimize losses. Dry produce to safe moisture (grains 12–14%, pulses 10–12%) before storage. Clean and grade before marketing. Keep records of inputs and yields each season to refine your plan.","agriculture,black,cauliflower,clubroot,farming,harvesting,india"
Marketing,okra,yellow vein mosaic,"How can I control shoot and fruit borer, aphids, jassids, whitefly in okra using IPM and reduce chemical sprays?","For okra, PMFBY provides yield-based insurance at low premium. Enroll through banks or CSC before sowing. Maintain plot-wise records and cooperate during crop cutting experiments for claim settlement. Keep records of inputs and yields each season to refine your plan.","agriculture,farming,india,laterite,marketing,okra,yellow vein mosaic"
Organic Farming,groundnut,collar rot,What water conservation practices work best for groundnut in my area?,"For organic groundnut, use Jeevamrut, Panchagavya, and Amritpani as foliar sprays. Manage weeds mechanically and through mulching. Build soil health with diverse rotations and cover crops. Keep records of inputs and yields each season to refine your plan.","agriculture,collar rot,farming,groundnut,india,loamy,organic_farming"
Yield Improvement,mustard,aphid damage,What GAP should I follow for mustard to meet market and export standards?,"In mustard, precision practices (line sowing, fertigation, leaf color chart for N) raise yields. Use crop-specific advisories and weather-based inputs. Maintain field records for next season planning. Keep records of inputs and yields each season to refine your plan.","agriculture,aphid damage,farming,india,loamy,mustard,yield_improvement"
Seed Selection,sunflower,head rot,What are good intercropping options with sunflower to increase income?,"For sunflower, seed treatment reduces seed-borne diseases. Use hot water treatment or solarization for some crops. Label bags with variety, lot, and date. Keep records of inputs and yields each season to refine your plan.","agriculture,clay,farming,head rot,india,seed_selection,sunflower"
Storage,bajra,smut,How do I select and treat seeds for bajra to improve germination?,"For bajra, maintain ventilation in stores. Use insect-proof screens. In humid areas, prefer hermetic storage. Avoid storing near chemicals or fertilizers to prevent contamination. Keep records of inputs and yields each season to refine your plan.","agriculture,bajra,farming,india,sandy,smut,storage"
Post-Harvest,jowar,downy mildew,How do I store jowar grains safely to avoid pests and mold?,"In jowar, high moisture leads to mold and mycotoxins. Dry to safe levels, use moisture-proof liners, and keep bags off the floor on pallets. Inspect regularly for pests and dampness. Keep records of inputs and yields each season to refine your plan.","agriculture,clay,downy mildew,farming,india,jowar,post-harvest"
Mechanization,ragi,bacterial leaf streak,How do I set up protected cultivation or greenhouse for ragi?,"In ragi, use power tillers or tractors with appropriate implements. Adopt zero-till where feasible to save time and fuel. Train operators on safe handling and maintenance. Keep records of inputs and yields each season to refine your plan.","agriculture,bacterial leaf streak,farming,india,laterite,mechanization,ragi"
Intercropping,gram,ascochyta blight,Which irrigation method saves the most water for gram without reducing yield?,"In gram, intercropping breaks pest cycles and improves biodiversity. Select crops with different canopy heights and root depths. Monitor for pest shifts and adjust management. Keep records of inputs and yields each season to refine your plan.","agriculture,ascochyta blight,farming,gram,india,intercropping,laterite"
Crop Rotation,pigeon pea,sterility mosaic,"What are the signs of Zn, B, or S deficiency in pigeon pea and how do I correct them?","In pigeon pea, rotation reduces soil-borne diseases and weeds. Select crops with different nutrient demands. Maintain field records to plan rotations effectively. Keep records of inputs and yields each season to refine your plan.","agriculture,alluvial,crop_rotation,farming,india,pigeon pea,sterility mosaic"
Water Conservation,green gram,bacterial leaf spot,"How can I control pod borer, aphids, whitefly, thrips in green gram using IPM and reduce chemical sprays?","For green gram, use alternate wetting and drying (AWD) where feasible. Recycle field drainage and harvest rainwater in ponds. Maintain field bunds and channels. Keep records of inputs and yields each season to refine your plan.","agriculture,bacterial leaf spot,black,farming,green gram,india,water_conservation"
Micronutrients,black gram,yellow mosaic virus,How do I move towards regenerative agriculture in black gram?,B deficiency in black gram causes poor fruit set and hollow stems. Apply borax (10–15 kg/ha) or foliar 0.2% boron at flowering. Avoid overuse; excess B is toxic. Keep records of inputs and yields each season to refine your plan.,"agriculture,black gram,farming,india,laterite,micronutrients,yellow mosaic virus"
NPK Management,banana,sigatoka leaf spot,What are effective weed control methods for banana that are safe and cheap?,"In banana, high K improves water use efficiency and disease resistance. Apply K in splits; avoid late heavy K. Use SOP or MOP based on crop and soil Cl tolerance. Keep records of inputs and yields each season to refine your plan.","agriculture,banana,black,farming,india,npk_management,sigatoka leaf spot"
IPM,mango,bacterial canker,How can I increase yield in mango with better agronomy and protection?,"In mango, light traps and bird perches help manage nocturnal pests. Maintain field hygiene and remove weed hosts. Use need-based sprays only when ETL is crossed. Keep records of inputs and yields each season to refine your plan.","agriculture,bacterial canker,farming,india,ipm,loamy,mango"
Weed Management,papaya,ring spot virus,What are effective weed control methods for papaya that are safe and cheap?,"For papaya, hand weeding is effective but labor-intensive. Combine with pre-emergence sprays and mulching. Keep field borders clean to reduce weed seed bank. Keep records of inputs and yields each season to refine your plan.","agriculture,farming,india,papaya,red,ring spot virus,weed_management"
Protected Cultivation,grapes,botrytis bunch rot,What is the best fertilizer dose and schedule for grapes in sandy soil?,"In grapes, protected cultivation reduces pesticide use. Combine with biological controls and hygiene. Plan crop cycles to match market demand. Keep records of inputs and yields each season to refine your plan.","agriculture,botrytis bunch rot,farming,grapes,india,protected_cultivation,sandy"
Greenhouse,pomegranate,fruit rot,What is the best fertilizer dose and schedule for pomegranate in laterite soil?,"In pomegranate, hydroponics saves water and nutrients. Maintain EC and pH in recommended ranges. Use sterile media and prevent root diseases with sanitation. Keep records of inputs and yields each season to refine your plan.","agriculture,farming,fruit rot,greenhouse,india,laterite,pomegranate"
Hydroponics,citrus,powdery mildew,How do I implement IPM in citrus step by step?,"For citrus, polyhouses improve yield and quality. Install fans and foggers for climate control. Use reflective mulch and trellising for better light distribution. Keep records of inputs and yields each season to refine your plan.","agriculture,citrus,clay,farming,hydroponics,india,powdery mildew"
Carbon Farming,turmeric,thrips damage,What GAP should I follow for turmeric to meet market and export standards?,"In turmeric, precision fertilizer use reduces N2O emissions. Use urease inhibitors and split N applications. Combine with renewable energy for irrigation. Keep records of inputs and yields each season to refine your plan.","agriculture,carbon_farming,farming,india,sandy,thrips damage,turmeric"
Regenerative Agriculture,ginger,thrips damage,How do I select and treat seeds for ginger to improve germination?,"For ginger, integrate trees, shrubs, and perennials to enhance resilience. Use organic amendments and biological pest control. Build local knowledge and community practices. Keep records of inputs and yields each season to refine your plan.","agriculture,farming,ginger,india,red,regenerative_agriculture,thrips damage"
GAP,garlic,bacterial soft rot,How do I select and treat seeds for garlic to improve germination?,"Good Agricultural Practices (GAP) in garlic include record-keeping, safe pesticide use, and traceability. Follow pre-harvest intervals and maintain field hygiene. Adopt GAP for market access and premiums. Keep records of inputs and yields each season to refine your plan.","agriculture,bacterial soft rot,farming,gap,garlic,india,laterite"
Insurance,coriander,alternaria blight,What carbon farming practices can I adopt in coriander fields?,"For coriander, explore state-specific insurance top-ups and micro-insurance. Maintain communication with insurance agents. File claims promptly with required documents. Keep records of inputs and yields each season to refine your plan.","agriculture,alluvial,alternaria blight,coriander,farming,india,insurance"
Fertilizer,cumin,powdery mildew,How can I increase yield in cumin with better agronomy and protection?,"Use 60–100 kg N/ha for cumin depending on rainfall and soil. Apply basal NPK (12:32:16 or 15:15:15) at 150–200 kg/ha at sowing, then top-dress urea in 2–3 splits. Include 20–25 kg/ha ZnSO4 where soils are alkaline. For irrigated conditions, split N at vegetative, flowering, and pod/fruit setting. In rainfed areas, use slow-release N and mulch to reduce losses.","agriculture,clay,cumin,farming,fertilizer,india,powdery mildew"
Disease,rice,sheath blight,What is the best fertilizer dose and schedule for rice in loamy soil?,"In rice, sheath blight spreads in warm, humid conditions. Use protective sprays (mancozeb 0.25%) before monsoon peaks. Combine with resistant varieties and avoid overhead irrigation. Rotate with non-host crops to break disease cycles. Keep records of inputs and yields each season to refine your plan.","agriculture,disease,farming,india,loamy,rice,sheath blight"
Pest,wheat,alternaria leaf blight,What carbon farming practices can I adopt in wheat fields?,"Common pests in wheat include aphids, armyworm, termites, grasshoppers. Monitor with pheromone traps (10–12/ha). Use need-based sprays: emamectin benzoate or spinosad for larvae; imidacloprid for sucking pests. Preserve natural enemies; avoid broad-spectrum sprays early. Keep records of inputs and yields each season to refine your plan.","agriculture,alternaria leaf blight,farming,india,loamy,pest,wheat"
Irrigation,maize,stem borer damage,What are effective weed control methods for maize that are safe and cheap?,"Use 4–6 irrigations for maize depending on soil and rainfall. First irrigation 20–25 days after sowing, then at tillering, flowering, and grain filling. Drip/fertigation saves 30–40% water and improves uniformity. Mulching reduces evaporation. Avoid late heavy irrigation to prevent lodging.","agriculture,farming,india,irrigation,maize,sandy,stem borer damage"
Weather,cotton,alternaria leaf spot,How do I manage alternaria leaf spot in cotton? What are the symptoms and spray schedule?,"In drought-prone areas, select short-duration cotton varieties. Use mulching, zero-till, and deficit irrigation. Apply 2% KNO3 foliar to mitigate heat stress. Avoid late sowing in rainfed zones. Keep records of inputs and yields each season to refine your plan.","agriculture,alternaria leaf spot,cotton,farming,india,red,weather"
Soil,sugarcane,leaf scald,When and how should I harvest sugarcane to get maximum yield and quality?,"For sugarcane, avoid continuous monocropping. Rotate with legumes to improve N and soil health. Add 5–10 t/ha FYM and practice conservation tillage to enhance infiltration and reduce erosion. Keep records of inputs and yields each season to refine your plan.","agriculture,alluvial,farming,india,leaf scald,soil,sugarcane"
Government Scheme,soybean,frogeye leaf spot,How does crop insurance work for soybean and how do I claim?,"For soybean, PMFBY provides yield-based insurance at low premium. Enroll through banks or CSC before sowing. Maintain plot-wise records and cooperate during crop cutting experiments for claim settlement. Keep records of inputs and yields each season to refine your plan.","agriculture,alluvial,farming,frogeye leaf spot,government_scheme,india,soybean"
Harvesting,tomato,bacterial wilt,What are effective weed control methods for tomato that are safe and cheap?,"In tomato, early harvest reduces field losses and aflatoxin risk. Dry on clean tarps; avoid direct soil contact. Use moisture meters to ensure safe storage levels. Store in fumigated, rodent-proof structures. Keep records of inputs and yields each season to refine your plan.","agriculture,bacterial wilt,clay,farming,harvesting,india,tomato"
Marketing,potato,late blight,What is the best fertilizer dose and schedule for potato in laterite soil?,"In potato, agri-business ideas can access credit via NABARD and agri-clinics schemes. Explore FPO formation, common facility centers, and market linkage programs. Check state horticulture missions for post-harvest support. Keep records of inputs and yields each season to refine your plan.","agriculture,farming,india,late blight,laterite,marketing,potato"
Organic Farming,onion,purple blotch,How do I store onion grains safely to avoid pests and mold?,"For organic onion, use well-decomposed FYM (10–15 t/ha), vermicompost (2–3 t/ha), and biofertilizers (Rhizobium, PSB, Azotobacter). Avoid synthetic fertilizers and pesticides. Use neem-based products and botanicals for pest control. Keep records of inputs and yields each season to refine your plan.","agriculture,alluvial,farming,india,onion,organic_farming,purple blotch"
Yield Improvement,chilli,anthracnose,What is the best fertilizer dose and schedule for chilli in clay soil?,"For chilli, target 10–15% higher yield by adopting improved varieties, micro-irrigation, and INM. Ensure timely sowing, proper spacing, and timely weeding. Use foliar nutrients at critical stages. Keep records of inputs and yields each season to refine your plan.","agriculture,anthracnose,chilli,clay,farming,india,yield_improvement"
Seed Selection,brinjal,bacterial wilt,What is the best fertilizer dose and schedule for brinjal in clay soil?,"In brinjal, procure seeds from certified agencies. Check germination before sowing; aim for >85%. Avoid storage in humid conditions. Keep records of inputs and yields each season to refine your plan.","agriculture,bacterial wilt,brinjal,clay,farming,india,seed_selection"
Storage,cabbage,downy mildew,"How can I control diamondback moth, aphids, head borer in cabbage using IPM and reduce chemical sprays?","For cabbage, maintain ventilation in stores. Use insect-proof screens. In humid areas, prefer hermetic storage. Avoid storing near chemicals or fertilizers to prevent contamination. Keep records of inputs and yields each season to refine your plan.","agriculture,cabbage,downy mildew,farming,india,red,storage"
Post-Harvest,cauliflower,black rot,When and how should I harvest cauliflower to get maximum yield and quality?,"For cauliflower, maintain ventilation in stores. Use insect-proof screens. In humid areas, prefer hermetic storage. Avoid storing near chemicals or fertilizers to prevent contamination. Keep records of inputs and yields each season to refine your plan.","agriculture,black rot,cauliflower,farming,india,loamy,post-harvest"
Mechanization,okra,bacterial leaf spot,What is a good NPK plan for okra to avoid lodging and disease?,"In okra, use power tillers or tractors with appropriate implements. Adopt zero-till where feasible to save time and fuel. Train operators on safe handling and maintenance. Keep records of inputs and yields each season to refine your plan.","agriculture,bacterial leaf spot,clay,farming,india,mechanization,okra"
Intercropping,groundnut,collar rot,What GAP should I follow for groundnut to meet market and export standards?,"Intercropping groundnut with legumes improves soil N and reduces pest pressure. Use compatible row ratios (e.g., 2:1 or 4:2). Manage nutrients and irrigation for both crops. Keep records of inputs and yields each season to refine your plan.","agriculture,collar rot,farming,groundnut,india,intercropping,loamy"
Crop Rotation,mustard,white rust,"What soil type and pH are ideal for mustard, and how do I improve my soil?","In mustard, plan rotations around water availability. Use drought-tolerant crops in dry years and high-value crops in wet years. Maintain soil cover year-round. Keep records of inputs and yields each season to refine your plan.","agriculture,alluvial,crop_rotation,farming,india,mustard,white rust"
Water Conservation,sunflower,downy mildew,How should I plan crop rotation with sunflower to improve soil health?,"For sunflower, line canals and use pipes to reduce conveyance losses. Adopt laser leveling for uniform water distribution. Train farmers on efficient irrigation practices. Keep records of inputs and yields each season to refine your plan.","agriculture,alluvial,downy mildew,farming,india,sunflower,water_conservation"
Micronutrients,bajra,blast,When and how should I harvest bajra to get maximum yield and quality?,"Zn deficiency in bajra shows as interveinal chlorosis and stunting. Apply ZnSO4 (20–25 kg/ha) basally or foliar 0.5% ZnSO4 + 0.25% lime. In alkaline soils, band Zn near roots for better uptake. Keep records of inputs and yields each season to refine your plan.","agriculture,bajra,blast,farming,india,micronutrients,sandy"
NPK Management,jowar,rust,How do I set up protected cultivation or greenhouse for jowar?,"In jowar, excessive N without K increases lodging and disease. Maintain K at 50–60 kg/ha for stalk strength. Use 19:19:19 foliar at flowering for fruit set. Add FYM 5–10 t/ha for long-term soil health. Keep records of inputs and yields each season to refine your plan.","agriculture,farming,india,jowar,npk_management,rust,sandy"
IPM,ragi,blast,How does crop insurance work for ragi and how do I claim?,"For ragi, combine mechanical (handpicking), biological (parasitoids), and chemical controls. Calibrate sprayers; apply at correct growth stage. Follow pre-harvest intervals and safety norms. Keep records of inputs and yields each season to refine your plan.","agriculture,blast,farming,india,ipm,ragi,sandy"
Weed Management,gram,alternaria blight,"What soil type and pH are ideal for gram, and how do I improve my soil?","In gram, avoid waterlogging which favors weeds. Use narrow row spacing and early canopy closure to suppress weeds. Scout fields regularly and remove weeds before seed set. Keep records of inputs and yields each season to refine your plan.","agriculture,alternaria blight,clay,farming,gram,india,weed_management"
Protected Cultivation,pigeon pea,wilt,What are good intercropping options with pigeon pea to increase income?,"For pigeon pea, polyhouses improve yield and quality. Install fans and foggers for climate control. Use reflective mulch and trellising for better light distribution. Keep records of inputs and yields each season to refine your plan.","agriculture,alluvial,farming,india,pigeon pea,protected_cultivation,wilt"
Greenhouse,green gram,anthracnose,Which machines or implements are useful for green gram to save labor and time?,"In green gram, hydroponics saves water and nutrients. Maintain EC and pH in recommended ranges. Use sterile media and prevent root diseases with sanitation. Keep records of inputs and yields each season to refine your plan.","agriculture,anthracnose,black,farming,green gram,greenhouse,india"
Hydroponics,black gram,powdery mildew,What are effective weed control methods for black gram that are safe and cheap?,"For black gram, polyhouses improve yield and quality. Install fans and foggers for climate control. Use reflective mulch and trellising for better light distribution. Keep records of inputs and yields each season to refine your plan.","agriculture,black gram,clay,farming,hydroponics,india,powdery mildew"
Carbon Farming,banana,panama wilt,What is a good NPK plan for banana to avoid lodging and disease?,"For banana, integrate livestock and manure management to recycle nutrients and carbon. Use compost and biochar where feasible. Monitor soil health indicators. Keep records of inputs and yields each season to refine your plan.","agriculture,banana,carbon_farming,farming,india,laterite,panama wilt"
Regenerative Agriculture,mango,powdery mildew,What weather conditions harm mango and how do I protect my crop?,"In mango, combine traditional knowledge with modern science for regenerative outcomes. Use participatory trials and share results with neighbors. Seek technical support from agriculture departments. Keep records of inputs and yields each season to refine your plan.","agriculture,farming,india,laterite,mango,powdery mildew,regenerative_agriculture"
GAP,papaya,anthracnose,What are good intercropping options with papaya to increase income?,"For papaya, GAP aligns with food safety and export requirements. Maintain field maps, input logs, and harvest records. Use clean containers and cold chain where needed. Keep records of inputs and yields each season to refine your plan.","agriculture,anthracnose,farming,gap,india,loamy,papaya"
Insurance,grapes,black rot,What GAP should I follow for grapes to meet market and export standards?,"In grapes, combine insurance with savings and credit for resilience. Diversify crops and income sources. Seek advisory on risk reduction and insurance options. Keep records of inputs and yields each season to refine your plan.","agriculture,black rot,farming,grapes,india,insurance,laterite"
Fertilizer,pomegranate,leaf spot,How do I store pomegranate grains safely to avoid pests and mold?,"For pomegranate, start with a soil test. In most alluvial/loamy soils, apply 80–120 kg N/ha, 40–60 kg P2O5/ha, and 40–60 kg K2O/ha in splits. At sowing, place full P and K plus 1/3 N near the seed. Top-dress remaining N at tillering/vegetative stage and again at flowering. Add 5–10 t/ha FYM or compost before sowing. Use ZnSO4 (20–25 kg/ha) if deficient. Avoid excessive urea to prevent lodging and disease.","agriculture,alluvial,farming,fertilizer,india,leaf spot,pomegranate"
Disease,citrus,powdery mildew,How do I store citrus grains safely to avoid pests and mold?,"In citrus, powdery mildew spreads in warm, humid conditions. Use protective sprays (mancozeb 0.25%) before monsoon peaks. Combine with resistant varieties and avoid overhead irrigation. Rotate with non-host crops to break disease cycles. Keep records of inputs and yields each season to refine your plan.","agriculture,citrus,disease,farming,india,laterite,powdery mildew"
Pest,turmeric,thrips damage,What carbon farming practices can I adopt in turmeric fields?,"In turmeric, pests like rhizome scale, thrips, shoot borer cause yield loss. Use sticky traps for whiteflies/aphids. Apply recommended insecticides at correct doses. Maintain field hygiene and remove weed hosts. Keep records of inputs and yields each season to refine your plan.","agriculture,farming,india,loamy,pest,thrips damage,turmeric"
Irrigation,ginger,rhizome rot,How do I select and treat seeds for ginger to improve germination?,"In ginger, schedule irrigation based on soil type: sandy soils need frequent light irrigation; clay soils need fewer but deeper irrigations. Use tensiometer at 15–20 cm depth; irrigate at −20 to −30 kPa. Avoid drought at flowering to prevent yield loss.","agriculture,black,farming,ginger,india,irrigation,rhizome rot"
Weather,garlic,downy mildew,When and how should I harvest garlic to get maximum yield and quality?,"In drought-prone areas, select short-duration garlic varieties. Use mulching, zero-till, and deficit irrigation. Apply 2% KNO3 foliar to mitigate heat stress. Avoid late sowing in rainfed zones. Keep records of inputs and yields each season to refine your plan.","agriculture,downy mildew,farming,garlic,india,laterite,weather"
Soil,coriander,bacterial leaf spot,Which government schemes can I use for coriander cultivation and marketing?,"In coriander, heavy clay soils need raised beds and proper drainage. Sandy soils benefit from mulching and frequent light irrigations. Loamy soils are ideal; maintain OC with crop residues and manures. Keep records of inputs and yields each season to refine your plan.","agriculture,alluvial,bacterial leaf spot,coriander,farming,india,soil"
Government Scheme,cumin,downy mildew,What is the best fertilizer dose and schedule for cumin in loamy soil?,"In cumin, agri-business ideas can access credit via NABARD and agri-clinics schemes. Explore FPO formation, common facility centers, and market linkage programs. Check state horticulture missions for post-harvest support. Keep records of inputs and yields each season to refine your plan.","agriculture,cumin,downy mildew,farming,government_scheme,india,loamy"
Harvesting,rice,brown spot,How do I store rice grains safely to avoid pests and mold?,"For rice, harvest at correct stage to maintain quality. Handle gently to avoid bruising. Sort and grade immediately; pack in clean, dry containers. Avoid evening harvest in high humidity to reduce disease. Keep records of inputs and yields each season to refine your plan.","agriculture,black,brown spot,farming,harvesting,india,rice"
Marketing,wheat,karnal bunt,How does crop insurance work for wheat and how do I claim?,"For wheat, MSP announcements and procurement vary by state. Register on e-NAM for better market access. FPO membership can improve bargaining power. Explore agri-infrastructure funds for storage and processing. Keep records of inputs and yields each season to refine your plan.","agriculture,farming,india,karnal bunt,loamy,marketing,wheat"
Organic Farming,maize,downy mildew,How do I move towards regenerative agriculture in maize?,"In maize, organic systems need strong IPM: traps, biocontrol agents, and botanicals. Ensure adequate K and micronutrients from organic sources. Plan harvest and post-harvest to maintain organic integrity. Keep records of inputs and yields each season to refine your plan.","agriculture,downy mildew,farming,india,maize,organic_farming,sandy"
Yield Improvement,cotton,alternaria leaf spot,What is the best fertilizer dose and schedule for cotton in clay soil?,"To improve yield in cotton, use certified seeds, optimal plant population, and balanced NPK. Manage pests/diseases proactively and avoid water stress at flowering. Harvest at correct maturity and dry properly. Keep records of inputs and yields each season to refine your plan.","agriculture,alternaria leaf spot,clay,cotton,farming,india,yield_improvement"
Seed Selection,sugarcane,ratoon stunting disease,How do I implement IPM in sugarcane step by step?,"For sugarcane, select seeds from healthy plants, free from disease. Maintain seed purity and avoid mixing varieties. Use seed replacement every 2–3 years for best results. Keep records of inputs and yields each season to refine your plan.","agriculture,farming,india,ratoon stunting disease,red,seed_selection,sugarcane"
Storage,soybean,frogeye leaf spot,How should I plan crop rotation with soybean to improve soil health?,"In soybean, high moisture leads to mold and mycotoxins. Dry to safe levels, use moisture-proof liners, and keep bags off the floor on pallets. Inspect regularly for pests and dampness. Keep records of inputs and yields each season to refine your plan.","agriculture,farming,frogeye leaf spot,india,sandy,soybean,storage"
Post-Harvest,tomato,leaf curl virus,Which machines or implements are useful for tomato to save labor and time?,"In tomato, high moisture leads to mold and mycotoxins. Dry to safe levels, use moisture-proof liners, and keep bags off the floor on pallets. Inspect regularly for pests and dampness. Keep records of inputs and yields each season to refine your plan.","agriculture,farming,india,leaf curl virus,loamy,post-harvest,tomato"
Mechanization,potato,mosaic virus,What are good intercropping options with potato to increase income?,"For potato, combine harvesters reduce field losses but require proper adjustment. Use moisture meters to decide harvest time. Store machinery under cover to extend life. Keep records of inputs and yields each season to refine your plan.","agriculture,farming,india,mechanization,mosaic virus,potato,sandy"
Intercropping,onion,neck rot,How can I increase yield in onion with better agronomy and protection?,"In onion, intercropping breaks pest cycles and improves biodiversity. Select crops with different canopy heights and root depths. Monitor for pest shifts and adjust management. Keep records of inputs and yields each season to refine your plan.","agriculture,farming,india,intercropping,neck rot,onion,sandy"
Crop Rotation,chilli,leaf curl virus,How do I store chilli grains safely to avoid pests and mold?,"Rotate chilli with non-host crops (e.g., legumes) to break disease and pest cycles. Include green manures to improve soil health. Plan 2–3 year rotations based on soil and water availability. Keep records of inputs and yields each season to refine your plan.","agriculture,alluvial,chilli,crop_rotation,farming,india,leaf curl virus"
Water Conservation,brinjal,bacterial wilt,"What soil type and pH are ideal for brinjal, and how do I improve my soil?","In brinjal, avoid over-irrigation which leaches nutrients and promotes diseases. Use tensiometers or soil moisture sensors for precise scheduling. Maintain drainage to prevent waterlogging. Keep records of inputs and yields each season to refine your plan.","agriculture,alluvial,bacterial wilt,brinjal,farming,india,water_conservation"
Micronutrients,cabbage,downy mildew,When and how should I harvest cabbage to get maximum yield and quality?,Fe deficiency in cabbage shows as interveinal chlorosis in young leaves. Apply Fe-EDDHA foliar (0.5%) or chelated Fe with irrigation. Improve drainage and avoid high pH soils. Keep records of inputs and yields each season to refine your plan.,"agriculture,cabbage,downy mildew,farming,india,micronutrients,red"
NPK Management,cauliflower,alternaria leaf spot,How should I plan crop rotation with cauliflower to improve soil health?,"For cauliflower, integrated nutrient management combines FYM, biofertilizers, and mineral fertilizers. Target OC >0.8%, balanced NPK, and micronutrients based on soil tests. Avoid blanket recommendations. Keep records of inputs and yields each season to refine your plan.","agriculture,alternaria leaf spot,cauliflower,farming,india,npk_management,sandy"
IPM,okra,root-knot nematode,"What soil type and pH are ideal for okra, and how do I improve my soil?","In okra, cultural practices (timely sowing, intercropping, crop rotation) reduce pest pressure. Preserve natural enemies by avoiding broad-spectrum sprays. Use spot treatments for outbreaks. Keep records of inputs and yields each season to refine your plan.","agriculture,alluvial,farming,india,ipm,okra,root-knot nematode"
Weed Management,groundnut,stem rot,What is a good NPK plan for groundnut to avoid lodging and disease?,"For groundnut, timely weeding (first 30 days) is critical. Use mechanical weeding or recommended herbicides. Avoid late weeding that damages roots. Maintain crop geometry for canopy closure. Keep records of inputs and yields each season to refine your plan.","agriculture,farming,groundnut,india,red,stem rot,weed_management"
Protected Cultivation,mustard,downy mildew,How do I move towards regenerative agriculture in mustard?,"In mustard, protected cultivation reduces pesticide use. Combine with biological controls and hygiene. Plan crop cycles to match market demand. Keep records of inputs and yields each season to refine your plan.","agriculture,black,downy mildew,farming,india,mustard,protected_cultivation"
Greenhouse,sunflower,rust,How do I manage rust in sunflower? What are the symptoms and spray schedule?,"Protected cultivation (shade nets, low tunnels) in sunflower reduces pest and weather damage. Use drip fertigation and mulch. Monitor temperature and humidity to prevent diseases. Keep records of inputs and yields each season to refine your plan.","agriculture,alluvial,farming,greenhouse,india,rust,sunflower"
Hydroponics,bajra,leaf spot,How do I move towards regenerative agriculture in bajra?,"For bajra, greenhouses enable year-round production. Use insect-proof nets, drip irrigation, and balanced fertigation. Train labor on climate management and IPM. Keep records of inputs and yields each season to refine your plan.","agriculture,alluvial,bajra,farming,hydroponics,india,leaf spot"
Carbon Farming,jowar,leaf blight,What is the best fertilizer dose and schedule for jowar in black soil?,"In jowar, precision fertilizer use reduces N2O emissions. Use urease inhibitors and split N applications. Combine with renewable energy for irrigation. Keep records of inputs and yields each season to refine your plan.","agriculture,black,carbon_farming,farming,india,jowar,leaf blight"
Regenerative Agriculture,ragi,smut,How do I select and treat seeds for ragi to improve germination?,"For ragi, regenerative systems need patient investment. Start with pilot plots, measure soil carbon and yields, and scale gradually. Engage with FPOs for collective action. Keep records of inputs and yields each season to refine your plan.","agriculture,farming,india,laterite,ragi,regenerative_agriculture,smut"
GAP,gram,ascochyta blight,How do I manage ascochyta blight in gram? What are the symptoms and spray schedule?,"In gram, GAP improves product quality and reduces residues. Implement standard operating procedures for spraying, harvesting, and packing. Seek certification where markets demand it. Keep records of inputs and yields each season to refine your plan.","agriculture,ascochyta blight,farming,gap,gram,india,red"
Insurance,pigeon pea,alternaria blight,Which irrigation method saves the most water for pigeon pea without reducing yield?,"For pigeon pea, explore state-specific insurance top-ups and micro-insurance. Maintain communication with insurance agents. File claims promptly with required documents. Keep records of inputs and yields each season to refine your plan.","agriculture,alternaria blight,black,farming,india,insurance,pigeon pea"
Fertilizer,green gram,alternaria leaf spot,How should I plan crop rotation with green gram to improve soil health?,"For green gram, start with a soil test. In most alluvial/loamy soils, apply 80–120 kg N/ha, 40–60 kg P2O5/ha, and 40–60 kg K2O/ha in splits. At sowing, place full P and K plus 1/3 N near the seed. Top-dress remaining N at tillering/vegetative stage and again at flowering. Add 5–10 t/ha FYM or compost before sowing. Use ZnSO4 (20–25 kg/ha) if deficient. Avoid excessive urea to prevent lodging and disease.","agriculture,alternaria leaf spot,black,farming,fertilizer,green gram,india"
Disease,black gram,yellow mosaic virus,How should I plan crop rotation with black gram to improve soil health?,"For yellow mosaic virus in black gram, early detection is key. Symptoms include yellow-green mosaic mottling on leaves. Spray recommended fungicides (e.g., propiconazole, tebuconazole) at label doses. Practice field sanitation, avoid water stagnation, and maintain plant spacing for airflow. Keep records of inputs and yields each season to refine your plan.","agriculture,black gram,disease,farming,india,red,yellow mosaic virus"
Pest,banana,panama wilt,"What soil type and pH are ideal for banana, and how do I improve my soil?","For banana, integrate mechanical (handpicking), biological (Trichogramma), and chemical controls. Avoid tank mixes that harm beneficials. Follow label doses and pre-harvest intervals. Keep records of inputs and yields each season to refine your plan.","agriculture,banana,farming,india,panama wilt,pest,red"
Irrigation,mango,spongy tissue,What water conservation practices work best for mango in my area?,"In mango, avoid water stress during pod/fruit development. Use deficit irrigation (70–80% ET) in vegetative stage, then full irrigation at flowering and fruit set. Drain fields within 24 hours after heavy rain to prevent root rot. Keep records of inputs and yields each season to refine your plan.","agriculture,farming,india,irrigation,loamy,mango,spongy tissue"
Weather,papaya,powdery mildew,Which machines or implements are useful for papaya to save labor and time?,"For papaya, high humidity favors fungal diseases. Increase plant spacing, avoid overhead irrigation, and use protective fungicides before monsoon peaks. Use weather-based advisories for spray timing. Keep records of inputs and yields each season to refine your plan.","agriculture,clay,farming,india,papaya,powdery mildew,weather"
Soil,grapes,black rot,How do I practice organic farming in grapes without losing yield?,"In grapes, heavy clay soils need raised beds and proper drainage. Sandy soils benefit from mulching and frequent light irrigations. Loamy soils are ideal; maintain OC with crop residues and manures. Keep records of inputs and yields each season to refine your plan.","agriculture,black rot,farming,grapes,india,laterite,soil"
Government Scheme,pomegranate,fruit rot,How should I plan crop rotation with pomegranate to improve soil health?,"In pomegranate, agri-business ideas can access credit via NABARD and agri-clinics schemes. Explore FPO formation, common facility centers, and market linkage programs. Check state horticulture missions for post-harvest support. Keep records of inputs and yields each season to refine your plan.","agriculture,alluvial,farming,fruit rot,government_scheme,india,pomegranate"
Harvesting,citrus,citrus canker,What GAP should I follow for citrus to meet market and export standards?,"Harvest citrus at physiological maturity: grains at 20–22% moisture, pods when 80–90% brown. Avoid delayed harvest to reduce shattering and field losses. Use combine harvesters where feasible; dry grains to 12–14% before storage. Keep records of inputs and yields each season to refine your plan.","agriculture,citrus,citrus canker,farming,harvesting,india,loamy"
Marketing,turmeric,leaf blotch,When and how should I harvest turmeric to get maximum yield and quality?,"In turmeric, state schemes may offer seed subsidies, drip irrigation support, and power concessions. Keep Aadhaar, land records, and bank details updated for scheme benefits. Use KCC for working capital and input purchases. Keep records of inputs and yields each season to refine your plan.","agriculture,farming,india,leaf blotch,marketing,sandy,turmeric"
Organic Farming,ginger,soft rot,How do I store ginger grains safely to avoid pests and mold?,"In ginger, adopt crop rotation with legumes, green manures (dhaincha, sunhemp), and mulching. Maintain field sanitation and use resistant varieties. Certification via NPOP/PGS-India adds market value. Keep records of inputs and yields each season to refine your plan.","agriculture,farming,ginger,india,organic_farming,red,soft rot"
Yield Improvement,garlic,stemphylium blight,What weather conditions harm garlic and how do I protect my crop?,"To improve yield in garlic, use certified seeds, optimal plant population, and balanced NPK. Manage pests/diseases proactively and avoid water stress at flowering. Harvest at correct maturity and dry properly. Keep records of inputs and yields each season to refine your plan.","agriculture,black,farming,garlic,india,stemphylium blight,yield_improvement"
Seed Selection,coriander,alternaria blight,How do I move towards regenerative agriculture in coriander?,"In coriander, procure seeds from certified agencies. Check germination before sowing; aim for >85%. Avoid storage in humid conditions. Keep records of inputs and yields each season to refine your plan.","agriculture,alternaria blight,coriander,farming,india,laterite,seed_selection"
Storage,cumin,bacterial leaf spot,How do I manage bacterial leaf spot in cumin? What are the symptoms and spray schedule?,"For cumin, ensure produce is dry and clean before storage. Avoid mixing old and new stock. Use neem leaves or botanicals in small stores. Monitor temperature and humidity; aerate if needed. Keep records of inputs and yields each season to refine your plan.","agriculture,alluvial,bacterial leaf spot,cumin,farming,india,storage"
Post-Harvest,rice,bacterial leaf blight,How do I practice organic farming in rice without losing yield?,"For rice, maintain ventilation in stores. Use insect-proof screens. In humid areas, prefer hermetic storage. Avoid storing near chemicals or fertilizers to prevent contamination. Keep records of inputs and yields each season to refine your plan.","agriculture,bacterial leaf blight,farming,india,post-harvest,rice,sandy"
Mechanization,wheat,rust,How do I store wheat grains safely to avoid pests and mold?,"For wheat, combine harvesters reduce field losses but require proper adjustment. Use moisture meters to decide harvest time. Store machinery under cover to extend life. Keep records of inputs and yields each season to refine your plan.","agriculture,farming,india,mechanization,rust,sandy,wheat"
Intercropping,maize,fusarium stalk rot,When and how should I harvest maize to get maximum yield and quality?,"For maize, relay cropping or sequential cropping maximizes land use. Maintain soil fertility with FYM and biofertilizers. Use crop-specific herbicides carefully. Keep records of inputs and yields each season to refine your plan.","agriculture,farming,fusarium stalk rot,india,intercropping,maize,sandy"
Crop Rotation,cotton,boll rot,How do I store cotton grains safely to avoid pests and mold?,"For cotton, avoid continuous monoculture. Rotate with cereals/legumes to balance nutrients. Use residue incorporation and cover crops to build organic matter. Keep records of inputs and yields each season to refine your plan.","agriculture,boll rot,cotton,crop_rotation,farming,india,loamy"
Water Conservation,sugarcane,ratoon stunting disease,"How can I control top borer, internode borer, whitefly, termites in sugarcane using IPM and reduce chemical sprays?","Conserve water in sugarcane with mulching, zero-till, and micro-irrigation. Schedule irrigation based on soil moisture. Avoid flood irrigation in sandy soils. Keep records of inputs and yields each season to refine your plan.","agriculture,clay,farming,india,ratoon stunting disease,sugarcane,water_conservation"
Micronutrients,soybean,yellow mosaic virus,How do I practice organic farming in soybean without losing yield?,Mn deficiency in soybean causes grey speck and reduced growth. Use MnSO4 foliar (0.2–0.3%) at tillering/vegetative stage. Maintain balanced NPK to improve micronutrient efficiency. Keep records of inputs and yields each season to refine your plan.,"agriculture,farming,india,micronutrients,red,soybean,yellow mosaic virus"
NPK Management,tomato,powdery mildew,How can I increase yield in tomato with better agronomy and protection?,"Balanced NPK in tomato improves yield and stress tolerance. Use soil test-based doses; typical ranges: N 80–120, P2O5 40–60, K2O 40–60 kg/ha. Split N in 2–3 doses; place P and K basally near seed. Keep records of inputs and yields each season to refine your plan.","agriculture,alluvial,farming,india,npk_management,powdery mildew,tomato"
IPM,potato,mosaic virus,How do I practice organic farming in potato without losing yield?,"In potato, light traps and bird perches help manage nocturnal pests. Maintain field hygiene and remove weed hosts. Use need-based sprays only when ETL is crossed. Keep records of inputs and yields each season to refine your plan.","agriculture,farming,india,ipm,mosaic virus,potato,sandy"
Weed Management,onion,neck rot,What are good intercropping options with onion to increase income?,"For onion, hand weeding is effective but labor-intensive. Combine with pre-emergence sprays and mulching. Keep field borders clean to reduce weed seed bank. Keep records of inputs and yields each season to refine your plan.","agriculture,farming,india,loamy,neck rot,onion,weed_management"
Protected Cultivation,chilli,powdery mildew,What water conservation practices work best for chilli in my area?,"Protected cultivation (shade nets, low tunnels) in chilli reduces pest and weather damage. Use drip fertigation and mulch. Monitor temperature and humidity to prevent diseases. Keep records of inputs and yields each season to refine your plan.","agriculture,black,chilli,farming,india,powdery mildew,protected_cultivation"
Greenhouse,brinjal,alternaria leaf spot,"What are the signs of Zn, B, or S deficiency in brinjal and how do I correct them?","In brinjal, protected cultivation reduces pesticide use. Combine with biological controls and hygiene. Plan crop cycles to match market demand. Keep records of inputs and yields each season to refine your plan.","agriculture,alternaria leaf spot,brinjal,farming,greenhouse,india,sandy"
Hydroponics,cabbage,alternaria leaf spot,Which irrigation method saves the most water for cabbage without reducing yield?,"For cabbage, greenhouses enable year-round production. Use insect-proof nets, drip irrigation, and balanced fertigation. Train labor on climate management and IPM. Keep records of inputs and yields each season to refine your plan.","agriculture,alternaria leaf spot,black,cabbage,farming,hydroponics,india"
Carbon Farming,cauliflower,powdery mildew,What is the best fertilizer dose and schedule for cauliflower in loamy soil?,"In cauliflower, reduced tillage and mulching improve SOC and water retention. Avoid burning residues; incorporate or use for mulch. Align with national carbon initiatives. Keep records of inputs and yields each season to refine your plan.","agriculture,carbon_farming,cauliflower,farming,india,loamy,powdery mildew"
Regenerative Agriculture,okra,root-knot nematode,How does crop insurance work for okra and how do I claim?,"For okra, integrate trees, shrubs, and perennials to enhance resilience. Use organic amendments and biological pest control. Build local knowledge and community practices. Keep records of inputs and yields each season to refine your plan.","agriculture,black,farming,india,okra,regenerative_agriculture,root-knot nematode"
GAP,groundnut,bud necrosis virus,How do I set up protected cultivation or greenhouse for groundnut?,"For groundnut, GAP aligns with food safety and export requirements. Maintain field maps, input logs, and harvest records. Use clean containers and cold chain where needed. Keep records of inputs and yields each season to refine your plan.","agriculture,bud necrosis virus,farming,gap,groundnut,india,loamy"
Insurance,mustard,downy mildew,How should I plan crop rotation with mustard to improve soil health?,"For mustard, explore state-specific insurance top-ups and micro-insurance. Maintain communication with insurance agents. File claims promptly with required documents. Keep records of inputs and yields each season to refine your plan.","agriculture,downy mildew,farming,india,insurance,mustard,red"
Fertilizer,sunflower,head rot,How do I select and treat seeds for sunflower to improve germination?,"In sunflower, balanced NPK (e.g., 100:50:50) improves yield and resilience. Apply full P and K at sowing; split N in 2–3 doses. Foliar 19:19:19 (2–3 g/L) at flowering boosts fruit set. Add 4–5 t/ha compost + 20 kg/ha ZnSO4 in Zn-deficient black soils. Avoid late heavy N to reduce lodging and pest risk.","agriculture,black,farming,fertilizer,head rot,india,sunflower"
Disease,bajra,blast,"What are the signs of Zn, B, or S deficiency in bajra and how do I correct them?","In bajra, blast shows small spindle-shaped lesions with grey centers and brown margins on leaves. Prevent by using certified seeds, crop rotation, and balanced NPK. For fungal diseases, spray mancozeb 0.25% or carbendazim 0.1% at first sign. Improve drainage and avoid late evening irrigation. Remove infected debris.","agriculture,alluvial,bajra,blast,disease,farming,india"
Pest,jowar,anthracnose,What are effective weed control methods for jowar that are safe and cheap?,"In jowar, pests like shoot fly, stem borer, aphids, midge cause yield loss. Use sticky traps for whiteflies/aphids. Apply recommended insecticides at correct doses. Maintain field hygiene and remove weed hosts. Keep records of inputs and yields each season to refine your plan.","agriculture,alluvial,anthracnose,farming,india,jowar,pest"
Irrigation,ragi,smut,How do I implement IPM in ragi step by step?,"In ragi, avoid water stress during pod/fruit development. Use deficit irrigation (70–80% ET) in vegetative stage, then full irrigation at flowering and fruit set. Drain fields within 24 hours after heavy rain to prevent root rot. Keep records of inputs and yields each season to refine your plan.","agriculture,farming,india,irrigation,ragi,sandy,smut"
Weather,gram,wilt,Which irrigation method saves the most water for gram without reducing yield?,"In drought-prone areas, select short-duration gram varieties. Use mulching, zero-till, and deficit irrigation. Apply 2% KNO3 foliar to mitigate heat stress. Avoid late sowing in rainfed zones. Keep records of inputs and yields each season to refine your plan.","agriculture,farming,gram,india,laterite,weather,wilt"
Soil,pigeon pea,phytophthora blight,"What soil type and pH are ideal for pigeon pea, and how do I improve my soil?","For pigeon pea, avoid continuous monocropping. Rotate with legumes to improve N and soil health. Add 5–10 t/ha FYM and practice conservation tillage to enhance infiltration and reduce erosion. Keep records of inputs and yields each season to refine your plan.","agriculture,alluvial,farming,india,phytophthora blight,pigeon pea,soil"
Government Scheme,green gram,bacterial leaf spot,What is the best fertilizer dose and schedule for green gram in clay soil?,"In green gram, agri-business ideas can access credit via NABARD and agri-clinics schemes. Explore FPO formation, common facility centers, and market linkage programs. Check state horticulture missions for post-harvest support. Keep records of inputs and yields each season to refine your plan.","agriculture,bacterial leaf spot,clay,farming,government_scheme,green gram,india"
Harvesting,black gram,alternaria leaf spot,How do I manage alternaria leaf spot in black gram? What are the symptoms and spray schedule?,"For black gram, harvest in dry weather. Use sharp sickles or mechanical harvesters to minimize losses. Dry produce to safe moisture (grains 12–14%, pulses 10–12%) before storage. Clean and grade before marketing. Keep records of inputs and yields each season to refine your plan.","agriculture,alternaria leaf spot,black gram,farming,harvesting,india,laterite"
Marketing,banana,banana bunchy top virus,What water conservation practices work best for banana in my area?,"For banana, PMFBY provides yield-based insurance at low premium. Enroll through banks or CSC before sowing. Maintain plot-wise records and cooperate during crop cutting experiments for claim settlement. Keep records of inputs and yields each season to refine your plan.","agriculture,alluvial,banana,banana bunchy top virus,farming,india,marketing"
Organic Farming,mango,spongy tissue,How do I manage spongy tissue in mango? What are the symptoms and spray schedule?,"In mango, adopt crop rotation with legumes, green manures (dhaincha, sunhemp), and mulching. Maintain field sanitation and use resistant varieties. Certification via NPOP/PGS-India adds market value. Keep records of inputs and yields each season to refine your plan.","agriculture,clay,farming,india,mango,organic_farming,spongy tissue"
Yield Improvement,papaya,anthracnose,"How can I control fruit fly, aphids, mites, whitefly in papaya using IPM and reduce chemical sprays?","In papaya, yield gaps arise from poor plant stand, nutrient imbalance, and pest damage. Use soil test-based fertilizers, IPM, and timely irrigation. Record field operations for continuous improvement. Keep records of inputs and yields each season to refine your plan.","agriculture,anthracnose,farming,india,loamy,papaya,yield_improvement"
Seed Selection,grapes,black rot,How do I select and treat seeds for grapes to improve germination?,"Use certified seeds of grapes for uniform germination and higher yield. Treat seeds with thiram/carbendazim (2 g/kg) or bio-agents (Trichoderma 4–5 g/kg). Store seeds in cool, dry place in moisture-proof bags. Keep records of inputs and yields each season to refine your plan.","agriculture,black rot,farming,grapes,india,sandy,seed_selection"
Storage,pomegranate,bacterial blight,What water conservation practices work best for pomegranate in my area?,"For pomegranate, ensure produce is dry and clean before storage. Avoid mixing old and new stock. Use neem leaves or botanicals in small stores. Monitor temperature and humidity; aerate if needed. Keep records of inputs and yields each season to refine your plan.","agriculture,bacterial blight,farming,india,pomegranate,sandy,storage"
Post-Harvest,citrus,greening (huanglongbing),What are good intercropping options with citrus to increase income?,"Store citrus grains at 12–14% moisture in clean, dry, rodent-proof structures. Treat storage area with malathion dust. Use hermetic bags or PICS bags for pulses. Fumigate with aluminum phosphide if needed, following safety protocols. Keep records of inputs and yields each season to refine your plan.","agriculture,alluvial,citrus,farming,greening (huanglongbing),india,post-harvest"
Mechanization,turmeric,thrips damage,Which irrigation method saves the most water for turmeric without reducing yield?,"In turmeric, use power tillers or tractors with appropriate implements. Adopt zero-till where feasible to save time and fuel. Train operators on safe handling and maintenance. Keep records of inputs and yields each season to refine your plan.","agriculture,farming,india,laterite,mechanization,thrips damage,turmeric"
Intercropping,ginger,soft rot,"What soil type and pH are ideal for ginger, and how do I improve my soil?","For ginger, intercropping with short-duration vegetables increases land productivity. Plan sowing dates to avoid competition. Use balanced fertilizers and timely weeding. Keep records of inputs and yields each season to refine your plan.","agriculture,farming,ginger,india,intercropping,laterite,soft rot"
Crop Rotation,garlic,rust,How do I practice organic farming in garlic without losing yield?,"In garlic, plan rotations around water availability. Use drought-tolerant crops in dry years and high-value crops in wet years. Maintain soil cover year-round. Keep records of inputs and yields each season to refine your plan.","agriculture,crop_rotation,farming,garlic,india,rust,sandy"
Water Conservation,coriander,bacterial leaf spot,How do I select and treat seeds for coriander to improve germination?,"For coriander, line canals and use pipes to reduce conveyance losses. Adopt laser leveling for uniform water distribution. Train farmers on efficient irrigation practices. Keep records of inputs and yields each season to refine your plan.","agriculture,bacterial leaf spot,coriander,farming,india,laterite,water_conservation"
Micronutrients,cumin,powdery mildew,What are good intercropping options with cumin to increase income?,B deficiency in cumin causes poor fruit set and hollow stems. Apply borax (10–15 kg/ha) or foliar 0.2% boron at flowering. Avoid overuse; excess B is toxic. Keep records of inputs and yields each season to refine your plan.,"agriculture,cumin,farming,india,laterite,micronutrients,powdery mildew"
NPK Management,rice,tungro virus,What water conservation practices work best for rice in my area?,"For rice, integrated nutrient management combines FYM, biofertilizers, and mineral fertilizers. Target OC >0.8%, balanced NPK, and micronutrients based on soil tests. Avoid blanket recommendations. Keep records of inputs and yields each season to refine your plan.","agriculture,farming,india,npk_management,red,rice,tungro virus"
IPM,wheat,powdery mildew,Which irrigation method saves the most water for wheat without reducing yield?,"For wheat, combine mechanical (handpicking), biological (parasitoids), and chemical controls. Calibrate sprayers; apply at correct growth stage. Follow pre-harvest intervals and safety norms. Keep records of inputs and yields each season to refine your plan.","agriculture,clay,farming,india,ipm,powdery mildew,wheat"
Weed Management,maize,downy mildew,Which machines or implements are useful for maize to save labor and time?,"In maize, integrate cultural (crop rotation, cover crops), mechanical (hoeing), and chemical weed control. Use herbicide-tolerant varieties where available. Rotate herbicide modes of action to prevent resistance. Keep records of inputs and yields each season to refine your plan.","agriculture,alluvial,downy mildew,farming,india,maize,weed_management"
Protected Cultivation,cotton,boll rot,What GAP should I follow for cotton to meet market and export standards?,"In cotton, hydroponics saves water and nutrients. Maintain EC and pH in recommended ranges. Use sterile media and prevent root diseases with sanitation. Keep records of inputs and yields each season to refine your plan.","agriculture,alluvial,boll rot,cotton,farming,india,protected_cultivation"
Greenhouse,sugarcane,ring spot,What carbon farming practices can I adopt in sugarcane fields?,"For sugarcane, polyhouses improve yield and quality. Install fans and foggers for climate control. Use reflective mulch and trellising for better light distribution. Keep records of inputs and yields each season to refine your plan.","agriculture,farming,greenhouse,india,loamy,ring spot,sugarcane"
Hydroponics,soybean,bacterial pustule,What are good intercropping options with soybean to increase income?,"For soybean, polyhouses improve yield and quality. Install fans and foggers for climate control. Use reflective mulch and trellising for better light distribution. Keep records of inputs and yields each season to refine your plan.","agriculture,bacterial pustule,farming,hydroponics,india,laterite,soybean"
Carbon Farming,tomato,bacterial wilt,What are good intercropping options with tomato to increase income?,"In tomato, precision fertilizer use reduces N2O emissions. Use urease inhibitors and split N applications. Combine with renewable energy for irrigation. Keep records of inputs and yields each season to refine your plan.","agriculture,alluvial,bacterial wilt,carbon_farming,farming,india,tomato"
Regenerative Agriculture,potato,mosaic virus,"What are the signs of Zn, B, or S deficiency in potato and how do I correct them?","For potato, integrate trees, shrubs, and perennials to enhance resilience. Use organic amendments and biological pest control. Build local knowledge and community practices. Keep records of inputs and yields each season to refine your plan.","agriculture,farming,india,laterite,mosaic virus,potato,regenerative_agriculture"
GAP,onion,downy mildew,How do I implement IPM in onion step by step?,"For onion, GAP covers seed quality, soil health, water management, and worker safety. Use protective gear, calibrate sprayers, and keep input records. Train labor on safe handling. Keep records of inputs and yields each season to refine your plan.","agriculture,downy mildew,farming,gap,india,loamy,onion"
Insurance,chilli,powdery mildew,"What are the signs of Zn, B, or S deficiency in chilli and how do I correct them?","For chilli, explore state-specific insurance top-ups and micro-insurance. Maintain communication with insurance agents. File claims promptly with required documents. Keep records of inputs and yields each season to refine your plan.","agriculture,black,chilli,farming,india,insurance,powdery mildew"
Fertilizer,brinjal,alternaria leaf spot,What carbon farming practices can I adopt in brinjal fields?,"Use 60–100 kg N/ha for brinjal depending on rainfall and soil. Apply basal NPK (12:32:16 or 15:15:15) at 150–200 kg/ha at sowing, then top-dress urea in 2–3 splits. Include 20–25 kg/ha ZnSO4 where soils are alkaline. For irrigated conditions, split N at vegetative, flowering, and pod/fruit setting. In rainfed areas, use slow-release N and mulch to reduce losses.","agriculture,alternaria leaf spot,brinjal,farming,fertilizer,india,laterite"
Disease,cabbage,clubroot,"How can I control diamondback moth, aphids, head borer in cabbage using IPM and reduce chemical sprays?","Manage clubroot in cabbage by removing infected plants, improving drainage, and balanced nutrition. Use copper-based fungicides for bacterial diseases; avoid heavy N. Practice 2–3 year rotations and seed treatment to reduce primary inoculum. Keep records of inputs and yields each season to refine your plan.","agriculture,black,cabbage,clubroot,disease,farming,india"
Pest,cauliflower,powdery mildew,"What soil type and pH are ideal for cauliflower, and how do I improve my soil?","In cauliflower, pests like diamondback moth, aphids, head borer cause yield loss. Use sticky traps for whiteflies/aphids. Apply recommended insecticides at correct doses. Maintain field hygiene and remove weed hosts. Keep records of inputs and yields each season to refine your plan.","agriculture,alluvial,cauliflower,farming,india,pest,powdery mildew"
Irrigation,okra,yellow vein mosaic,How can I increase yield in okra with better agronomy and protection?,"For okra, maintain soil moisture at 50–60% field capacity. Use drip or furrow irrigation to save 20–30% water. Avoid waterlogging; ensure drainage in heavy soils. Critical stages: sowing, flowering, and pod/fruit set. In summer, irrigate every 5–7 days; in winter, every 8–10 days.","agriculture,farming,india,irrigation,loamy,okra,yellow vein mosaic"
Weather,groundnut,rust,How do I set up protected cultivation or greenhouse for groundnut?,"Heavy rain during flowering of groundnut causes pollen wash and yield loss. Ensure drainage, use raised beds, and avoid late nitrogen. If lodging risk exists, reduce N and increase K. Keep records of inputs and yields each season to refine your plan.","agriculture,farming,groundnut,india,laterite,rust,weather"
Soil,mustard,alternaria leaf spot,Which government schemes can I use for mustard cultivation and marketing?,"In mustard, soil testing every 2–3 years optimizes fertilizer use. Target OC >0.8%, available P >20 kg/ha, available K >200 kg/ha. Use micronutrients (Zn, B, S) based on deficiency symptoms and soil tests. Keep records of inputs and yields each season to refine your plan.","agriculture,alternaria leaf spot,farming,india,laterite,mustard,soil"
Government Scheme,sunflower,sclerotinia head rot,How do I implement IPM in sunflower step by step?,"Farmers growing sunflower can benefit from PM-KISAN (₹6,000/year), Kisan Credit Card (subsidized interest), and Soil Health Card (free soil testing). Check with your local agriculture office or CSC for enrollment. Crop insurance under PMFBY is also available. Keep records of inputs and yields each season to refine your plan.","agriculture,farming,government_scheme,india,sandy,sclerotinia head rot,sunflower"
Harvesting,bajra,rust,What carbon farming practices can I adopt in bajra fields?,"In bajra, timely harvest improves market price. Use mechanical threshers where possible. Dry to safe moisture, clean, and store in hermetic bags or silos to prevent pests and mold. Keep records of inputs and yields each season to refine your plan.","agriculture,bajra,clay,farming,harvesting,india,rust"
Marketing,jowar,leaf blight,How do I set up protected cultivation or greenhouse for jowar?,"For jowar, PMFBY provides yield-based insurance at low premium. Enroll through banks or CSC before sowing. Maintain plot-wise records and cooperate during crop cutting experiments for claim settlement. Keep records of inputs and yields each season to refine your plan.","agriculture,alluvial,farming,india,jowar,leaf blight,marketing"
Organic Farming,ragi,bacterial leaf streak,What water conservation practices work best for ragi in my area?,"For organic ragi, use well-decomposed FYM (10–15 t/ha), vermicompost (2–3 t/ha), and biofertilizers (Rhizobium, PSB, Azotobacter). Avoid synthetic fertilizers and pesticides. Use neem-based products and botanicals for pest control. Keep records of inputs and yields each season to refine your plan.","agriculture,bacterial leaf streak,black,farming,india,organic_farming,ragi"
Yield Improvement,gram,dry root rot,What carbon farming practices can I adopt in gram fields?,"In gram, yield gaps arise from poor plant stand, nutrient imbalance, and pest damage. Use soil test-based fertilizers, IPM, and timely irrigation. Record field operations for continuous improvement. Keep records of inputs and yields each season to refine your plan.","agriculture,dry root rot,farming,gram,india,sandy,yield_improvement"
Seed Selection,pigeon pea,sterility mosaic,Which irrigation method saves the most water for pigeon pea without reducing yield?,"For pigeon pea, seed treatment reduces seed-borne diseases. Use hot water treatment or solarization for some crops. Label bags with variety, lot, and date. Keep records of inputs and yields each season to refine your plan.","agriculture,farming,india,pigeon pea,sandy,seed_selection,sterility mosaic"
Storage,green gram,powdery mildew,How do I set up protected cultivation or greenhouse for green gram?,"Store green gram grains at 12–14% moisture in clean, dry, rodent-proof structures. Treat storage area with malathion dust. Use hermetic bags or PICS bags for pulses. Fumigate with aluminum phosphide if needed, following safety protocols. Keep records of inputs and yields each season to refine your plan.","agriculture,clay,farming,green gram,india,powdery mildew,storage"
Post-Harvest,black gram,alternaria leaf spot,How do I move towards regenerative agriculture in black gram?,"In black gram, high moisture leads to mold and mycotoxins. Dry to safe levels, use moisture-proof liners, and keep bags off the floor on pallets. Inspect regularly for pests and dampness. Keep records of inputs and yields each season to refine your plan.","agriculture,alternaria leaf spot,black gram,farming,india,post-harvest,red"
Mechanization,banana,panama wilt,"What are the signs of Zn, B, or S deficiency in banana and how do I correct them?","For banana, mechanization (seed drills, rotavators, harvesters) reduces cost and timeliness losses. Calibrate equipment for correct seed rate and spacing. Maintain machines regularly for safety and efficiency. Keep records of inputs and yields each season to refine your plan.","agriculture,banana,black,farming,india,mechanization,panama wilt"
Intercropping,mango,bacterial canker,What is a good NPK plan for mango to avoid lodging and disease?,"For mango, relay cropping or sequential cropping maximizes land use. Maintain soil fertility with FYM and biofertilizers. Use crop-specific herbicides carefully. Keep records of inputs and yields each season to refine your plan.","agriculture,alluvial,bacterial canker,farming,india,intercropping,mango"
Crop Rotation,papaya,powdery mildew,Which machines or implements are useful for papaya to save labor and time?,"For papaya, integrate livestock or agroforestry in rotations for diversification. Use manure and compost to recycle nutrients. Monitor soil tests to adjust rotations. Keep records of inputs and yields each season to refine your plan.","agriculture,crop_rotation,farming,india,papaya,powdery mildew,red"
Water Conservation,grapes,botrytis bunch rot,What weather conditions harm grapes and how do I protect my crop?,"For grapes, use alternate wetting and drying (AWD) where feasible. Recycle field drainage and harvest rainwater in ponds. Maintain field bunds and channels. Keep records of inputs and yields each season to refine your plan.","agriculture,botrytis bunch rot,farming,grapes,india,sandy,water_conservation"
Micronutrients,pomegranate,anthracnose,What water conservation practices work best for pomegranate in my area?,Fe deficiency in pomegranate shows as interveinal chlorosis in young leaves. Apply Fe-EDDHA foliar (0.5%) or chelated Fe with irrigation. Improve drainage and avoid high pH soils. Keep records of inputs and yields each season to refine your plan.,"agriculture,anthracnose,black,farming,india,micronutrients,pomegranate"
NPK Management,citrus,leaf miner damage,How do I store citrus grains safely to avoid pests and mold?,"In citrus, high K improves water use efficiency and disease resistance. Apply K in splits; avoid late heavy K. Use SOP or MOP based on crop and soil Cl tolerance. Keep records of inputs and yields each season to refine your plan.","agriculture,citrus,farming,india,leaf miner damage,npk_management,sandy"
IPM,turmeric,thrips damage,How do I store turmeric grains safely to avoid pests and mold?,"In turmeric, light traps and bird perches help manage nocturnal pests. Maintain field hygiene and remove weed hosts. Use need-based sprays only when ETL is crossed. Keep records of inputs and yields each season to refine your plan.","agriculture,farming,india,ipm,red,thrips damage,turmeric"
Weed Management,ginger,rhizome rot,Which government schemes can I use for ginger cultivation and marketing?,"Weeds in ginger compete for light, water, and nutrients. Use pre-emergence herbicides (pendimethalin 1.0–1.5 kg/ha) followed by one hand weeding at 25–30 DAS. Mulching and intercropping also suppress weeds. Keep records of inputs and yields each season to refine your plan.","agriculture,farming,ginger,india,laterite,rhizome rot,weed_management"
Protected Cultivation,garlic,rust,What carbon farming practices can I adopt in garlic fields?,"In garlic, protected cultivation reduces pesticide use. Combine with biological controls and hygiene. Plan crop cycles to match market demand. Keep records of inputs and yields each season to refine your plan.","agriculture,alluvial,farming,garlic,india,protected_cultivation,rust"
Greenhouse,coriander,stem gall,How can I increase yield in coriander with better agronomy and protection?,"In coriander, hydroponics saves water and nutrients. Maintain EC and pH in recommended ranges. Use sterile media and prevent root diseases with sanitation. Keep records of inputs and yields each season to refine your plan.","agriculture,black,coriander,farming,greenhouse,india,stem gall"
Hydroponics,cumin,aphid damage,How do I set up protected cultivation or greenhouse for cumin?,"For cumin, polyhouses improve yield and quality. Install fans and foggers for climate control. Use reflective mulch and trellising for better light distribution. Keep records of inputs and yields each season to refine your plan.","agriculture,alluvial,aphid damage,cumin,farming,hydroponics,india"
Carbon Farming,rice,bacterial leaf blight,How do I practice organic farming in rice without losing yield?,"For rice, agroforestry and perennial systems sequester more carbon. Use diverse rotations and organic amendments. Maintain records for potential carbon income. Keep records of inputs and yields each season to refine your plan.","agriculture,bacterial leaf blight,carbon_farming,farming,india,laterite,rice"
Regenerative Agriculture,wheat,karnal bunt,How do I select and treat seeds for wheat to improve germination?,"Regenerative agriculture in wheat focuses on soil health, biodiversity, and water. Use cover crops, minimal tillage, and diverse rotations. Track outcomes with soil tests and yield records. Keep records of inputs and yields each season to refine your plan.","agriculture,clay,farming,india,karnal bunt,regenerative_agriculture,wheat"
GAP,maize,turcicum leaf blight,How should I plan crop rotation with maize to improve soil health?,"In maize, GAP improves product quality and reduces residues. Implement standard operating procedures for spraying, harvesting, and packing. Seek certification where markets demand it. Keep records of inputs and yields each season to refine your plan.","agriculture,farming,gap,india,laterite,maize,turcicum leaf blight"
Insurance,cotton,bacterial blight,How do I move towards regenerative agriculture in cotton?,"In cotton, weather-based insurance can provide quick payouts. Link with local meteorological data. Use insurance as part of risk management, not a substitute for good practices. Keep records of inputs and yields each season to refine your plan.","agriculture,alluvial,bacterial blight,cotton,farming,india,insurance"
Fertilizer,sugarcane,red rot,What carbon farming practices can I adopt in sugarcane fields?,"For sugarcane, target 120–150 kg N/ha in high-yield zones. Use 50% N at sowing, 25% at tillering, 25% at panicle initiation. Apply 60 kg P2O5 and 40–60 kg K2O basally. In acidic soils, liming (2–5 t/ha) improves P availability. Use 10–15 t/ha FYM for soil health. Foliar 2% urea at flowering can help under stress.","agriculture,clay,farming,fertilizer,india,red rot,sugarcane"
Disease,soybean,frogeye leaf spot,How should I plan crop rotation with soybean to improve soil health?,"In soybean, frogeye leaf spot shows grey spots with dark margins on leaves. Prevent by using certified seeds, crop rotation, and balanced NPK. For fungal diseases, spray mancozeb 0.25% or carbendazim 0.1% at first sign. Improve drainage and avoid late evening irrigation. Remove infected debris.","agriculture,black,disease,farming,frogeye leaf spot,india,soybean"
Pest,tomato,powdery mildew,How do I select and treat seeds for tomato to improve germination?,"In tomato, control fruit borer, whitefly, leaf miner, aphids with cultural methods: timely sowing, intercropping, and crop rotation. Use biopesticides (Bt, NPV) where available. Spot-spray outbreaks and avoid prophylactic sprays. Keep records of inputs and yields each season to refine your plan.","agriculture,farming,india,pest,powdery mildew,sandy,tomato"
Irrigation,potato,early blight,What is a good NPK plan for potato to avoid lodging and disease?,"Use 4–6 irrigations for potato depending on soil and rainfall. First irrigation 20–25 days after sowing, then at tillering, flowering, and grain filling. Drip/fertigation saves 30–40% water and improves uniformity. Mulching reduces evaporation. Avoid late heavy irrigation to prevent lodging.","agriculture,early blight,farming,india,irrigation,loamy,potato"
Weather,onion,downy mildew,Which government schemes can I use for onion cultivation and marketing?,"Heavy rain during flowering of onion causes pollen wash and yield loss. Ensure drainage, use raised beds, and avoid late nitrogen. If lodging risk exists, reduce N and increase K. Keep records of inputs and yields each season to refine your plan.","agriculture,downy mildew,farming,india,loamy,onion,weather"
Soil,chilli,anthracnose,How do I set up protected cultivation or greenhouse for chilli?,"Best soils for chilli are deep, well-drained loamy to clay loam with pH 6.0–7.5. In black soils, ensure good drainage to avoid root diseases. In red soils, add 4–6 t/ha FYM and 20–25 kg/ha ZnSO4. In sandy soils, increase organic matter and use split fertilizer doses.","agriculture,anthracnose,chilli,farming,india,sandy,soil"
Government Scheme,brinjal,little leaf virus,How can I increase yield in brinjal with better agronomy and protection?,"Farmers growing brinjal can benefit from PM-KISAN (₹6,000/year), Kisan Credit Card (subsidized interest), and Soil Health Card (free soil testing). Check with your local agriculture office or CSC for enrollment. Crop insurance under PMFBY is also available. Keep records of inputs and yields each season to refine your plan.","agriculture,brinjal,clay,farming,government_scheme,india,little leaf virus"
Harvesting,cabbage,powdery mildew,What GAP should I follow for cabbage to meet market and export standards?,"For cabbage, harvest in dry weather. Use sharp sickles or mechanical harvesters to minimize losses. Dry produce to safe moisture (grains 12–14%, pulses 10–12%) before storage. Clean and grade before marketing. Keep records of inputs and yields each season to refine your plan.","agriculture,alluvial,cabbage,farming,harvesting,india,powdery mildew"
Marketing,cauliflower,black rot,"What are the signs of Zn, B, or S deficiency in cauliflower and how do I correct them?","For cauliflower, PMFBY provides yield-based insurance at low premium. Enroll through banks or CSC before sowing. Maintain plot-wise records and cooperate during crop cutting experiments for claim settlement. Keep records of inputs and yields each season to refine your plan.","agriculture,alluvial,black rot,cauliflower,farming,india,marketing"
Organic Farming,okra,powdery mildew,"How can I control shoot and fruit borer, aphids, jassids, whitefly in okra using IPM and reduce chemical sprays?","For okra, organic yields improve over 2–3 years as soil health builds. Use seed treatment with Trichoderma and biofertilizers. Avoid contamination from conventional inputs and maintain buffer zones. Keep records of inputs and yields each season to refine your plan.","agriculture,farming,india,okra,organic_farming,powdery mildew,red"
Yield Improvement,groundnut,stem rot,Which machines or implements are useful for groundnut to save labor and time?,"In groundnut, yield gaps arise from poor plant stand, nutrient imbalance, and pest damage. Use soil test-based fertilizers, IPM, and timely irrigation. Record field operations for continuous improvement. Keep records of inputs and yields each season to refine your plan.","agriculture,farming,groundnut,india,loamy,stem rot,yield_improvement"
Seed Selection,mustard,white rust,How do I select and treat seeds for mustard to improve germination?,"In mustard, seed rate varies by method: line sowing needs less seed than broadcasting. Calibrate seed drills for uniform spacing. Avoid old or damaged seeds. Keep records of inputs and yields each season to refine your plan.","agriculture,alluvial,farming,india,mustard,seed_selection,white rust"
Storage,sunflower,alternaria leaf spot,"What soil type and pH are ideal for sunflower, and how do I improve my soil?","For sunflower, maintain ventilation in stores. Use insect-proof screens. In humid areas, prefer hermetic storage. Avoid storing near chemicals or fertilizers to prevent contamination. Keep records of inputs and yields each season to refine your plan.","agriculture,alternaria leaf spot,clay,farming,india,storage,sunflower"
Post-Harvest,bajra,downy mildew,How does crop insurance work for bajra and how do I claim?,"For bajra, ensure produce is dry and clean before storage. Avoid mixing old and new stock. Use neem leaves or botanicals in small stores. Monitor temperature and humidity; aerate if needed. Keep records of inputs and yields each season to refine your plan.","agriculture,bajra,downy mildew,farming,india,post-harvest,red"
Mechanization,jowar,leaf blight,What are good intercropping options with jowar to increase income?,"For jowar, combine harvesters reduce field losses but require proper adjustment. Use moisture meters to decide harvest time. Store machinery under cover to extend life. Keep records of inputs and yields each season to refine your plan.","agriculture,clay,farming,india,jowar,leaf blight,mechanization"
Intercropping,ragi,blast,How do I implement IPM in ragi step by step?,"Intercropping ragi with legumes improves soil N and reduces pest pressure. Use compatible row ratios (e.g., 2:1 or 4:2). Manage nutrients and irrigation for both crops. Keep records of inputs and yields each season to refine your plan.","agriculture,blast,clay,farming,india,intercropping,ragi"
Crop Rotation,gram,ascochyta blight,"What soil type and pH are ideal for gram, and how do I improve my soil?","For gram, integrate livestock or agroforestry in rotations for diversification. Use manure and compost to recycle nutrients. Monitor soil tests to adjust rotations. Keep records of inputs and yields each season to refine your plan.","agriculture,ascochyta blight,crop_rotation,farming,gram,india,loamy"
Water Conservation,pigeon pea,phytophthora blight,What GAP should I follow for pigeon pea to meet market and export standards?,"In pigeon pea, deficit irrigation at vegetative stage saves water without yield loss. Use crop residues as mulch to reduce evaporation. Monitor weather forecasts to avoid irrigation before rain. Keep records of inputs and yields each season to refine your plan.","agriculture,farming,india,phytophthora blight,pigeon pea,sandy,water_conservation"
Micronutrients,green gram,bacterial leaf spot,How do I set up protected cultivation or greenhouse for green gram?,"S deficiency in green gram leads to pale young leaves. Use SSP or gypsum to supply S (20–40 kg/ha). In high-rainfall areas, split S applications to reduce leaching. Keep records of inputs and yields each season to refine your plan.","agriculture,bacterial leaf spot,farming,green gram,india,laterite,micronutrients"
NPK Management,black gram,powdery mildew,How do I store black gram grains safely to avoid pests and mold?,"In black gram, high K improves water use efficiency and disease resistance. Apply K in splits; avoid late heavy K. Use SOP or MOP based on crop and soil Cl tolerance. Keep records of inputs and yields each season to refine your plan.","agriculture,black gram,farming,india,npk_management,powdery mildew,sandy"
IPM,banana,panama wilt,What are good intercropping options with banana to increase income?,"For banana, combine mechanical (handpicking), biological (parasitoids), and chemical controls. Calibrate sprayers; apply at correct growth stage. Follow pre-harvest intervals and safety norms. Keep records of inputs and yields each season to refine your plan.","agriculture,banana,farming,india,ipm,loamy,panama wilt"
Weed Management,mango,dieback,How do I set up protected cultivation or greenhouse for mango?,"Weeds in mango compete for light, water, and nutrients. Use pre-emergence herbicides (pendimethalin 1.0–1.5 kg/ha) followed by one hand weeding at 25–30 DAS. Mulching and intercropping also suppress weeds. Keep records of inputs and yields each season to refine your plan.","agriculture,dieback,farming,india,mango,red,weed_management"
Protected Cultivation,papaya,stem canker,How do I practice organic farming in papaya without losing yield?,"For papaya, polyhouses improve yield and quality. Install fans and foggers for climate control. Use reflective mulch and trellising for better light distribution. Keep records of inputs and yields each season to refine your plan.","agriculture,farming,india,papaya,protected_cultivation,sandy,stem canker"
Greenhouse,grapes,downy mildew,How do I manage downy mildew in grapes? What are the symptoms and spray schedule?,"Protected cultivation (shade nets, low tunnels) in grapes reduces pest and weather damage. Use drip fertigation and mulch. Monitor temperature and humidity to prevent diseases. Keep records of inputs and yields each season to refine your plan.","agriculture,downy mildew,farming,grapes,greenhouse,india,red"
Hydroponics,pomegranate,leaf spot,"What soil type and pH are ideal for pomegranate, and how do I improve my soil?","Protected cultivation (shade nets, low tunnels) in pomegranate reduces pest and weather damage. Use drip fertigation and mulch. Monitor temperature and humidity to prevent diseases. Keep records of inputs and yields each season to refine your plan.","agriculture,farming,hydroponics,india,laterite,leaf spot,pomegranate"
Carbon Farming,citrus,greening (huanglongbing),"How can I control fruit fly, leaf miner, psylla, scale insects in citrus using IPM and reduce chemical sprays?","For citrus, integrate livestock and manure management to recycle nutrients and carbon. Use compost and biochar where feasible. Monitor soil health indicators. Keep records of inputs and yields each season to refine your plan.","agriculture,carbon_farming,citrus,farming,greening (huanglongbing),india,loamy"
Regenerative Agriculture,turmeric,bacterial leaf streak,What carbon farming practices can I adopt in turmeric fields?,"In turmeric, combine traditional knowledge with modern science for regenerative outcomes. Use participatory trials and share results with neighbors. Seek technical support from agriculture departments. Keep records of inputs and yields each season to refine your plan.","agriculture,alluvial,bacterial leaf streak,farming,india,regenerative_agriculture,turmeric"
GAP,ginger,leaf spot,What GAP should I follow for ginger to meet market and export standards?,"For ginger, GAP covers seed quality, soil health, water management, and worker safety. Use protective gear, calibrate sprayers, and keep input records. Train labor on safe handling. Keep records of inputs and yields each season to refine your plan.","agriculture,farming,gap,ginger,india,leaf spot,loamy"
Insurance,garlic,rust,"What soil type and pH are ideal for garlic, and how do I improve my soil?","For garlic, explore state-specific insurance top-ups and micro-insurance. Maintain communication with insurance agents. File claims promptly with required documents. Keep records of inputs and yields each season to refine your plan.","agriculture,farming,garlic,india,insurance,rust,sandy"
Fertilizer,coriander,downy mildew,Which government schemes can I use for coriander cultivation and marketing?,"For coriander, start with a soil test. In most alluvial/loamy soils, apply 80–120 kg N/ha, 40–60 kg P2O5/ha, and 40–60 kg K2O/ha in splits. At sowing, place full P and K plus 1/3 N near the seed. Top-dress remaining N at tillering/vegetative stage and again at flowering. Add 5–10 t/ha FYM or compost before sowing. Use ZnSO4 (20–25 kg/ha) if deficient. Avoid excessive urea to prevent lodging and disease.","agriculture,coriander,downy mildew,farming,fertilizer,india,laterite"
Disease,cumin,downy mildew,How can I increase yield in cumin with better agronomy and protection?,"In cumin, downy mildew spreads in warm, humid conditions. Use protective sprays (mancozeb 0.25%) before monsoon peaks. Combine with resistant varieties and avoid overhead irrigation. Rotate with non-host crops to break disease cycles. Keep records of inputs and yields each season to refine your plan.","agriculture,cumin,disease,downy mildew,farming,india,red"
Pest,rice,brown spot,What is a good NPK plan for rice to avoid lodging and disease?,"Common pests in rice include stem borer, leaf folder, brown planthopper, green leafhopper. Monitor with pheromone traps (10–12/ha). Use need-based sprays: emamectin benzoate or spinosad for larvae; imidacloprid for sucking pests. Preserve natural enemies; avoid broad-spectrum sprays early. Keep records of inputs and yields each season to refine your plan.","agriculture,brown spot,clay,farming,india,pest,rice"
Irrigation,wheat,loose smut,How do I set up protected cultivation or greenhouse for wheat?,"In wheat, schedule irrigation based on soil type: sandy soils need frequent light irrigation; clay soils need fewer but deeper irrigations. Use tensiometer at 15–20 cm depth; irrigate at −20 to −30 kPa. Avoid drought at flowering to prevent yield loss.","agriculture,farming,india,irrigation,loamy,loose smut,wheat"
Weather,maize,stem borer damage,Which government schemes can I use for maize cultivation and marketing?,"Heavy rain during flowering of maize causes pollen wash and yield loss. Ensure drainage, use raised beds, and avoid late nitrogen. If lodging risk exists, reduce N and increase K. Keep records of inputs and yields each season to refine your plan.","agriculture,farming,india,laterite,maize,stem borer damage,weather"
Soil,cotton,boll rot,How can I increase yield in cotton with better agronomy and protection?,"Best soils for cotton are deep, well-drained loamy to clay loam with pH 6.0–7.5. In black soils, ensure good drainage to avoid root diseases. In red soils, add 4–6 t/ha FYM and 20–25 kg/ha ZnSO4. In sandy soils, increase organic matter and use split fertilizer doses.","agriculture,boll rot,clay,cotton,farming,india,soil"
Government Scheme,sugarcane,smut,How do I set up protected cultivation or greenhouse for sugarcane?,"In sugarcane, agri-business ideas can access credit via NABARD and agri-clinics schemes. Explore FPO formation, common facility centers, and market linkage programs. Check state horticulture missions for post-harvest support. Keep records of inputs and yields each season to refine your plan.","agriculture,farming,government_scheme,india,sandy,smut,sugarcane"
Harvesting,soybean,yellow mosaic virus,"What are the signs of Zn, B, or S deficiency in soybean and how do I correct them?","For soybean, harvest in dry weather. Use sharp sickles or mechanical harvesters to minimize losses. Dry produce to safe moisture (grains 12–14%, pulses 10–12%) before storage. Clean and grade before marketing. Keep records of inputs and yields each season to refine your plan.","agriculture,black,farming,harvesting,india,soybean,yellow mosaic virus"
Marketing,tomato,late blight,How should I plan crop rotation with tomato to improve soil health?,"For tomato, MSP announcements and procurement vary by state. Register on e-NAM for better market access. FPO membership can improve bargaining power. Explore agri-infrastructure funds for storage and processing. Keep records of inputs and yields each season to refine your plan.","agriculture,clay,farming,india,late blight,marketing,tomato"
Organic Farming,potato,late blight,How does crop insurance work for potato and how do I claim?,"For potato, organic yields improve over 2–3 years as soil health builds. Use seed treatment with Trichoderma and biofertilizers. Avoid contamination from conventional inputs and maintain buffer zones. Keep records of inputs and yields each season to refine your plan.","agriculture,clay,farming,india,late blight,organic_farming,potato"
Yield Improvement,onion,downy mildew,When and how should I harvest onion to get maximum yield and quality?,"For onion, target 10–15% higher yield by adopting improved varieties, micro-irrigation, and INM. Ensure timely sowing, proper spacing, and timely weeding. Use foliar nutrients at critical stages. Keep records of inputs and yields each season to refine your plan.","agriculture,downy mildew,farming,india,loamy,onion,yield_improvement"
Seed Selection,chilli,leaf curl virus,"How can I control aphids, thrips, fruit borer, mites in chilli using IPM and reduce chemical sprays?","In chilli, procure seeds from certified agencies. Check germination before sowing; aim for >85%. Avoid storage in humid conditions. Keep records of inputs and yields each season to refine your plan.","agriculture,chilli,clay,farming,india,leaf curl virus,seed_selection"
Storage,brinjal,fruit rot,"How can I control shoot and fruit borer, aphids, jassids, whitefly in brinjal using IPM and reduce chemical sprays?","For brinjal, ensure produce is dry and clean before storage. Avoid mixing old and new stock. Use neem leaves or botanicals in small stores. Monitor temperature and humidity; aerate if needed. Keep records of inputs and yields each season to refine your plan.","agriculture,alluvial,brinjal,farming,fruit rot,india,storage"
Post-Harvest,cabbage,powdery mildew,What weather conditions harm cabbage and how do I protect my crop?,"Store cabbage grains at 12–14% moisture in clean, dry, rodent-proof structures. Treat storage area with malathion dust. Use hermetic bags or PICS bags for pulses. Fumigate with aluminum phosphide if needed, following safety protocols. Keep records of inputs and yields each season to refine your plan.","agriculture,alluvial,cabbage,farming,india,post-harvest,powdery mildew"
Mechanization,cauliflower,black rot,What is the best fertilizer dose and schedule for cauliflower in red soil?,"For cauliflower, combine harvesters reduce field losses but require proper adjustment. Use moisture meters to decide harvest time. Store machinery under cover to extend life. Keep records of inputs and yields each season to refine your plan.","agriculture,black rot,cauliflower,farming,india,mechanization,red"
Intercropping,okra,powdery mildew,"What are the signs of Zn, B, or S deficiency in okra and how do I correct them?","Intercropping okra with legumes improves soil N and reduces pest pressure. Use compatible row ratios (e.g., 2:1 or 4:2). Manage nutrients and irrigation for both crops. Keep records of inputs and yields each season to refine your plan.","agriculture,farming,india,intercropping,loamy,okra,powdery mildew"
Crop Rotation,groundnut,rust,How do I manage rust in groundnut? What are the symptoms and spray schedule?,"For groundnut, avoid continuous monoculture. Rotate with cereals/legumes to balance nutrients. Use residue incorporation and cover crops to build organic matter. Keep records of inputs and yields each season to refine your plan.","agriculture,alluvial,crop_rotation,farming,groundnut,india,rust"
Water Conservation,mustard,aphid damage,"What soil type and pH are ideal for mustard, and how do I improve my soil?","Conserve water in mustard with mulching, zero-till, and micro-irrigation. Schedule irrigation based on soil moisture. Avoid flood irrigation in sandy soils. Keep records of inputs and yields each season to refine your plan.","agriculture,aphid damage,farming,india,loamy,mustard,water_conservation"
Micronutrients,sunflower,head rot,How does crop insurance work for sunflower and how do I claim?,"S deficiency in sunflower leads to pale young leaves. Use SSP or gypsum to supply S (20–40 kg/ha). In high-rainfall areas, split S applications to reduce leaching. Keep records of inputs and yields each season to refine your plan.","agriculture,farming,head rot,india,laterite,micronutrients,sunflower"
NPK Management,bajra,leaf spot,"What soil type and pH are ideal for bajra, and how do I improve my soil?","In bajra, high K improves water use efficiency and disease resistance. Apply K in splits; avoid late heavy K. Use SOP or MOP based on crop and soil Cl tolerance. Keep records of inputs and yields each season to refine your plan.","agriculture,bajra,farming,india,leaf spot,loamy,npk_management"
IPM,jowar,rust,What water conservation practices work best for jowar in my area?,"For jowar, IPM starts with monitoring: pheromone traps, field scouting, and ETL-based sprays. Use biocontrol (Trichogramma, NPV) and botanicals (neem) early. Rotate insecticide groups to delay resistance. Keep records of inputs and yields each season to refine your plan.","agriculture,farming,india,ipm,jowar,red,rust"
Weed Management,ragi,bacterial leaf streak,How can I increase yield in ragi with better agronomy and protection?,"Weeds in ragi compete for light, water, and nutrients. Use pre-emergence herbicides (pendimethalin 1.0–1.5 kg/ha) followed by one hand weeding at 25–30 DAS. Mulching and intercropping also suppress weeds. Keep records of inputs and yields each season to refine your plan.","agriculture,alluvial,bacterial leaf streak,farming,india,ragi,weed_management"
Protected Cultivation,gram,wilt,How do I implement IPM in gram step by step?,"For gram, polyhouses improve yield and quality. Install fans and foggers for climate control. Use reflective mulch and trellising for better light distribution. Keep records of inputs and yields each season to refine your plan.","agriculture,farming,gram,india,laterite,protected_cultivation,wilt"
Greenhouse,pigeon pea,wilt,How do I move towards regenerative agriculture in pigeon pea?,"For pigeon pea, polyhouses improve yield and quality. Install fans and foggers for climate control. Use reflective mulch and trellising for better light distribution. Keep records of inputs and yields each season to refine your plan.","agriculture,farming,greenhouse,india,laterite,pigeon pea,wilt"
Hydroponics,green gram,powdery mildew,"What are the signs of Zn, B, or S deficiency in green gram and how do I correct them?","In green gram, protected cultivation reduces pesticide use. Combine with biological controls and hygiene. Plan crop cycles to match market demand. Keep records of inputs and yields each season to refine your plan.","agriculture,black,farming,green gram,hydroponics,india,powdery mildew"
Carbon Farming,black gram,yellow mosaic virus,"How can I control pod borer, aphids, whitefly, thrips in black gram using IPM and reduce chemical sprays?","In black gram, reduced tillage and mulching improve SOC and water retention. Avoid burning residues; incorporate or use for mulch. Align with national carbon initiatives. Keep records of inputs and yields each season to refine your plan.","agriculture,black,black gram,carbon_farming,farming,india,yellow mosaic virus"
Regenerative Agriculture,banana,banana bunchy top virus,How should I plan crop rotation with banana to improve soil health?,"In banana, combine traditional knowledge with modern science for regenerative outcomes. Use participatory trials and share results with neighbors. Seek technical support from agriculture departments. Keep records of inputs and yields each season to refine your plan.","agriculture,banana,banana bunchy top virus,farming,india,regenerative_agriculture,sandy"
GAP,mango,bacterial canker,What water conservation practices work best for mango in my area?,"In mango, GAP reduces risks and builds buyer trust. Regularly audit practices and update SOPs. Engage with buyers to understand quality standards. Keep records of inputs and yields each season to refine your plan.","agriculture,bacterial canker,farming,gap,india,laterite,mango"
Insurance,papaya,anthracnose,Which machines or implements are useful for papaya to save labor and time?,"In papaya, combine insurance with savings and credit for resilience. Diversify crops and income sources. Seek advisory on risk reduction and insurance options. Keep records of inputs and yields each season to refine your plan.","agriculture,anthracnose,farming,india,insurance,laterite,papaya"
Fertilizer,grapes,black rot,How do I move towards regenerative agriculture in grapes?,"For grapes, start with a soil test. In most alluvial/loamy soils, apply 80–120 kg N/ha, 40–60 kg P2O5/ha, and 40–60 kg K2O/ha in splits. At sowing, place full P and K plus 1/3 N near the seed. Top-dress remaining N at tillering/vegetative stage and again at flowering. Add 5–10 t/ha FYM or compost before sowing. Use ZnSO4 (20–25 kg/ha) if deficient. Avoid excessive urea to prevent lodging and disease.","agriculture,black,black rot,farming,fertilizer,grapes,india"
Disease,pomegranate,cercospora leaf spot,When and how should I harvest pomegranate to get maximum yield and quality?,"In pomegranate, cercospora leaf spot spreads in warm, humid conditions. Use protective sprays (mancozeb 0.25%) before monsoon peaks. Combine with resistant varieties and avoid overhead irrigation. Rotate with non-host crops to break disease cycles. Keep records of inputs and yields each season to refine your plan.","agriculture,cercospora leaf spot,disease,farming,india,pomegranate,sandy"
Pest,citrus,anthracnose,What are effective weed control methods for citrus that are safe and cheap?,"In citrus, control fruit fly, leaf miner, psylla, scale insects with cultural methods: timely sowing, intercropping, and crop rotation. Use biopesticides (Bt, NPV) where available. Spot-spray outbreaks and avoid prophylactic sprays. Keep records of inputs and yields each season to refine your plan.","agriculture,anthracnose,citrus,farming,india,pest,red"
Irrigation,turmeric,bacterial leaf streak,What are effective weed control methods for turmeric that are safe and cheap?,"For turmeric, maintain soil moisture at 50–60% field capacity. Use drip or furrow irrigation to save 20–30% water. Avoid waterlogging; ensure drainage in heavy soils. Critical stages: sowing, flowering, and pod/fruit set. In summer, irrigate every 5–7 days; in winter, every 8–10 days.","agriculture,bacterial leaf streak,farming,india,irrigation,laterite,turmeric"
Weather,ginger,rhizome rot,"What are the signs of Zn, B, or S deficiency in ginger and how do I correct them?","In drought-prone areas, select short-duration ginger varieties. Use mulching, zero-till, and deficit irrigation. Apply 2% KNO3 foliar to mitigate heat stress. Avoid late sowing in rainfed zones. Keep records of inputs and yields each season to refine your plan.","agriculture,farming,ginger,india,laterite,rhizome rot,weather"
Soil,garlic,bacterial soft rot,What carbon farming practices can I adopt in garlic fields?,"For garlic, avoid continuous monocropping. Rotate with legumes to improve N and soil health. Add 5–10 t/ha FYM and practice conservation tillage to enhance infiltration and reduce erosion. Keep records of inputs and yields each season to refine your plan.","agriculture,bacterial soft rot,farming,garlic,india,red,soil"
Government Scheme,coriander,powdery mildew,Which irrigation method saves the most water for coriander without reducing yield?,"Farmers growing coriander can benefit from PM-KISAN (₹6,000/year), Kisan Credit Card (subsidized interest), and Soil Health Card (free soil testing). Check with your local agriculture office or CSC for enrollment. Crop insurance under PMFBY is also available. Keep records of inputs and yields each season to refine your plan.","agriculture,black,coriander,farming,government_scheme,india,powdery mildew"
Harvesting,cumin,bacterial leaf spot,What GAP should I follow for cumin to meet market and export standards?,"In cumin, early harvest reduces field losses and aflatoxin risk. Dry on clean tarps; avoid direct soil contact. Use moisture meters to ensure safe storage levels. Store in fumigated, rodent-proof structures. Keep records of inputs and yields each season to refine your plan.","agriculture,bacterial leaf spot,black,cumin,farming,harvesting,india"
Marketing,rice,brown spot,How do I manage brown spot in rice? What are the symptoms and spray schedule?,"In rice, agri-business ideas can access credit via NABARD and agri-clinics schemes. Explore FPO formation, common facility centers, and market linkage programs. Check state horticulture missions for post-harvest support. Keep records of inputs and yields each season to refine your plan.","agriculture,brown spot,farming,india,loamy,marketing,rice"
Organic Farming,wheat,alternaria leaf blight,"What are the signs of Zn, B, or S deficiency in wheat and how do I correct them?","For organic wheat, use well-decomposed FYM (10–15 t/ha), vermicompost (2–3 t/ha), and biofertilizers (Rhizobium, PSB, Azotobacter). Avoid synthetic fertilizers and pesticides. Use neem-based products and botanicals for pest control. Keep records of inputs and yields each season to refine your plan.","agriculture,alternaria leaf blight,farming,india,loamy,organic_farming,wheat"
Yield Improvement,maize,downy mildew,What carbon farming practices can I adopt in maize fields?,"For maize, integrate agronomy and protection: quality seeds, seed treatment, balanced fertilizers, and need-based sprays. Avoid late sowing and water stress during reproductive stages. Keep records of inputs and yields each season to refine your plan.","agriculture,alluvial,downy mildew,farming,india,maize,yield_improvement"
Seed Selection,cotton,boll rot,What water conservation practices work best for cotton in my area?,"In cotton, seed rate varies by method: line sowing needs less seed than broadcasting. Calibrate seed drills for uniform spacing. Avoid old or damaged seeds. Keep records of inputs and yields each season to refine your plan.","agriculture,alluvial,boll rot,cotton,farming,india,seed_selection"
Storage,sugarcane,ratoon stunting disease,How should I plan crop rotation with sugarcane to improve soil health?,"In sugarcane, fumigation should be done by trained personnel. Seal stores properly, use recommended doses, and observe aeration periods before sale or consumption. Keep records of inputs and yields each season to refine your plan.","agriculture,black,farming,india,ratoon stunting disease,storage,sugarcane"
Post-Harvest,soybean,bacterial pustule,What carbon farming practices can I adopt in soybean fields?,"For soybean, maintain ventilation in stores. Use insect-proof screens. In humid areas, prefer hermetic storage. Avoid storing near chemicals or fertilizers to prevent contamination. Keep records of inputs and yields each season to refine your plan.","agriculture,bacterial pustule,farming,india,post-harvest,red,soybean"
Mechanization,tomato,late blight,"What soil type and pH are ideal for tomato, and how do I improve my soil?","For tomato, combine harvesters reduce field losses but require proper adjustment. Use moisture meters to decide harvest time. Store machinery under cover to extend life. Keep records of inputs and yields each season to refine your plan.","agriculture,clay,farming,india,late blight,mechanization,tomato"
Intercropping,potato,scab,"What soil type and pH are ideal for potato, and how do I improve my soil?","In potato, intercropping breaks pest cycles and improves biodiversity. Select crops with different canopy heights and root depths. Monitor for pest shifts and adjust management. Keep records of inputs and yields each season to refine your plan.","agriculture,alluvial,farming,india,intercropping,potato,scab"
Crop Rotation,onion,stemphylium blight,What are effective weed control methods for onion that are safe and cheap?,"In onion, plan rotations around water availability. Use drought-tolerant crops in dry years and high-value crops in wet years. Maintain soil cover year-round. Keep records of inputs and yields each season to refine your plan.","agriculture,crop_rotation,farming,india,onion,red,stemphylium blight"
Water Conservation,chilli,dieback,What carbon farming practices can I adopt in chilli fields?,"In chilli, avoid over-irrigation which leaches nutrients and promotes diseases. Use tensiometers or soil moisture sensors for precise scheduling. Maintain drainage to prevent waterlogging. Keep records of inputs and yields each season to refine your plan.","agriculture,chilli,dieback,farming,india,loamy,water_conservation"
Micronutrients,brinjal,fruit rot,What carbon farming practices can I adopt in brinjal fields?,"S deficiency in brinjal leads to pale young leaves. Use SSP or gypsum to supply S (20–40 kg/ha). In high-rainfall areas, split S applications to reduce leaching. Keep records of inputs and yields each season to refine your plan.","agriculture,brinjal,farming,fruit rot,india,loamy,micronutrients"
NPK Management,cabbage,black rot,Which government schemes can I use for cabbage cultivation and marketing?,"For cabbage, P fixation in alkaline soils reduces efficiency. Band P near roots, use SSP or DAP, and maintain pH 6.5–7.5 with amendments. Add Zn and S where deficient. Keep records of inputs and yields each season to refine your plan.","agriculture,black rot,cabbage,farming,india,npk_management,red"
IPM,cauliflower,alternaria leaf spot,What is the best fertilizer dose and schedule for cauliflower in alluvial soil?,"In cauliflower, cultural practices (timely sowing, intercropping, crop rotation) reduce pest pressure. Preserve natural enemies by avoiding broad-spectrum sprays. Use spot treatments for outbreaks. Keep records of inputs and yields each season to refine your plan.","agriculture,alluvial,alternaria leaf spot,cauliflower,farming,india,ipm"
Weed Management,okra,powdery mildew,What carbon farming practices can I adopt in okra fields?,"For okra, hand weeding is effective but labor-intensive. Combine with pre-emergence sprays and mulching. Keep field borders clean to reduce weed seed bank. Keep records of inputs and yields each season to refine your plan.","agriculture,farming,india,loamy,okra,powdery mildew,weed_management"
Protected Cultivation,groundnut,leaf spot,What GAP should I follow for groundnut to meet market and export standards?,"Protected cultivation (shade nets, low tunnels) in groundnut reduces pest and weather damage. Use drip fertigation and mulch. Monitor temperature and humidity to prevent diseases. Keep records of inputs and yields each season to refine your plan.","agriculture,farming,groundnut,india,leaf spot,protected_cultivation,red"
Greenhouse,mustard,alternaria leaf spot,Which machines or implements are useful for mustard to save labor and time?,"For mustard, greenhouses enable year-round production. Use insect-proof nets, drip irrigation, and balanced fertigation. Train labor on climate management and IPM. Keep records of inputs and yields each season to refine your plan.","agriculture,alternaria leaf spot,farming,greenhouse,india,mustard,sandy"
Hydroponics,sunflower,head rot,How can I increase yield in sunflower with better agronomy and protection?,"In sunflower, hydroponics saves water and nutrients. Maintain EC and pH in recommended ranges. Use sterile media and prevent root diseases with sanitation. Keep records of inputs and yields each season to refine your plan.","agriculture,farming,head rot,hydroponics,india,laterite,sunflower"
Carbon Farming,bajra,smut,How do I practice organic farming in bajra without losing yield?,"In bajra, reduced tillage and mulching improve SOC and water retention. Avoid burning residues; incorporate or use for mulch. Align with national carbon initiatives. Keep records of inputs and yields each season to refine your plan.","agriculture,alluvial,bajra,carbon_farming,farming,india,smut"
Regenerative Agriculture,jowar,rust,Which irrigation method saves the most water for jowar without reducing yield?,"Regenerative agriculture in jowar focuses on soil health, biodiversity, and water. Use cover crops, minimal tillage, and diverse rotations. Track outcomes with soil tests and yield records. Keep records of inputs and yields each season to refine your plan.","agriculture,farming,india,jowar,loamy,regenerative_agriculture,rust"
GAP,ragi,helminthosporium leaf spot,How does crop insurance work for ragi and how do I claim?,"In ragi, GAP reduces risks and builds buyer trust. Regularly audit practices and update SOPs. Engage with buyers to understand quality standards. Keep records of inputs and yields each season to refine your plan.","agriculture,farming,gap,helminthosporium leaf spot,india,ragi,red"
Insurance,gram,wilt,Which irrigation method saves the most water for gram without reducing yield?,"In gram, weather-based insurance can provide quick payouts. Link with local meteorological data. Use insurance as part of risk management, not a substitute for good practices. Keep records of inputs and yields each season to refine your plan.","agriculture,farming,gram,india,insurance,sandy,wilt"
Fertilizer,pigeon pea,alternaria blight,What are effective weed control methods for pigeon pea that are safe and cheap?,"For pigeon pea, target 120–150 kg N/ha in high-yield zones. Use 50% N at sowing, 25% at tillering, 25% at panicle initiation. Apply 60 kg P2O5 and 40–60 kg K2O basally. In acidic soils, liming (2–5 t/ha) improves P availability. Use 10–15 t/ha FYM for soil health. Foliar 2% urea at flowering can help under stress.","agriculture,alternaria blight,farming,fertilizer,india,pigeon pea,sandy"
Disease,green gram,bacterial leaf spot,What are effective weed control methods for green gram that are safe and cheap?,"For bacterial leaf spot in green gram, early detection is key. Symptoms include small water-soaked spots turning necrotic. Spray recommended fungicides (e.g., propiconazole, tebuconazole) at label doses. Practice field sanitation, avoid water stagnation, and maintain plant spacing for airflow. Keep records of inputs and yields each season to refine your plan.","agriculture,bacterial leaf spot,disease,farming,green gram,india,laterite"
Pest,black gram,yellow mosaic virus,Which machines or implements are useful for black gram to save labor and time?,"Common pests in black gram include pod borer, aphids, whitefly, thrips. Monitor with pheromone traps (10–12/ha). Use need-based sprays: emamectin benzoate or spinosad for larvae; imidacloprid for sucking pests. Preserve natural enemies; avoid broad-spectrum sprays early. Keep records of inputs and yields each season to refine your plan.","agriculture,black gram,clay,farming,india,pest,yellow mosaic virus"
Irrigation,banana,anthracnose,"What soil type and pH are ideal for banana, and how do I improve my soil?","In banana, schedule irrigation based on soil type: sandy soils need frequent light irrigation; clay soils need fewer but deeper irrigations. Use tensiometer at 15–20 cm depth; irrigate at −20 to −30 kPa. Avoid drought at flowering to prevent yield loss.","agriculture,anthracnose,banana,farming,india,irrigation,laterite"
Weather,mango,dieback,Which machines or implements are useful for mango to save labor and time?,"In drought-prone areas, select short-duration mango varieties. Use mulching, zero-till, and deficit irrigation. Apply 2% KNO3 foliar to mitigate heat stress. Avoid late sowing in rainfed zones. Keep records of inputs and yields each season to refine your plan.","agriculture,dieback,farming,india,laterite,mango,weather"
Soil,papaya,ring spot virus,How do I implement IPM in papaya step by step?,"In papaya, heavy clay soils need raised beds and proper drainage. Sandy soils benefit from mulching and frequent light irrigations. Loamy soils are ideal; maintain OC with crop residues and manures. Keep records of inputs and yields each season to refine your plan.","agriculture,farming,india,papaya,red,ring spot virus,soil"
Government Scheme,grapes,downy mildew,When and how should I harvest grapes to get maximum yield and quality?,"In grapes, state schemes may offer seed subsidies, drip irrigation support, and power concessions. Keep Aadhaar, land records, and bank details updated for scheme benefits. Use KCC for working capital and input purchases. Keep records of inputs and yields each season to refine your plan.","agriculture,black,downy mildew,farming,government_scheme,grapes,india"
Harvesting,pomegranate,anthracnose,"How can I control fruit fly, thrips, mealybug, aphids in pomegranate using IPM and reduce chemical sprays?","In pomegranate, early harvest reduces field losses and aflatoxin risk. Dry on clean tarps; avoid direct soil contact. Use moisture meters to ensure safe storage levels. Store in fumigated, rodent-proof structures. Keep records of inputs and yields each season to refine your plan.","agriculture,anthracnose,clay,farming,harvesting,india,pomegranate"
Marketing,citrus,powdery mildew,"What soil type and pH are ideal for citrus, and how do I improve my soil?","Farmers growing citrus can benefit from PM-KISAN (₹6,000/year), Kisan Credit Card (subsidized interest), and Soil Health Card (free soil testing). Check with your local agriculture office or CSC for enrollment. Crop insurance under PMFBY is also available. Keep records of inputs and yields each season to refine your plan.","agriculture,alluvial,citrus,farming,india,marketing,powdery mildew"
Organic Farming,turmeric,bacterial leaf streak,What are effective weed control methods for turmeric that are safe and cheap?,"In turmeric, adopt crop rotation with legumes, green manures (dhaincha, sunhemp), and mulching. Maintain field sanitation and use resistant varieties. Certification via NPOP/PGS-India adds market value. Keep records of inputs and yields each season to refine your plan.","agriculture,bacterial leaf streak,farming,india,organic_farming,sandy,turmeric"
Yield Improvement,ginger,bacterial wilt,What are good intercropping options with ginger to increase income?,"For ginger, target 10–15% higher yield by adopting improved varieties, micro-irrigation, and INM. Ensure timely sowing, proper spacing, and timely weeding. Use foliar nutrients at critical stages. Keep records of inputs and yields each season to refine your plan.","agriculture,bacterial wilt,farming,ginger,india,laterite,yield_improvement"
Seed Selection,garlic,stemphylium blight,What carbon farming practices can I adopt in garlic fields?,"In garlic, seed rate varies by method: line sowing needs less seed than broadcasting. Calibrate seed drills for uniform spacing. Avoid old or damaged seeds. Keep records of inputs and yields each season to refine your plan.","agriculture,farming,garlic,india,loamy,seed_selection,stemphylium blight"
Storage,coriander,powdery mildew,What GAP should I follow for coriander to meet market and export standards?,"Store coriander grains at 12–14% moisture in clean, dry, rodent-proof structures. Treat storage area with malathion dust. Use hermetic bags or PICS bags for pulses. Fumigate with aluminum phosphide if needed, following safety protocols. Keep records of inputs and yields each season to refine your plan.","agriculture,coriander,farming,india,laterite,powdery mildew,storage"
Post-Harvest,cumin,bacterial leaf spot,How can I increase yield in cumin with better agronomy and protection?,"Store cumin grains at 12–14% moisture in clean, dry, rodent-proof structures. Treat storage area with malathion dust. Use hermetic bags or PICS bags for pulses. Fumigate with aluminum phosphide if needed, following safety protocols. Keep records of inputs and yields each season to refine your plan.","agriculture,bacterial leaf spot,black,cumin,farming,india,post-harvest"
Mechanization,rice,bacterial leaf blight,What are effective weed control methods for rice that are safe and cheap?,"For rice, post-harvest mechanization (threshers, graders, dryers) improves quality and reduces losses. Clean and maintain equipment after each season. Keep records of inputs and yields each season to refine your plan.","agriculture,bacterial leaf blight,farming,india,loamy,mechanization,rice"
Intercropping,wheat,karnal bunt,How do I set up protected cultivation or greenhouse for wheat?,"For wheat, relay cropping or sequential cropping maximizes land use. Maintain soil fertility with FYM and biofertilizers. Use crop-specific herbicides carefully. Keep records of inputs and yields each season to refine your plan.","agriculture,farming,india,intercropping,karnal bunt,sandy,wheat"
Crop Rotation,maize,banded leaf and sheath blight,How do I implement IPM in maize step by step?,"Rotate maize with non-host crops (e.g., legumes) to break disease and pest cycles. Include green manures to improve soil health. Plan 2–3 year rotations based on soil and water availability. Keep records of inputs and yields each season to refine your plan.","agriculture,banded leaf and sheath blight,black,crop_rotation,farming,india,maize"
Water Conservation,cotton,pink bollworm damage,What water conservation practices work best for cotton in my area?,"For cotton, line canals and use pipes to reduce conveyance losses. Adopt laser leveling for uniform water distribution. Train farmers on efficient irrigation practices. Keep records of inputs and yields each season to refine your plan.","agriculture,cotton,farming,india,pink bollworm damage,red,water_conservation"
Micronutrients,sugarcane,ratoon stunting disease,What are effective weed control methods for sugarcane that are safe and cheap?,"Zn deficiency in sugarcane shows as interveinal chlorosis and stunting. Apply ZnSO4 (20–25 kg/ha) basally or foliar 0.5% ZnSO4 + 0.25% lime. In alkaline soils, band Zn near roots for better uptake. Keep records of inputs and yields each season to refine your plan.","agriculture,black,farming,india,micronutrients,ratoon stunting disease,sugarcane"
NPK Management,soybean,bacterial pustule,How should I plan crop rotation with soybean to improve soil health?,"In soybean, high K improves water use efficiency and disease resistance. Apply K in splits; avoid late heavy K. Use SOP or MOP based on crop and soil Cl tolerance. Keep records of inputs and yields each season to refine your plan.","agriculture,bacterial pustule,farming,india,laterite,npk_management,soybean"
IPM,tomato,powdery mildew,How do I implement IPM in tomato step by step?,"For tomato, combine mechanical (handpicking), biological (parasitoids), and chemical controls. Calibrate sprayers; apply at correct growth stage. Follow pre-harvest intervals and safety norms. Keep records of inputs and yields each season to refine your plan.","agriculture,black,farming,india,ipm,powdery mildew,tomato"
Weed Management,potato,bacterial wilt,"What are the signs of Zn, B, or S deficiency in potato and how do I correct them?","For potato, timely weeding (first 30 days) is critical. Use mechanical weeding or recommended herbicides. Avoid late weeding that damages roots. Maintain crop geometry for canopy closure. Keep records of inputs and yields each season to refine your plan.","agriculture,bacterial wilt,farming,india,potato,red,weed_management"
Protected Cultivation,onion,purple blotch,How do I set up protected cultivation or greenhouse for onion?,"Protected cultivation (shade nets, low tunnels) in onion reduces pest and weather damage. Use drip fertigation and mulch. Monitor temperature and humidity to prevent diseases. Keep records of inputs and yields each season to refine your plan.","agriculture,farming,india,loamy,onion,protected_cultivation,purple blotch"
Greenhouse,chilli,dieback,When and how should I harvest chilli to get maximum yield and quality?,"In chilli, hydroponics saves water and nutrients. Maintain EC and pH in recommended ranges. Use sterile media and prevent root diseases with sanitation. Keep records of inputs and yields each season to refine your plan.","agriculture,chilli,dieback,farming,greenhouse,india,loamy"
Hydroponics,brinjal,little leaf virus,How do I set up protected cultivation or greenhouse for brinjal?,"For brinjal, greenhouses enable year-round production. Use insect-proof nets, drip irrigation, and balanced fertigation. Train labor on climate management and IPM. Keep records of inputs and yields each season to refine your plan.","agriculture,brinjal,farming,hydroponics,india,little leaf virus,sandy"
Carbon Farming,cabbage,downy mildew,"How can I control diamondback moth, aphids, head borer in cabbage using IPM and reduce chemical sprays?","In cabbage, reduced tillage and mulching improve SOC and water retention. Avoid burning residues; incorporate or use for mulch. Align with national carbon initiatives. Keep records of inputs and yields each season to refine your plan.","agriculture,black,cabbage,carbon_farming,downy mildew,farming,india"
Regenerative Agriculture,cauliflower,downy mildew,What water conservation practices work best for cauliflower in my area?,"For cauliflower, integrate trees, shrubs, and perennials to enhance resilience. Use organic amendments and biological pest control. Build local knowledge and community practices. Keep records of inputs and yields each season to refine your plan.","agriculture,cauliflower,downy mildew,farming,india,red,regenerative_agriculture"
GAP,okra,yellow vein mosaic,How does crop insurance work for okra and how do I claim?,"For okra, GAP aligns with food safety and export requirements. Maintain field maps, input logs, and harvest records. Use clean containers and cold chain where needed. Keep records of inputs and yields each season to refine your plan.","agriculture,farming,gap,india,okra,red,yellow vein mosaic"
Insurance,groundnut,bud necrosis virus,How should I plan crop rotation with groundnut to improve soil health?,"In groundnut, combine insurance with savings and credit for resilience. Diversify crops and income sources. Seek advisory on risk reduction and insurance options. Keep records of inputs and yields each season to refine your plan.","agriculture,bud necrosis virus,clay,farming,groundnut,india,insurance"
Fertilizer,mustard,aphid damage,How should I plan crop rotation with mustard to improve soil health?,"In mustard, apply 80–120 kg N/ha, 40–60 kg P2O5/ha, 40 kg K2O/ha. Use basal NPK (15:15:15) at 150–200 kg/ha, then top-dress urea twice. Add ZnSO4 (20–25 kg/ha) once in 2–3 years. Include 5–10 t/ha FYM before sowing. In saline soils, prefer gypsum and avoid chloride fertilizers.","agriculture,aphid damage,farming,fertilizer,india,mustard,sandy"
Disease,sunflower,alternaria leaf spot,How do I set up protected cultivation or greenhouse for sunflower?,"For alternaria leaf spot in sunflower, early detection is key. Symptoms include leaf spots and wilting. Spray recommended fungicides (e.g., propiconazole, tebuconazole) at label doses. Practice field sanitation, avoid water stagnation, and maintain plant spacing for airflow. Keep records of inputs and yields each season to refine your plan.","agriculture,alternaria leaf spot,clay,disease,farming,india,sunflower"
Pest,bajra,smut,Which irrigation method saves the most water for bajra without reducing yield?,"In bajra, pests like shoot fly, stem borer, aphids cause yield loss. Use sticky traps for whiteflies/aphids. Apply recommended insecticides at correct doses. Maintain field hygiene and remove weed hosts. Keep records of inputs and yields each season to refine your plan.","agriculture,bajra,farming,india,laterite,pest,smut"
Irrigation,jowar,leaf blight,How do I practice organic farming in jowar without losing yield?,"In jowar, schedule irrigation based on soil type: sandy soils need frequent light irrigation; clay soils need fewer but deeper irrigations. Use tensiometer at 15–20 cm depth; irrigate at −20 to −30 kPa. Avoid drought at flowering to prevent yield loss.","agriculture,farming,india,irrigation,jowar,leaf blight,sandy"
Weather,ragi,bacterial leaf streak,What is a good NPK plan for ragi to avoid lodging and disease?,"In ragi, unexpected hail can damage canopy. Ensure good K nutrition for resilience. After hail, apply broad-spectrum fungicide to prevent secondary infections and maintain drainage. Keep records of inputs and yields each season to refine your plan.","agriculture,bacterial leaf streak,black,farming,india,ragi,weather"
Soil,gram,wilt,How can I increase yield in gram with better agronomy and protection?,"For gram, avoid continuous monocropping. Rotate with legumes to improve N and soil health. Add 5–10 t/ha FYM and practice conservation tillage to enhance infiltration and reduce erosion. Keep records of inputs and yields each season to refine your plan.","agriculture,alluvial,farming,gram,india,soil,wilt"
Government Scheme,pigeon pea,wilt,What is a good NPK plan for pigeon pea to avoid lodging and disease?,"In pigeon pea, state schemes may offer seed subsidies, drip irrigation support, and power concessions. Keep Aadhaar, land records, and bank details updated for scheme benefits. Use KCC for working capital and input purchases. Keep records of inputs and yields each season to refine your plan.","agriculture,black,farming,government_scheme,india,pigeon pea,wilt"
Harvesting,green gram,powdery mildew,Which irrigation method saves the most water for green gram without reducing yield?,"In green gram, timely harvest improves market price. Use mechanical threshers where possible. Dry to safe moisture, clean, and store in hermetic bags or silos to prevent pests and mold. Keep records of inputs and yields each season to refine your plan.","agriculture,farming,green gram,harvesting,india,powdery mildew,sandy"
Marketing,black gram,bacterial leaf spot,How do I implement IPM in black gram step by step?,"For black gram, PMFBY provides yield-based insurance at low premium. Enroll through banks or CSC before sowing. Maintain plot-wise records and cooperate during crop cutting experiments for claim settlement. Keep records of inputs and yields each season to refine your plan.","agriculture,bacterial leaf spot,black gram,farming,india,loamy,marketing"
Organic Farming,banana,banana bunchy top virus,What GAP should I follow for banana to meet market and export standards?,"For organic banana, use well-decomposed FYM (10–15 t/ha), vermicompost (2–3 t/ha), and biofertilizers (Rhizobium, PSB, Azotobacter). Avoid synthetic fertilizers and pesticides. Use neem-based products and botanicals for pest control. Keep records of inputs and yields each season to refine your plan.","agriculture,banana,banana bunchy top virus,farming,india,loamy,organic_farming"
Yield Improvement,mango,spongy tissue,How should I plan crop rotation with mango to improve soil health?,"For mango, target 10–15% higher yield by adopting improved varieties, micro-irrigation, and INM. Ensure timely sowing, proper spacing, and timely weeding. Use foliar nutrients at critical stages. Keep records of inputs and yields each season to refine your plan.","agriculture,clay,farming,india,mango,spongy tissue,yield_improvement"
Seed Selection,papaya,anthracnose,How do I select and treat seeds for papaya to improve germination?,"In papaya, procure seeds from certified agencies. Check germination before sowing; aim for >85%. Avoid storage in humid conditions. Keep records of inputs and yields each season to refine your plan.","agriculture,anthracnose,farming,india,loamy,papaya,seed_selection"
Storage,grapes,powdery mildew,How can I increase yield in grapes with better agronomy and protection?,"Store grapes grains at 12–14% moisture in clean, dry, rodent-proof structures. Treat storage area with malathion dust. Use hermetic bags or PICS bags for pulses. Fumigate with aluminum phosphide if needed, following safety protocols. Keep records of inputs and yields each season to refine your plan.","agriculture,black,farming,grapes,india,powdery mildew,storage"
Post-Harvest,pomegranate,leaf spot,Which irrigation method saves the most water for pomegranate without reducing yield?,"In pomegranate, fumigation should be done by trained personnel. Seal stores properly, use recommended doses, and observe aeration periods before sale or consumption. Keep records of inputs and yields each season to refine your plan.","agriculture,farming,india,leaf spot,pomegranate,post-harvest,sandy"
Mechanization,citrus,greening (huanglongbing),How do I store citrus grains safely to avoid pests and mold?,"In citrus, drip fertigation systems improve input efficiency. Use filters and pressure regulators; flush lines regularly. Schedule irrigation based on soil moisture and crop stage. Keep records of inputs and yields each season to refine your plan.","agriculture,black,citrus,farming,greening (huanglongbing),india,mechanization"
Intercropping,turmeric,bacterial leaf streak,Which machines or implements are useful for turmeric to save labor and time?,"In turmeric, intercropping with aromatic or medicinal plants can add income. Ensure market linkages and proper spacing. Manage water and nutrients for both crops. Keep records of inputs and yields each season to refine your plan.","agriculture,bacterial leaf streak,farming,india,intercropping,loamy,turmeric"
Crop Rotation,ginger,bacterial wilt,What is a good NPK plan for ginger to avoid lodging and disease?,"In ginger, rotation reduces soil-borne diseases and weeds. Select crops with different nutrient demands. Maintain field records to plan rotations effectively. Keep records of inputs and yields each season to refine your plan.","agriculture,alluvial,bacterial wilt,crop_rotation,farming,ginger,india"
Water Conservation,garlic,rust,How does crop insurance work for garlic and how do I claim?,"In garlic, deficit irrigation at vegetative stage saves water without yield loss. Use crop residues as mulch to reduce evaporation. Monitor weather forecasts to avoid irrigation before rain. Keep records of inputs and yields each season to refine your plan.","agriculture,farming,garlic,india,laterite,rust,water_conservation"
Micronutrients,coriander,downy mildew,How do I set up protected cultivation or greenhouse for coriander?,"S deficiency in coriander leads to pale young leaves. Use SSP or gypsum to supply S (20–40 kg/ha). In high-rainfall areas, split S applications to reduce leaching. Keep records of inputs and yields each season to refine your plan.","agriculture,black,coriander,downy mildew,farming,india,micronutrients"
NPK Management,cumin,alternaria blight,"What soil type and pH are ideal for cumin, and how do I improve my soil?","For cumin, integrated nutrient management combines FYM, biofertilizers, and mineral fertilizers. Target OC >0.8%, balanced NPK, and micronutrients based on soil tests. Avoid blanket recommendations. Keep records of inputs and yields each season to refine your plan.","agriculture,alluvial,alternaria blight,cumin,farming,india,npk_management"
IPM,rice,tungro virus,Which government schemes can I use for rice cultivation and marketing?,"For rice, integrate pheromone traps (10–12/ha), NSKE 5%, and targeted insecticides. Avoid prophylactic sprays. Train labor on safe handling and PPE use. Keep records of inputs and yields each season to refine your plan.","agriculture,alluvial,farming,india,ipm,rice,tungro virus"
Weed Management,wheat,powdery mildew,Which irrigation method saves the most water for wheat without reducing yield?,"In wheat, avoid waterlogging which favors weeds. Use narrow row spacing and early canopy closure to suppress weeds. Scout fields regularly and remove weeds before seed set. Keep records of inputs and yields each season to refine your plan.","agriculture,alluvial,farming,india,powdery mildew,weed_management,wheat"
Protected Cultivation,maize,turcicum leaf blight,How do I practice organic farming in maize without losing yield?,"For maize, polyhouses improve yield and quality. Install fans and foggers for climate control. Use reflective mulch and trellising for better light distribution. Keep records of inputs and yields each season to refine your plan.","agriculture,alluvial,farming,india,maize,protected_cultivation,turcicum leaf blight"
Greenhouse,cotton,leaf curl virus,How do I move towards regenerative agriculture in cotton?,"Protected cultivation (shade nets, low tunnels) in cotton reduces pest and weather damage. Use drip fertigation and mulch. Monitor temperature and humidity to prevent diseases. Keep records of inputs and yields each season to refine your plan.","agriculture,cotton,farming,greenhouse,india,leaf curl virus,loamy"
Hydroponics,sugarcane,ratoon stunting disease,How do I implement IPM in sugarcane step by step?,"In sugarcane, hydroponics saves water and nutrients. Maintain EC and pH in recommended ranges. Use sterile media and prevent root diseases with sanitation. Keep records of inputs and yields each season to refine your plan.","agriculture,farming,hydroponics,india,loamy,ratoon stunting disease,sugarcane"
Carbon Farming,soybean,bacterial pustule,How do I move towards regenerative agriculture in soybean?,"In soybean, precision fertilizer use reduces N2O emissions. Use urease inhibitors and split N applications. Combine with renewable energy for irrigation. Keep records of inputs and yields each season to refine your plan.","agriculture,bacterial pustule,carbon_farming,farming,india,sandy,soybean"
Regenerative Agriculture,tomato,early blight,What carbon farming practices can I adopt in tomato fields?,"For tomato, regenerative systems need patient investment. Start with pilot plots, measure soil carbon and yields, and scale gradually. Engage with FPOs for collective action. Keep records of inputs and yields each season to refine your plan.","agriculture,early blight,farming,india,regenerative_agriculture,sandy,tomato"
GAP,potato,scab,What is the best fertilizer dose and schedule for potato in alluvial soil?,"In potato, GAP improves product quality and reduces residues. Implement standard operating procedures for spraying, harvesting, and packing. Seek certification where markets demand it. Keep records of inputs and yields each season to refine your plan.","agriculture,alluvial,farming,gap,india,potato,scab"
Insurance,onion,neck rot,When and how should I harvest onion to get maximum yield and quality?,"In onion, weather-based insurance can provide quick payouts. Link with local meteorological data. Use insurance as part of risk management, not a substitute for good practices. Keep records of inputs and yields each season to refine your plan.","agriculture,farming,india,insurance,neck rot,onion,red"
Fertilizer,chilli,powdery mildew,How do I store chilli grains safely to avoid pests and mold?,"Use 60–100 kg N/ha for chilli depending on rainfall and soil. Apply basal NPK (12:32:16 or 15:15:15) at 150–200 kg/ha at sowing, then top-dress urea in 2–3 splits. Include 20–25 kg/ha ZnSO4 where soils are alkaline. For irrigated conditions, split N at vegetative, flowering, and pod/fruit setting. In rainfed areas, use slow-release N and mulch to reduce losses.","agriculture,chilli,farming,fertilizer,india,powdery mildew,red"
Disease,brinjal,bacterial wilt,How do I practice organic farming in brinjal without losing yield?,"In brinjal, bacterial wilt shows wilting of plants with vascular browning. Prevent by using certified seeds, crop rotation, and balanced NPK. For fungal diseases, spray mancozeb 0.25% or carbendazim 0.1% at first sign. Improve drainage and avoid late evening irrigation. Remove infected debris.","agriculture,bacterial wilt,black,brinjal,disease,farming,india"
Pest,cabbage,powdery mildew,What are good intercropping options with cabbage to increase income?,"For cabbage, integrate mechanical (handpicking), biological (Trichogramma), and chemical controls. Avoid tank mixes that harm beneficials. Follow label doses and pre-harvest intervals. Keep records of inputs and yields each season to refine your plan.","agriculture,cabbage,clay,farming,india,pest,powdery mildew"
Irrigation,cauliflower,black rot,"What are the signs of Zn, B, or S deficiency in cauliflower and how do I correct them?","In cauliflower, avoid water stress during pod/fruit development. Use deficit irrigation (70–80% ET) in vegetative stage, then full irrigation at flowering and fruit set. Drain fields within 24 hours after heavy rain to prevent root rot. Keep records of inputs and yields each season to refine your plan.","agriculture,black rot,cauliflower,farming,india,irrigation,sandy"
Weather,okra,powdery mildew,How do I implement IPM in okra step by step?,"Heavy rain during flowering of okra causes pollen wash and yield loss. Ensure drainage, use raised beds, and avoid late nitrogen. If lodging risk exists, reduce N and increase K. Keep records of inputs and yields each season to refine your plan.","agriculture,farming,india,loamy,okra,powdery mildew,weather"
Soil,groundnut,rust,How do I move towards regenerative agriculture in groundnut?,"In groundnut, heavy clay soils need raised beds and proper drainage. Sandy soils benefit from mulching and frequent light irrigations. Loamy soils are ideal; maintain OC with crop residues and manures. Keep records of inputs and yields each season to refine your plan.","agriculture,farming,groundnut,india,red,rust,soil"
Government Scheme,mustard,white rust,How can I increase yield in mustard with better agronomy and protection?,"Farmers growing mustard can benefit from PM-KISAN (₹6,000/year), Kisan Credit Card (subsidized interest), and Soil Health Card (free soil testing). Check with your local agriculture office or CSC for enrollment. Crop insurance under PMFBY is also available. Keep records of inputs and yields each season to refine your plan.","agriculture,farming,government_scheme,india,mustard,sandy,white rust"
Harvesting,sunflower,head rot,What carbon farming practices can I adopt in sunflower fields?,"For sunflower, harvest in dry weather. Use sharp sickles or mechanical harvesters to minimize losses. Dry produce to safe moisture (grains 12–14%, pulses 10–12%) before storage. Clean and grade before marketing. Keep records of inputs and yields each season to refine your plan.","agriculture,alluvial,farming,harvesting,head rot,india,sunflower"
Marketing,bajra,blast,How do I practice organic farming in bajra without losing yield?,"For bajra, PMFBY provides yield-based insurance at low premium. Enroll through banks or CSC before sowing. Maintain plot-wise records and cooperate during crop cutting experiments for claim settlement. Keep records of inputs and yields each season to refine your plan.","agriculture,bajra,blast,farming,india,loamy,marketing"
Organic Farming,jowar,anthracnose,How do I store jowar grains safely to avoid pests and mold?,"For organic jowar, use Jeevamrut, Panchagavya, and Amritpani as foliar sprays. Manage weeds mechanically and through mulching. Build soil health with diverse rotations and cover crops. Keep records of inputs and yields each season to refine your plan.","agriculture,anthracnose,farming,india,jowar,loamy,organic_farming"
Yield Improvement,ragi,rust,When and how should I harvest ragi to get maximum yield and quality?,"In ragi, yield gaps arise from poor plant stand, nutrient imbalance, and pest damage. Use soil test-based fertilizers, IPM, and timely irrigation. Record field operations for continuous improvement. Keep records of inputs and yields each season to refine your plan.","agriculture,clay,farming,india,ragi,rust,yield_improvement"
Seed Selection,gram,alternaria blight,How can I increase yield in gram with better agronomy and protection?,"In gram, seed rate varies by method: line sowing needs less seed than broadcasting. Calibrate seed drills for uniform spacing. Avoid old or damaged seeds. Keep records of inputs and yields each season to refine your plan.","agriculture,alternaria blight,farming,gram,india,laterite,seed_selection"
Storage,pigeon pea,alternaria blight,Which machines or implements are useful for pigeon pea to save labor and time?,"For pigeon pea, maintain ventilation in stores. Use insect-proof screens. In humid areas, prefer hermetic storage. Avoid storing near chemicals or fertilizers to prevent contamination. Keep records of inputs and yields each season to refine your plan.","agriculture,alternaria blight,farming,india,loamy,pigeon pea,storage"
Post-Harvest,green gram,yellow mosaic virus,When and how should I harvest green gram to get maximum yield and quality?,"In green gram, fumigation should be done by trained personnel. Seal stores properly, use recommended doses, and observe aeration periods before sale or consumption. Keep records of inputs and yields each season to refine your plan.","agriculture,clay,farming,green gram,india,post-harvest,yellow mosaic virus"
Mechanization,black gram,yellow mosaic virus,Which government schemes can I use for black gram cultivation and marketing?,"For black gram, mechanization (seed drills, rotavators, harvesters) reduces cost and timeliness losses. Calibrate equipment for correct seed rate and spacing. Maintain machines regularly for safety and efficiency. Keep records of inputs and yields each season to refine your plan.","agriculture,black gram,clay,farming,india,mechanization,yellow mosaic virus"
Intercropping,banana,bacterial wilt,What is a good NPK plan for banana to avoid lodging and disease?,"In banana, intercropping with aromatic or medicinal plants can add income. Ensure market linkages and proper spacing. Manage water and nutrients for both crops. Keep records of inputs and yields each season to refine your plan.","agriculture,bacterial wilt,banana,clay,farming,india,intercropping"
Crop Rotation,mango,anthracnose,Which machines or implements are useful for mango to save labor and time?,"Rotate mango with non-host crops (e.g., legumes) to break disease and pest cycles. Include green manures to improve soil health. Plan 2–3 year rotations based on soil and water availability. Keep records of inputs and yields each season to refine your plan.","agriculture,anthracnose,crop_rotation,farming,india,mango,sandy"
Water Conservation,papaya,anthracnose,How does crop insurance work for papaya and how do I claim?,"For papaya, use alternate wetting and drying (AWD) where feasible. Recycle field drainage and harvest rainwater in ponds. Maintain field bunds and channels. Keep records of inputs and yields each season to refine your plan.","agriculture,anthracnose,black,farming,india,papaya,water_conservation"
Micronutrients,grapes,anthracnose,Which machines or implements are useful for grapes to save labor and time?,B deficiency in grapes causes poor fruit set and hollow stems. Apply borax (10–15 kg/ha) or foliar 0.2% boron at flowering. Avoid overuse; excess B is toxic. Keep records of inputs and yields each season to refine your plan.,"agriculture,anthracnose,farming,grapes,india,laterite,micronutrients"
NPK Management,pomegranate,fruit rot,How do I store pomegranate grains safely to avoid pests and mold?,"In pomegranate, high K improves water use efficiency and disease resistance. Apply K in splits; avoid late heavy K. Use SOP or MOP based on crop and soil Cl tolerance. Keep records of inputs and yields each season to refine your plan.","agriculture,black,farming,fruit rot,india,npk_management,pomegranate"
IPM,citrus,powdery mildew,What are effective weed control methods for citrus that are safe and cheap?,"For citrus, IPM starts with monitoring: pheromone traps, field scouting, and ETL-based sprays. Use biocontrol (Trichogramma, NPV) and botanicals (neem) early. Rotate insecticide groups to delay resistance. Keep records of inputs and yields each season to refine your plan.","agriculture,black,citrus,farming,india,ipm,powdery mildew"
Weed Management,turmeric,bacterial leaf streak,What is a good NPK plan for turmeric to avoid lodging and disease?,"For turmeric, timely weeding (first 30 days) is critical. Use mechanical weeding or recommended herbicides. Avoid late weeding that damages roots. Maintain crop geometry for canopy closure. Keep records of inputs and yields each season to refine your plan.","agriculture,bacterial leaf streak,farming,india,loamy,turmeric,weed_management"
Protected Cultivation,ginger,leaf spot,What is a good NPK plan for ginger to avoid lodging and disease?,"For ginger, greenhouses enable year-round production. Use insect-proof nets, drip irrigation, and balanced fertigation. Train labor on climate management and IPM. Keep records of inputs and yields each season to refine your plan.","agriculture,black,farming,ginger,india,leaf spot,protected_cultivation"
Greenhouse,garlic,white rot,"What soil type and pH are ideal for garlic, and how do I improve my soil?","In garlic, hydroponics saves water and nutrients. Maintain EC and pH in recommended ranges. Use sterile media and prevent root diseases with sanitation. Keep records of inputs and yields each season to refine your plan.","agriculture,alluvial,farming,garlic,greenhouse,india,white rot"
Hydroponics,coriander,stem gall,How do I manage stem gall in coriander? What are the symptoms and spray schedule?,"In coriander, hydroponics saves water and nutrients. Maintain EC and pH in recommended ranges. Use sterile media and prevent root diseases with sanitation. Keep records of inputs and yields each season to refine your plan.","agriculture,coriander,farming,hydroponics,india,red,stem gall"
Carbon Farming,cumin,bacterial leaf spot,"How can I control aphids, leaf miner, pod borer in cumin using IPM and reduce chemical sprays?","For cumin, integrate livestock and manure management to recycle nutrients and carbon. Use compost and biochar where feasible. Monitor soil health indicators. Keep records of inputs and yields each season to refine your plan.","agriculture,bacterial leaf spot,carbon_farming,cumin,farming,india,sandy"
Regenerative Agriculture,rice,tungro virus,What is the best fertilizer dose and schedule for rice in loamy soil?,"Regenerative agriculture in rice focuses on soil health, biodiversity, and water. Use cover crops, minimal tillage, and diverse rotations. Track outcomes with soil tests and yield records. Keep records of inputs and yields each season to refine your plan.","agriculture,farming,india,loamy,regenerative_agriculture,rice,tungro virus"
GAP,wheat,rust,When and how should I harvest wheat to get maximum yield and quality?,"For wheat, GAP covers seed quality, soil health, water management, and worker safety. Use protective gear, calibrate sprayers, and keep input records. Train labor on safe handling. Keep records of inputs and yields each season to refine your plan.","agriculture,alluvial,farming,gap,india,rust,wheat"
Insurance,maize,fusarium stalk rot,What water conservation practices work best for maize in my area?,"In maize, combine insurance with savings and credit for resilience. Diversify crops and income sources. Seek advisory on risk reduction and insurance options. Keep records of inputs and yields each season to refine your plan.","agriculture,farming,fusarium stalk rot,india,insurance,maize,sandy"
Fertilizer,cotton,alternaria leaf spot,How does crop insurance work for cotton and how do I claim?,"In cotton, balanced NPK (e.g., 100:50:50) improves yield and resilience. Apply full P and K at sowing; split N in 2–3 doses. Foliar 19:19:19 (2–3 g/L) at flowering boosts fruit set. Add 4–5 t/ha compost + 20 kg/ha ZnSO4 in Zn-deficient black soils. Avoid late heavy N to reduce lodging and pest risk.","agriculture,alternaria leaf spot,black,cotton,farming,fertilizer,india"
Disease,sugarcane,smut,"What soil type and pH are ideal for sugarcane, and how do I improve my soil?","In sugarcane, smut shows black spore masses in place of flowers. Prevent by using certified seeds, crop rotation, and balanced NPK. For fungal diseases, spray mancozeb 0.25% or carbendazim 0.1% at first sign. Improve drainage and avoid late evening irrigation. Remove infected debris.","agriculture,alluvial,disease,farming,india,smut,sugarcane"
Pest,soybean,bacterial pustule,How do I set up protected cultivation or greenhouse for soybean?,"For soybean, integrate mechanical (handpicking), biological (Trichogramma), and chemical controls. Avoid tank mixes that harm beneficials. Follow label doses and pre-harvest intervals. Keep records of inputs and yields each season to refine your plan.","agriculture,bacterial pustule,farming,india,laterite,pest,soybean"
Irrigation,tomato,leaf curl virus,"What soil type and pH are ideal for tomato, and how do I improve my soil?","For tomato, maintain even moisture. Deficit at flowering reduces yield by 20–30%. Use alternate furrow irrigation or drip to improve water use efficiency. In water-scarce areas, adopt zero-till and mulching to conserve moisture. Keep records of inputs and yields each season to refine your plan.","agriculture,black,farming,india,irrigation,leaf curl virus,tomato"
Weather,potato,scab,What is the best fertilizer dose and schedule for potato in loamy soil?,"In potato, unexpected hail can damage canopy. Ensure good K nutrition for resilience. After hail, apply broad-spectrum fungicide to prevent secondary infections and maintain drainage. Keep records of inputs and yields each season to refine your plan.","agriculture,farming,india,loamy,potato,scab,weather"
Soil,onion,stemphylium blight,How do I move towards regenerative agriculture in onion?,"For onion, aim for soil pH 6.5–7.5. In acidic soils, apply lime (2–5 t/ha) 2–3 months before sowing. In alkaline soils, use gypsum (2–5 t/ha) and sulfur amendments. Build organic carbon (>0.75%) with FYM/compost and green manures. Keep records of inputs and yields each season to refine your plan.","agriculture,farming,india,onion,red,soil,stemphylium blight"
Government Scheme,chilli,leaf curl virus,What is the best fertilizer dose and schedule for chilli in laterite soil?,"In chilli, agri-business ideas can access credit via NABARD and agri-clinics schemes. Explore FPO formation, common facility centers, and market linkage programs. Check state horticulture missions for post-harvest support. Keep records of inputs and yields each season to refine your plan.","agriculture,chilli,farming,government_scheme,india,laterite,leaf curl virus"
Harvesting,brinjal,little leaf virus,How should I plan crop rotation with brinjal to improve soil health?,"For brinjal, harvest at correct stage to maintain quality. Handle gently to avoid bruising. Sort and grade immediately; pack in clean, dry containers. Avoid evening harvest in high humidity to reduce disease. Keep records of inputs and yields each season to refine your plan.","agriculture,brinjal,farming,harvesting,india,little leaf virus,red"
Marketing,cabbage,downy mildew,What carbon farming practices can I adopt in cabbage fields?,"Farmers growing cabbage can benefit from PM-KISAN (₹6,000/year), Kisan Credit Card (subsidized interest), and Soil Health Card (free soil testing). Check with your local agriculture office or CSC for enrollment. Crop insurance under PMFBY is also available. Keep records of inputs and yields each season to refine your plan.","agriculture,cabbage,downy mildew,farming,india,marketing,sandy"
Organic Farming,cauliflower,powdery mildew,Which irrigation method saves the most water for cauliflower without reducing yield?,"For cauliflower, organic yields improve over 2–3 years as soil health builds. Use seed treatment with Trichoderma and biofertilizers. Avoid contamination from conventional inputs and maintain buffer zones. Keep records of inputs and yields each season to refine your plan.","agriculture,alluvial,cauliflower,farming,india,organic_farming,powdery mildew"
Yield Improvement,okra,root-knot nematode,Which machines or implements are useful for okra to save labor and time?,"In okra, precision practices (line sowing, fertigation, leaf color chart for N) raise yields. Use crop-specific advisories and weather-based inputs. Maintain field records for next season planning. Keep records of inputs and yields each season to refine your plan.","agriculture,farming,india,loamy,okra,root-knot nematode,yield_improvement"
Seed Selection,groundnut,leaf spot,How do I select and treat seeds for groundnut to improve germination?,"Use certified seeds of groundnut for uniform germination and higher yield. Treat seeds with thiram/carbendazim (2 g/kg) or bio-agents (Trichoderma 4–5 g/kg). Store seeds in cool, dry place in moisture-proof bags. Keep records of inputs and yields each season to refine your plan.","agriculture,farming,groundnut,india,laterite,leaf spot,seed_selection"
Storage,mustard,aphid damage,Which government schemes can I use for mustard cultivation and marketing?,"Store mustard grains at 12–14% moisture in clean, dry, rodent-proof structures. Treat storage area with malathion dust. Use hermetic bags or PICS bags for pulses. Fumigate with aluminum phosphide if needed, following safety protocols. Keep records of inputs and yields each season to refine your plan.","agriculture,alluvial,aphid damage,farming,india,mustard,storage"
Post-Harvest,sunflower,alternaria leaf spot,Which irrigation method saves the most water for sunflower without reducing yield?,"In sunflower, high moisture leads to mold and mycotoxins. Dry to safe levels, use moisture-proof liners, and keep bags off the floor on pallets. Inspect regularly for pests and dampness. Keep records of inputs and yields each season to refine your plan.","agriculture,alternaria leaf spot,clay,farming,india,post-harvest,sunflower"
Mechanization,bajra,smut,What carbon farming practices can I adopt in bajra fields?,"For bajra, mechanization (seed drills, rotavators, harvesters) reduces cost and timeliness losses. Calibrate equipment for correct seed rate and spacing. Maintain machines regularly for safety and efficiency. Keep records of inputs and yields each season to refine your plan.","agriculture,bajra,farming,india,mechanization,sandy,smut"
Intercropping,jowar,rust,How does crop insurance work for jowar and how do I claim?,"In jowar, intercropping breaks pest cycles and improves biodiversity. Select crops with different canopy heights and root depths. Monitor for pest shifts and adjust management. Keep records of inputs and yields each season to refine your plan.","agriculture,farming,india,intercropping,jowar,rust,sandy"
Crop Rotation,ragi,helminthosporium leaf spot,What is a good NPK plan for ragi to avoid lodging and disease?,"In ragi, plan rotations around water availability. Use drought-tolerant crops in dry years and high-value crops in wet years. Maintain soil cover year-round. Keep records of inputs and yields each season to refine your plan.","agriculture,black,crop_rotation,farming,helminthosporium leaf spot,india,ragi"
Water Conservation,gram,ascochyta blight,How do I set up protected cultivation or greenhouse for gram?,"For gram, use alternate wetting and drying (AWD) where feasible. Recycle field drainage and harvest rainwater in ponds. Maintain field bunds and channels. Keep records of inputs and yields each season to refine your plan.","agriculture,ascochyta blight,clay,farming,gram,india,water_conservation"
Micronutrients,pigeon pea,alternaria blight,How do I select and treat seeds for pigeon pea to improve germination?,B deficiency in pigeon pea causes poor fruit set and hollow stems. Apply borax (10–15 kg/ha) or foliar 0.2% boron at flowering. Avoid overuse; excess B is toxic. Keep records of inputs and yields each season to refine your plan.,"agriculture,alternaria blight,farming,india,micronutrients,pigeon pea,sandy"
NPK Management,green gram,yellow mosaic virus,How do I move towards regenerative agriculture in green gram?,"In green gram, high K improves water use efficiency and disease resistance. Apply K in splits; avoid late heavy K. Use SOP or MOP based on crop and soil Cl tolerance. Keep records of inputs and yields each season to refine your plan.","agriculture,black,farming,green gram,india,npk_management,yellow mosaic virus"
IPM,black gram,powdery mildew,When and how should I harvest black gram to get maximum yield and quality?,"For black gram, IPM starts with monitoring: pheromone traps, field scouting, and ETL-based sprays. Use biocontrol (Trichogramma, NPV) and botanicals (neem) early. Rotate insecticide groups to delay resistance. Keep records of inputs and yields each season to refine your plan.","agriculture,alluvial,black gram,farming,india,ipm,powdery mildew"
Weed Management,banana,sigatoka leaf spot,"What are the signs of Zn, B, or S deficiency in banana and how do I correct them?","In banana, integrate cultural (crop rotation, cover crops), mechanical (hoeing), and chemical weed control. Use herbicide-tolerant varieties where available. Rotate herbicide modes of action to prevent resistance. Keep records of inputs and yields each season to refine your plan.","agriculture,banana,black,farming,india,sigatoka leaf spot,weed_management"
Protected Cultivation,mango,dieback,What are good intercropping options with mango to increase income?,"For mango, polyhouses improve yield and quality. Install fans and foggers for climate control. Use reflective mulch and trellising for better light distribution. Keep records of inputs and yields each season to refine your plan.","agriculture,dieback,farming,india,laterite,mango,protected_cultivation"
Greenhouse,papaya,anthracnose,How does crop insurance work for papaya and how do I claim?,"For papaya, greenhouses enable year-round production. Use insect-proof nets, drip irrigation, and balanced fertigation. Train labor on climate management and IPM. Keep records of inputs and yields each season to refine your plan.","agriculture,anthracnose,black,farming,greenhouse,india,papaya"
Hydroponics,grapes,anthracnose,How does crop insurance work for grapes and how do I claim?,"Protected cultivation (shade nets, low tunnels) in grapes reduces pest and weather damage. Use drip fertigation and mulch. Monitor temperature and humidity to prevent diseases. Keep records of inputs and yields each season to refine your plan.","agriculture,alluvial,anthracnose,farming,grapes,hydroponics,india"
Carbon Farming,pomegranate,leaf spot,"What soil type and pH are ideal for pomegranate, and how do I improve my soil?","In pomegranate, reduced tillage and mulching improve SOC and water retention. Avoid burning residues; incorporate or use for mulch. Align with national carbon initiatives. Keep records of inputs and yields each season to refine your plan.","agriculture,alluvial,carbon_farming,farming,india,leaf spot,pomegranate"
Regenerative Agriculture,citrus,anthracnose,What GAP should I follow for citrus to meet market and export standards?,"For citrus, regenerative systems need patient investment. Start with pilot plots, measure soil carbon and yields, and scale gradually. Engage with FPOs for collective action. Keep records of inputs and yields each season to refine your plan.","agriculture,anthracnose,citrus,farming,india,laterite,regenerative_agriculture"
GAP,turmeric,bacterial leaf streak,What weather conditions harm turmeric and how do I protect my crop?,"For turmeric, GAP aligns with food safety and export requirements. Maintain field maps, input logs, and harvest records. Use clean containers and cold chain where needed. Keep records of inputs and yields each season to refine your plan.","agriculture,alluvial,bacterial leaf streak,farming,gap,india,turmeric"
Insurance,ginger,leaf spot,Which machines or implements are useful for ginger to save labor and time?,"In ginger, weather-based insurance can provide quick payouts. Link with local meteorological data. Use insurance as part of risk management, not a substitute for good practices. Keep records of inputs and yields each season to refine your plan.","agriculture,alluvial,farming,ginger,india,insurance,leaf spot"
Fertilizer,garlic,white rot,What are effective weed control methods for garlic that are safe and cheap?,"For garlic, start with a soil test. In most alluvial/loamy soils, apply 80–120 kg N/ha, 40–60 kg P2O5/ha, and 40–60 kg K2O/ha in splits. At sowing, place full P and K plus 1/3 N near the seed. Top-dress remaining N at tillering/vegetative stage and again at flowering. Add 5–10 t/ha FYM or compost before sowing. Use ZnSO4 (20–25 kg/ha) if deficient. Avoid excessive urea to prevent lodging and disease.","agriculture,farming,fertilizer,garlic,india,sandy,white rot"
Disease,coriander,alternaria blight,What weather conditions harm coriander and how do I protect my crop?,"Manage alternaria blight in coriander by removing infected plants, improving drainage, and balanced nutrition. Use copper-based fungicides for bacterial diseases; avoid heavy N. Practice 2–3 year rotations and seed treatment to reduce primary inoculum. Keep records of inputs and yields each season to refine your plan.","agriculture,alternaria blight,coriander,disease,farming,india,loamy"
Pest,cumin,downy mildew,"What soil type and pH are ideal for cumin, and how do I improve my soil?","Common pests in cumin include aphids, leaf miner, pod borer. Monitor with pheromone traps (10–12/ha). Use need-based sprays: emamectin benzoate or spinosad for larvae; imidacloprid for sucking pests. Preserve natural enemies; avoid broad-spectrum sprays early. Keep records of inputs and yields each season to refine your plan.","agriculture,alluvial,cumin,downy mildew,farming,india,pest"
Irrigation,rice,bacterial leaf blight,How do I practice organic farming in rice without losing yield?,"In rice, schedule irrigation based on soil type: sandy soils need frequent light irrigation; clay soils need fewer but deeper irrigations. Use tensiometer at 15–20 cm depth; irrigate at −20 to −30 kPa. Avoid drought at flowering to prevent yield loss.","agriculture,bacterial leaf blight,farming,india,irrigation,rice,sandy"
Weather,wheat,karnal bunt,How do I move towards regenerative agriculture in wheat?,"For wheat, high humidity favors fungal diseases. Increase plant spacing, avoid overhead irrigation, and use protective fungicides before monsoon peaks. Use weather-based advisories for spray timing. Keep records of inputs and yields each season to refine your plan.","agriculture,farming,india,karnal bunt,loamy,weather,wheat"
Soil,maize,turcicum leaf blight,How can I increase yield in maize with better agronomy and protection?,"In maize, soil testing every 2–3 years optimizes fertilizer use. Target OC >0.8%, available P >20 kg/ha, available K >200 kg/ha. Use micronutrients (Zn, B, S) based on deficiency symptoms and soil tests. Keep records of inputs and yields each season to refine your plan.","agriculture,farming,india,maize,sandy,soil,turcicum leaf blight"
Government Scheme,cotton,alternaria leaf spot,What GAP should I follow for cotton to meet market and export standards?,"In cotton, state schemes may offer seed subsidies, drip irrigation support, and power concessions. Keep Aadhaar, land records, and bank details updated for scheme benefits. Use KCC for working capital and input purchases. Keep records of inputs and yields each season to refine your plan.","agriculture,alternaria leaf spot,black,cotton,farming,government_scheme,india"
Harvesting,sugarcane,ring spot,Which government schemes can I use for sugarcane cultivation and marketing?,"Harvest sugarcane at physiological maturity: grains at 20–22% moisture, pods when 80–90% brown. Avoid delayed harvest to reduce shattering and field losses. Use combine harvesters where feasible; dry grains to 12–14% before storage. Keep records of inputs and yields each season to refine your plan.","agriculture,farming,harvesting,india,laterite,ring spot,sugarcane"
Marketing,soybean,yellow mosaic virus,How do I set up protected cultivation or greenhouse for soybean?,"For soybean, PMFBY provides yield-based insurance at low premium. Enroll through banks or CSC before sowing. Maintain plot-wise records and cooperate during crop cutting experiments for claim settlement. Keep records of inputs and yields each season to refine your plan.","agriculture,farming,india,marketing,sandy,soybean,yellow mosaic virus"
Organic Farming,tomato,bacterial wilt,What GAP should I follow for tomato to meet market and export standards?,"In tomato, adopt crop rotation with legumes, green manures (dhaincha, sunhemp), and mulching. Maintain field sanitation and use resistant varieties. Certification via NPOP/PGS-India adds market value. Keep records of inputs and yields each season to refine your plan.","agriculture,bacterial wilt,farming,india,loamy,organic_farming,tomato"
Yield Improvement,potato,late blight,What water conservation practices work best for potato in my area?,"For potato, integrate agronomy and protection: quality seeds, seed treatment, balanced fertilizers, and need-based sprays. Avoid late sowing and water stress during reproductive stages. Keep records of inputs and yields each season to refine your plan.","agriculture,farming,india,late blight,potato,red,yield_improvement"
Seed Selection,onion,purple blotch,Which irrigation method saves the most water for onion without reducing yield?,"For onion, select seeds from healthy plants, free from disease. Maintain seed purity and avoid mixing varieties. Use seed replacement every 2–3 years for best results. Keep records of inputs and yields each season to refine your plan.","agriculture,farming,india,onion,purple blotch,red,seed_selection"
Storage,chilli,leaf curl virus,How do I implement IPM in chilli step by step?,"In chilli, fumigation should be done by trained personnel. Seal stores properly, use recommended doses, and observe aeration periods before sale or consumption. Keep records of inputs and yields each season to refine your plan.","agriculture,alluvial,chilli,farming,india,leaf curl virus,storage"
Post-Harvest,brinjal,fruit rot,"How can I control shoot and fruit borer, aphids, jassids, whitefly in brinjal using IPM and reduce chemical sprays?","For brinjal, maintain ventilation in stores. Use insect-proof screens. In humid areas, prefer hermetic storage. Avoid storing near chemicals or fertilizers to prevent contamination. Keep records of inputs and yields each season to refine your plan.","agriculture,brinjal,farming,fruit rot,india,loamy,post-harvest"
Mechanization,cabbage,alternaria leaf spot,How can I increase yield in cabbage with better agronomy and protection?,"For cabbage, mechanization (seed drills, rotavators, harvesters) reduces cost and timeliness losses. Calibrate equipment for correct seed rate and spacing. Maintain machines regularly for safety and efficiency. Keep records of inputs and yields each season to refine your plan.","agriculture,alluvial,alternaria leaf spot,cabbage,farming,india,mechanization"
Intercropping,cauliflower,powdery mildew,Which machines or implements are useful for cauliflower to save labor and time?,"In cauliflower, intercropping breaks pest cycles and improves biodiversity. Select crops with different canopy heights and root depths. Monitor for pest shifts and adjust management. Keep records of inputs and yields each season to refine your plan.","agriculture,cauliflower,farming,india,intercropping,powdery mildew,red"
Crop Rotation,okra,anthracnose,How do I set up protected cultivation or greenhouse for okra?,"In okra, rotation reduces soil-borne diseases and weeds. Select crops with different nutrient demands. Maintain field records to plan rotations effectively. Keep records of inputs and yields each season to refine your plan.","agriculture,alluvial,anthracnose,crop_rotation,farming,india,okra"
Water Conservation,groundnut,rust,What is the best fertilizer dose and schedule for groundnut in black soil?,"For groundnut, use alternate wetting and drying (AWD) where feasible. Recycle field drainage and harvest rainwater in ponds. Maintain field bunds and channels. Keep records of inputs and yields each season to refine your plan.","agriculture,black,farming,groundnut,india,rust,water_conservation"
Micronutrients,mustard,aphid damage,How do I implement IPM in mustard step by step?,Mn deficiency in mustard causes grey speck and reduced growth. Use MnSO4 foliar (0.2–0.3%) at tillering/vegetative stage. Maintain balanced NPK to improve micronutrient efficiency. Keep records of inputs and yields each season to refine your plan.,"agriculture,aphid damage,farming,india,loamy,micronutrients,mustard"
NPK Management,sunflower,downy mildew,How does crop insurance work for sunflower and how do I claim?,"For sunflower, P fixation in alkaline soils reduces efficiency. Band P near roots, use SSP or DAP, and maintain pH 6.5–7.5 with amendments. Add Zn and S where deficient. Keep records of inputs and yields each season to refine your plan.","agriculture,alluvial,downy mildew,farming,india,npk_management,sunflower"
IPM,bajra,blast,What water conservation practices work best for bajra in my area?,"For bajra, combine mechanical (handpicking), biological (parasitoids), and chemical controls. Calibrate sprayers; apply at correct growth stage. Follow pre-harvest intervals and safety norms. Keep records of inputs and yields each season to refine your plan.","agriculture,bajra,blast,farming,india,ipm,red"
Weed Management,jowar,leaf blight,"What soil type and pH are ideal for jowar, and how do I improve my soil?","For jowar, timely weeding (first 30 days) is critical. Use mechanical weeding or recommended herbicides. Avoid late weeding that damages roots. Maintain crop geometry for canopy closure. Keep records of inputs and yields each season to refine your plan.","agriculture,farming,india,jowar,leaf blight,red,weed_management"
Protected Cultivation,ragi,blast,What weather conditions harm ragi and how do I protect my crop?,"For ragi, polyhouses improve yield and quality. Install fans and foggers for climate control. Use reflective mulch and trellising for better light distribution. Keep records of inputs and yields each season to refine your plan.","agriculture,blast,farming,india,laterite,protected_cultivation,ragi"
Greenhouse,gram,wilt,What carbon farming practices can I adopt in gram fields?,"In gram, hydroponics saves water and nutrients. Maintain EC and pH in recommended ranges. Use sterile media and prevent root diseases with sanitation. Keep records of inputs and yields each season to refine your plan.","agriculture,clay,farming,gram,greenhouse,india,wilt"
Hydroponics,pigeon pea,phytophthora blight,Which irrigation method saves the most water for pigeon pea without reducing yield?,"In pigeon pea, protected cultivation reduces pesticide use. Combine with biological controls and hygiene. Plan crop cycles to match market demand. Keep records of inputs and yields each season to refine your plan.","agriculture,farming,hydroponics,india,phytophthora blight,pigeon pea,sandy"
Carbon Farming,green gram,bacterial leaf spot,How do I practice organic farming in green gram without losing yield?,"For green gram, agroforestry and perennial systems sequester more carbon. Use diverse rotations and organic amendments. Maintain records for potential carbon income. Keep records of inputs and yields each season to refine your plan.","agriculture,alluvial,bacterial leaf spot,carbon_farming,farming,green gram,india"
Regenerative Agriculture,black gram,yellow mosaic virus,What is a good NPK plan for black gram to avoid lodging and disease?,"In black gram, combine traditional knowledge with modern science for regenerative outcomes. Use participatory trials and share results with neighbors. Seek technical support from agriculture departments. Keep records of inputs and yields each season to refine your plan.","agriculture,black gram,clay,farming,india,regenerative_agriculture,yellow mosaic virus"
GAP,banana,sigatoka leaf spot,When and how should I harvest banana to get maximum yield and quality?,"For banana, GAP covers seed quality, soil health, water management, and worker safety. Use protective gear, calibrate sprayers, and keep input records. Train labor on safe handling. Keep records of inputs and yields each season to refine your plan.","agriculture,banana,black,farming,gap,india,sigatoka leaf spot"
Insurance,mango,powdery mildew,How do I select and treat seeds for mango to improve germination?,"Crop insurance (PMFBY) for mango covers yield losses due to weather, pests, and diseases. Enroll before sowing through banks or CSC. Cooperate during crop cutting experiments for claim settlement. Keep records of inputs and yields each season to refine your plan.","agriculture,clay,farming,india,insurance,mango,powdery mildew"
Fertilizer,papaya,anthracnose,How should I plan crop rotation with papaya to improve soil health?,"In papaya, balanced NPK (e.g., 100:50:50) improves yield and resilience. Apply full P and K at sowing; split N in 2–3 doses. Foliar 19:19:19 (2–3 g/L) at flowering boosts fruit set. Add 4–5 t/ha compost + 20 kg/ha ZnSO4 in Zn-deficient black soils. Avoid late heavy N to reduce lodging and pest risk.","agriculture,anthracnose,farming,fertilizer,india,loamy,papaya"
Disease,grapes,black rot,What are good intercropping options with grapes to increase income?,"Control black rot in grapes with integrated measures: resistant varieties, seed treatment (thiram/carbendazim 2 g/kg), and timely sprays. Avoid excessive nitrogen which increases susceptibility. Use biocontrol (Trichoderma 4–5 g/kg seed) for soil-borne diseases. Keep records of inputs and yields each season to refine your plan.","agriculture,black rot,clay,disease,farming,grapes,india"
Pest,pomegranate,cercospora leaf spot,Which irrigation method saves the most water for pomegranate without reducing yield?,"In pomegranate, control fruit fly, thrips, mealybug, aphids with cultural methods: timely sowing, intercropping, and crop rotation. Use biopesticides (Bt, NPV) where available. Spot-spray outbreaks and avoid prophylactic sprays. Keep records of inputs and yields each season to refine your plan.","agriculture,black,cercospora leaf spot,farming,india,pest,pomegranate"
Irrigation,citrus,anthracnose,What GAP should I follow for citrus to meet market and export standards?,"For citrus, maintain even moisture. Deficit at flowering reduces yield by 20–30%. Use alternate furrow irrigation or drip to improve water use efficiency. In water-scarce areas, adopt zero-till and mulching to conserve moisture. Keep records of inputs and yields each season to refine your plan.","agriculture,anthracnose,citrus,farming,india,irrigation,sandy"
Weather,turmeric,thrips damage,How does crop insurance work for turmeric and how do I claim?,"For turmeric, high humidity favors fungal diseases. Increase plant spacing, avoid overhead irrigation, and use protective fungicides before monsoon peaks. Use weather-based advisories for spray timing. Keep records of inputs and yields each season to refine your plan.","agriculture,farming,india,laterite,thrips damage,turmeric,weather"
Soil,ginger,thrips damage,"How can I control rhizome scale, thrips, shoot borer in ginger using IPM and reduce chemical sprays?","In ginger, soil testing every 2–3 years optimizes fertilizer use. Target OC >0.8%, available P >20 kg/ha, available K >200 kg/ha. Use micronutrients (Zn, B, S) based on deficiency symptoms and soil tests. Keep records of inputs and yields each season to refine your plan.","agriculture,black,farming,ginger,india,soil,thrips damage"
Government Scheme,garlic,white rot,How can I increase yield in garlic with better agronomy and protection?,"In garlic, agri-business ideas can access credit via NABARD and agri-clinics schemes. Explore FPO formation, common facility centers, and market linkage programs. Check state horticulture missions for post-harvest support. Keep records of inputs and yields each season to refine your plan.","agriculture,farming,garlic,government_scheme,india,laterite,white rot"
Harvesting,coriander,bacterial leaf spot,How does crop insurance work for coriander and how do I claim?,"In coriander, timely harvest improves market price. Use mechanical threshers where possible. Dry to safe moisture, clean, and store in hermetic bags or silos to prevent pests and mold. Keep records of inputs and yields each season to refine your plan.","agriculture,bacterial leaf spot,coriander,farming,harvesting,india,red"
Marketing,cumin,aphid damage,How does crop insurance work for cumin and how do I claim?,"For cumin, MSP announcements and procurement vary by state. Register on e-NAM for better market access. FPO membership can improve bargaining power. Explore agri-infrastructure funds for storage and processing. Keep records of inputs and yields each season to refine your plan.","agriculture,aphid damage,cumin,farming,india,marketing,red"
Organic Farming,rice,tungro virus,How do I manage tungro virus in rice? What are the symptoms and spray schedule?,"For organic rice, use well-decomposed FYM (10–15 t/ha), vermicompost (2–3 t/ha), and biofertilizers (Rhizobium, PSB, Azotobacter). Avoid synthetic fertilizers and pesticides. Use neem-based products and botanicals for pest control. Keep records of inputs and yields each season to refine your plan.","agriculture,farming,india,loamy,organic_farming,rice,tungro virus"
Yield Improvement,wheat,alternaria leaf blight,How do I practice organic farming in wheat without losing yield?,"For wheat, target 10–15% higher yield by adopting improved varieties, micro-irrigation, and INM. Ensure timely sowing, proper spacing, and timely weeding. Use foliar nutrients at critical stages. Keep records of inputs and yields each season to refine your plan.","agriculture,alternaria leaf blight,farming,india,red,wheat,yield_improvement"
Seed Selection,maize,turcicum leaf blight,How do I move towards regenerative agriculture in maize?,"For maize, select seeds from healthy plants, free from disease. Maintain seed purity and avoid mixing varieties. Use seed replacement every 2–3 years for best results. Keep records of inputs and yields each season to refine your plan.","agriculture,alluvial,farming,india,maize,seed_selection,turcicum leaf blight"
Storage,cotton,pink bollworm damage,How do I practice organic farming in cotton without losing yield?,"Store cotton grains at 12–14% moisture in clean, dry, rodent-proof structures. Treat storage area with malathion dust. Use hermetic bags or PICS bags for pulses. Fumigate with aluminum phosphide if needed, following safety protocols. Keep records of inputs and yields each season to refine your plan.","agriculture,cotton,farming,india,loamy,pink bollworm damage,storage"
Post-Harvest,sugarcane,ratoon stunting disease,How do I set up protected cultivation or greenhouse for sugarcane?,"In sugarcane, fumigation should be done by trained personnel. Seal stores properly, use recommended doses, and observe aeration periods before sale or consumption. Keep records of inputs and yields each season to refine your plan.","agriculture,farming,india,post-harvest,ratoon stunting disease,red,sugarcane"
Mechanization,soybean,frogeye leaf spot,How do I set up protected cultivation or greenhouse for soybean?,"For soybean, combine harvesters reduce field losses but require proper adjustment. Use moisture meters to decide harvest time. Store machinery under cover to extend life. Keep records of inputs and yields each season to refine your plan.","agriculture,farming,frogeye leaf spot,india,mechanization,red,soybean"
Intercropping,tomato,powdery mildew,Which irrigation method saves the most water for tomato without reducing yield?,"In tomato, intercropping with aromatic or medicinal plants can add income. Ensure market linkages and proper spacing. Manage water and nutrients for both crops. Keep records of inputs and yields each season to refine your plan.","agriculture,farming,india,intercropping,loamy,powdery mildew,tomato"
Crop Rotation,potato,early blight,How should I plan crop rotation with potato to improve soil health?,"For potato, avoid continuous monoculture. Rotate with cereals/legumes to balance nutrients. Use residue incorporation and cover crops to build organic matter. Keep records of inputs and yields each season to refine your plan.","agriculture,crop_rotation,early blight,farming,india,loamy,potato"
Water Conservation,onion,downy mildew,What water conservation practices work best for onion in my area?,"In onion, avoid over-irrigation which leaches nutrients and promotes diseases. Use tensiometers or soil moisture sensors for precise scheduling. Maintain drainage to prevent waterlogging. Keep records of inputs and yields each season to refine your plan.","agriculture,downy mildew,farming,india,onion,sandy,water_conservation"
Micronutrients,chilli,leaf curl virus,How should I plan crop rotation with chilli to improve soil health?,"Zn deficiency in chilli shows as interveinal chlorosis and stunting. Apply ZnSO4 (20–25 kg/ha) basally or foliar 0.5% ZnSO4 + 0.25% lime. In alkaline soils, band Zn near roots for better uptake. Keep records of inputs and yields each season to refine your plan.","agriculture,chilli,clay,farming,india,leaf curl virus,micronutrients"
NPK Management,brinjal,fruit rot,How do I manage fruit rot in brinjal? What are the symptoms and spray schedule?,"For brinjal, integrated nutrient management combines FYM, biofertilizers, and mineral fertilizers. Target OC >0.8%, balanced NPK, and micronutrients based on soil tests. Avoid blanket recommendations. Keep records of inputs and yields each season to refine your plan.","agriculture,black,brinjal,farming,fruit rot,india,npk_management"
IPM,cabbage,alternaria leaf spot,When and how should I harvest cabbage to get maximum yield and quality?,"For cabbage, integrate pheromone traps (10–12/ha), NSKE 5%, and targeted insecticides. Avoid prophylactic sprays. Train labor on safe handling and PPE use. Keep records of inputs and yields each season to refine your plan.","agriculture,alternaria leaf spot,cabbage,farming,india,ipm,sandy"
Weed Management,cauliflower,clubroot,How do I set up protected cultivation or greenhouse for cauliflower?,"Weeds in cauliflower compete for light, water, and nutrients. Use pre-emergence herbicides (pendimethalin 1.0–1.5 kg/ha) followed by one hand weeding at 25–30 DAS. Mulching and intercropping also suppress weeds. Keep records of inputs and yields each season to refine your plan.","agriculture,cauliflower,clubroot,farming,india,loamy,weed_management"
Protected Cultivation,okra,anthracnose,What are good intercropping options with okra to increase income?,"In okra, hydroponics saves water and nutrients. Maintain EC and pH in recommended ranges. Use sterile media and prevent root diseases with sanitation. Keep records of inputs and yields each season to refine your plan.","agriculture,anthracnose,farming,india,okra,protected_cultivation,sandy"
Greenhouse,groundnut,stem rot,How do I store groundnut grains safely to avoid pests and mold?,"For groundnut, polyhouses improve yield and quality. Install fans and foggers for climate control. Use reflective mulch and trellising for better light distribution. Keep records of inputs and yields each season to refine your plan.","agriculture,farming,greenhouse,groundnut,india,laterite,stem rot"
Hydroponics,mustard,downy mildew,Which irrigation method saves the most water for mustard without reducing yield?,"Protected cultivation (shade nets, low tunnels) in mustard reduces pest and weather damage. Use drip fertigation and mulch. Monitor temperature and humidity to prevent diseases. Keep records of inputs and yields each season to refine your plan.","agriculture,downy mildew,farming,hydroponics,india,laterite,mustard"
Carbon Farming,sunflower,rust,What are effective weed control methods for sunflower that are safe and cheap?,"For sunflower, integrate livestock and manure management to recycle nutrients and carbon. Use compost and biochar where feasible. Monitor soil health indicators. Keep records of inputs and yields each season to refine your plan.","agriculture,carbon_farming,farming,india,laterite,rust,sunflower"
Regenerative Agriculture,bajra,blast,"What are the signs of Zn, B, or S deficiency in bajra and how do I correct them?","In bajra, combine traditional knowledge with modern science for regenerative outcomes. Use participatory trials and share results with neighbors. Seek technical support from agriculture departments. Keep records of inputs and yields each season to refine your plan.","agriculture,bajra,blast,farming,india,red,regenerative_agriculture"
GAP,jowar,anthracnose,How do I move towards regenerative agriculture in jowar?,"In jowar, GAP improves product quality and reduces residues. Implement standard operating procedures for spraying, harvesting, and packing. Seek certification where markets demand it. Keep records of inputs and yields each season to refine your plan.","agriculture,alluvial,anthracnose,farming,gap,india,jowar"
Insurance,ragi,smut,"How can I control stem borer, aphids, leaf miner in ragi using IPM and reduce chemical sprays?","In ragi, weather-based insurance can provide quick payouts. Link with local meteorological data. Use insurance as part of risk management, not a substitute for good practices. Keep records of inputs and yields each season to refine your plan.","agriculture,farming,india,insurance,laterite,ragi,smut"
Fertilizer,gram,alternaria blight,"What soil type and pH are ideal for gram, and how do I improve my soil?","In gram, balanced NPK (e.g., 100:50:50) improves yield and resilience. Apply full P and K at sowing; split N in 2–3 doses. Foliar 19:19:19 (2–3 g/L) at flowering boosts fruit set. Add 4–5 t/ha compost + 20 kg/ha ZnSO4 in Zn-deficient black soils. Avoid late heavy N to reduce lodging and pest risk.","agriculture,alternaria blight,farming,fertilizer,gram,india,loamy"
Disease,pigeon pea,sterility mosaic,"What soil type and pH are ideal for pigeon pea, and how do I improve my soil?","For sterility mosaic in pigeon pea, early detection is key. Symptoms include bushy growth and no pods. Spray recommended fungicides (e.g., propiconazole, tebuconazole) at label doses. Practice field sanitation, avoid water stagnation, and maintain plant spacing for airflow. Keep records of inputs and yields each season to refine your plan.","agriculture,disease,farming,india,laterite,pigeon pea,sterility mosaic"
Pest,green gram,alternaria leaf spot,"How can I control pod borer, aphids, whitefly, thrips in green gram using IPM and reduce chemical sprays?","Common pests in green gram include pod borer, aphids, whitefly, thrips. Monitor with pheromone traps (10–12/ha). Use need-based sprays: emamectin benzoate or spinosad for larvae; imidacloprid for sucking pests. Preserve natural enemies; avoid broad-spectrum sprays early. Keep records of inputs and yields each season to refine your plan.","agriculture,alternaria leaf spot,farming,green gram,india,pest,red"
Irrigation,black gram,powdery mildew,How do I implement IPM in black gram step by step?,"In black gram, avoid water stress during pod/fruit development. Use deficit irrigation (70–80% ET) in vegetative stage, then full irrigation at flowering and fruit set. Drain fields within 24 hours after heavy rain to prevent root rot. Keep records of inputs and yields each season to refine your plan.","agriculture,alluvial,black gram,farming,india,irrigation,powdery mildew"
Weather,banana,bacterial wilt,What weather conditions harm banana and how do I protect my crop?,"In drought-prone areas, select short-duration banana varieties. Use mulching, zero-till, and deficit irrigation. Apply 2% KNO3 foliar to mitigate heat stress. Avoid late sowing in rainfed zones. Keep records of inputs and yields each season to refine your plan.","agriculture,bacterial wilt,banana,farming,india,red,weather"
Soil,mango,dieback,"What are the signs of Zn, B, or S deficiency in mango and how do I correct them?","For mango, aim for soil pH 6.5–7.5. In acidic soils, apply lime (2–5 t/ha) 2–3 months before sowing. In alkaline soils, use gypsum (2–5 t/ha) and sulfur amendments. Build organic carbon (>0.75%) with FYM/compost and green manures. Keep records of inputs and yields each season to refine your plan.","agriculture,dieback,farming,india,mango,sandy,soil"
Government Scheme,papaya,powdery mildew,Which machines or implements are useful for papaya to save labor and time?,"For papaya, PMFBY provides yield-based insurance at low premium. Enroll through banks or CSC before sowing. Maintain plot-wise records and cooperate during crop cutting experiments for claim settlement. Keep records of inputs and yields each season to refine your plan.","agriculture,farming,government_scheme,india,laterite,papaya,powdery mildew"
Harvesting,grapes,black rot,How do I select and treat seeds for grapes to improve germination?,"Harvest grapes at physiological maturity: grains at 20–22% moisture, pods when 80–90% brown. Avoid delayed harvest to reduce shattering and field losses. Use combine harvesters where feasible; dry grains to 12–14% before storage. Keep records of inputs and yields each season to refine your plan.","agriculture,alluvial,black rot,farming,grapes,harvesting,india"
Marketing,pomegranate,bacterial blight,Which machines or implements are useful for pomegranate to save labor and time?,"For pomegranate, PMFBY provides yield-based insurance at low premium. Enroll through banks or CSC before sowing. Maintain plot-wise records and cooperate during crop cutting experiments for claim settlement. Keep records of inputs and yields each season to refine your plan.","agriculture,bacterial blight,farming,india,laterite,marketing,pomegranate"
Organic Farming,citrus,greening (huanglongbing),How should I plan crop rotation with citrus to improve soil health?,"For organic citrus, use Jeevamrut, Panchagavya, and Amritpani as foliar sprays. Manage weeds mechanically and through mulching. Build soil health with diverse rotations and cover crops. Keep records of inputs and yields each season to refine your plan.","agriculture,citrus,farming,greening (huanglongbing),india,organic_farming,red"
Yield Improvement,turmeric,rhizome rot,How do I practice organic farming in turmeric without losing yield?,"For turmeric, integrate agronomy and protection: quality seeds, seed treatment, balanced fertilizers, and need-based sprays. Avoid late sowing and water stress during reproductive stages. Keep records of inputs and yields each season to refine your plan.","agriculture,black,farming,india,rhizome rot,turmeric,yield_improvement"
Seed Selection,ginger,thrips damage,How do I set up protected cultivation or greenhouse for ginger?,"For ginger, seed treatment reduces seed-borne diseases. Use hot water treatment or solarization for some crops. Label bags with variety, lot, and date. Keep records of inputs and yields each season to refine your plan.","agriculture,clay,farming,ginger,india,seed_selection,thrips damage"
Storage,garlic,bacterial soft rot,What is the best fertilizer dose and schedule for garlic in loamy soil?,"Store garlic grains at 12–14% moisture in clean, dry, rodent-proof structures. Treat storage area with malathion dust. Use hermetic bags or PICS bags for pulses. Fumigate with aluminum phosphide if needed, following safety protocols. Keep records of inputs and yields each season to refine your plan.","agriculture,bacterial soft rot,farming,garlic,india,loamy,storage"
Post-Harvest,coriander,alternaria blight,Which government schemes can I use for coriander cultivation and marketing?,"In coriander, high moisture leads to mold and mycotoxins. Dry to safe levels, use moisture-proof liners, and keep bags off the floor on pallets. Inspect regularly for pests and dampness. Keep records of inputs and yields each season to refine your plan.","agriculture,alternaria blight,coriander,farming,india,post-harvest,red"
Mechanization,cumin,bacterial leaf spot,How do I manage bacterial leaf spot in cumin? What are the symptoms and spray schedule?,"In cumin, drip fertigation systems improve input efficiency. Use filters and pressure regulators; flush lines regularly. Schedule irrigation based on soil moisture and crop stage. Keep records of inputs and yields each season to refine your plan.","agriculture,alluvial,bacterial leaf spot,cumin,farming,india,mechanization"
Intercropping,rice,blast,What are good intercropping options with rice to increase income?,"For rice, intercropping with short-duration vegetables increases land productivity. Plan sowing dates to avoid competition. Use balanced fertilizers and timely weeding. Keep records of inputs and yields each season to refine your plan.","agriculture,blast,farming,india,intercropping,loamy,rice"
Crop Rotation,wheat,loose smut,How do I practice organic farming in wheat without losing yield?,"Rotate wheat with non-host crops (e.g., legumes) to break disease and pest cycles. Include green manures to improve soil health. Plan 2–3 year rotations based on soil and water availability. Keep records of inputs and yields each season to refine your plan.","agriculture,crop_rotation,farming,india,loamy,loose smut,wheat"
Water Conservation,maize,downy mildew,How can I increase yield in maize with better agronomy and protection?,"In maize, avoid over-irrigation which leaches nutrients and promotes diseases. Use tensiometers or soil moisture sensors for precise scheduling. Maintain drainage to prevent waterlogging. Keep records of inputs and yields each season to refine your plan.","agriculture,downy mildew,farming,india,loamy,maize,water_conservation"
Micronutrients,cotton,pink bollworm damage,What water conservation practices work best for cotton in my area?,Mn deficiency in cotton causes grey speck and reduced growth. Use MnSO4 foliar (0.2–0.3%) at tillering/vegetative stage. Maintain balanced NPK to improve micronutrient efficiency. Keep records of inputs and yields each season to refine your plan.,"agriculture,clay,cotton,farming,india,micronutrients,pink bollworm damage"
NPK Management,sugarcane,red rot,"What soil type and pH are ideal for sugarcane, and how do I improve my soil?","In sugarcane, high K improves water use efficiency and disease resistance. Apply K in splits; avoid late heavy K. Use SOP or MOP based on crop and soil Cl tolerance. Keep records of inputs and yields each season to refine your plan.","agriculture,farming,india,npk_management,red,red rot,sugarcane"
IPM,soybean,frogeye leaf spot,"What are the signs of Zn, B, or S deficiency in soybean and how do I correct them?","For soybean, integrate pheromone traps (10–12/ha), NSKE 5%, and targeted insecticides. Avoid prophylactic sprays. Train labor on safe handling and PPE use. Keep records of inputs and yields each season to refine your plan.","agriculture,clay,farming,frogeye leaf spot,india,ipm,soybean"
Weed Management,tomato,bacterial wilt,"How can I control fruit borer, whitefly, leaf miner, aphids in tomato using IPM and reduce chemical sprays?","For tomato, timely weeding (first 30 days) is critical. Use mechanical weeding or recommended herbicides. Avoid late weeding that damages roots. Maintain crop geometry for canopy closure. Keep records of inputs and yields each season to refine your plan.","agriculture,bacterial wilt,clay,farming,india,tomato,weed_management"
Protected Cultivation,potato,scab,How do I implement IPM in potato step by step?,"In potato, protected cultivation reduces pesticide use. Combine with biological controls and hygiene. Plan crop cycles to match market demand. Keep records of inputs and yields each season to refine your plan.","agriculture,farming,india,loamy,potato,protected_cultivation,scab"
Greenhouse,onion,purple blotch,How do I manage purple blotch in onion? What are the symptoms and spray schedule?,"For onion, greenhouses enable year-round production. Use insect-proof nets, drip irrigation, and balanced fertigation. Train labor on climate management and IPM. Keep records of inputs and yields each season to refine your plan.","agriculture,black,farming,greenhouse,india,onion,purple blotch"
Hydroponics,chilli,leaf curl virus,How do I select and treat seeds for chilli to improve germination?,"In chilli, protected cultivation reduces pesticide use. Combine with biological controls and hygiene. Plan crop cycles to match market demand. Keep records of inputs and yields each season to refine your plan.","agriculture,chilli,clay,farming,hydroponics,india,leaf curl virus"
Carbon Farming,brinjal,alternaria leaf spot,What water conservation practices work best for brinjal in my area?,"In brinjal, precision fertilizer use reduces N2O emissions. Use urease inhibitors and split N applications. Combine with renewable energy for irrigation. Keep records of inputs and yields each season to refine your plan.","agriculture,alternaria leaf spot,brinjal,carbon_farming,farming,india,red"
Regenerative Agriculture,cabbage,downy mildew,What water conservation practices work best for cabbage in my area?,"In cabbage, regenerative practices improve long-term profitability. Reduce external inputs, increase on-farm nutrient cycling, and maintain soil cover. Document practices for learning and scaling. Keep records of inputs and yields each season to refine your plan.","agriculture,alluvial,cabbage,downy mildew,farming,india,regenerative_agriculture"
GAP,cauliflower,downy mildew,What water conservation practices work best for cauliflower in my area?,"In cauliflower, GAP improves product quality and reduces residues. Implement standard operating procedures for spraying, harvesting, and packing. Seek certification where markets demand it. Keep records of inputs and yields each season to refine your plan.","agriculture,cauliflower,downy mildew,farming,gap,india,laterite"
Insurance,okra,root-knot nematode,Which machines or implements are useful for okra to save labor and time?,"In okra, combine insurance with savings and credit for resilience. Diversify crops and income sources. Seek advisory on risk reduction and insurance options. Keep records of inputs and yields each season to refine your plan.","agriculture,alluvial,farming,india,insurance,okra,root-knot nematode"
Fertilizer,groundnut,collar rot,How do I move towards regenerative agriculture in groundnut?,"In groundnut, apply 80–120 kg N/ha, 40–60 kg P2O5/ha, 40 kg K2O/ha. Use basal NPK (15:15:15) at 150–200 kg/ha, then top-dress urea twice. Add ZnSO4 (20–25 kg/ha) once in 2–3 years. Include 5–10 t/ha FYM before sowing. In saline soils, prefer gypsum and avoid chloride fertilizers.","agriculture,collar rot,farming,fertilizer,groundnut,india,laterite"
Disease,mustard,downy mildew,What is the best fertilizer dose and schedule for mustard in laterite soil?,"For downy mildew in mustard, early detection is key. Symptoms include fuzzy growth on leaf undersides and stunting. Spray recommended fungicides (e.g., propiconazole, tebuconazole) at label doses. Practice field sanitation, avoid water stagnation, and maintain plant spacing for airflow. Keep records of inputs and yields each season to refine your plan.","agriculture,disease,downy mildew,farming,india,laterite,mustard"
Pest,sunflower,alternaria leaf spot,"What soil type and pH are ideal for sunflower, and how do I improve my soil?","In sunflower, pests like aphids, capitulum borer, leaf miner cause yield loss. Use sticky traps for whiteflies/aphids. Apply recommended insecticides at correct doses. Maintain field hygiene and remove weed hosts. Keep records of inputs and yields each season to refine your plan.","agriculture,alternaria leaf spot,farming,india,pest,sandy,sunflower"
Irrigation,bajra,leaf spot,What GAP should I follow for bajra to meet market and export standards?,"For bajra, maintain soil moisture at 50–60% field capacity. Use drip or furrow irrigation to save 20–30% water. Avoid waterlogging; ensure drainage in heavy soils. Critical stages: sowing, flowering, and pod/fruit set. In summer, irrigate every 5–7 days; in winter, every 8–10 days.","agriculture,alluvial,bajra,farming,india,irrigation,leaf spot"
Weather,jowar,rust,Which government schemes can I use for jowar cultivation and marketing?,"In jowar, unexpected hail can damage canopy. Ensure good K nutrition for resilience. After hail, apply broad-spectrum fungicide to prevent secondary infections and maintain drainage. Keep records of inputs and yields each season to refine your plan.","agriculture,farming,india,jowar,laterite,rust,weather"
Soil,ragi,bacterial leaf streak,What GAP should I follow for ragi to meet market and export standards?,"Best soils for ragi are deep, well-drained loamy to clay loam with pH 6.0–7.5. In black soils, ensure good drainage to avoid root diseases. In red soils, add 4–6 t/ha FYM and 20–25 kg/ha ZnSO4. In sandy soils, increase organic matter and use split fertilizer doses.","agriculture,bacterial leaf streak,farming,india,ragi,red,soil"
Government Scheme,gram,alternaria blight,What weather conditions harm gram and how do I protect my crop?,"In gram, agri-business ideas can access credit via NABARD and agri-clinics schemes. Explore FPO formation, common facility centers, and market linkage programs. Check state horticulture missions for post-harvest support. Keep records of inputs and yields each season to refine your plan.","agriculture,alternaria blight,farming,government_scheme,gram,india,laterite"
Harvesting,pigeon pea,pod borer damage,How do I implement IPM in pigeon pea step by step?,"For pigeon pea, harvest in dry weather. Use sharp sickles or mechanical harvesters to minimize losses. Dry produce to safe moisture (grains 12–14%, pulses 10–12%) before storage. Clean and grade before marketing. Keep records of inputs and yields each season to refine your plan.","agriculture,clay,farming,harvesting,india,pigeon pea,pod borer damage"
Marketing,green gram,yellow mosaic virus,How should I plan crop rotation with green gram to improve soil health?,"Farmers growing green gram can benefit from PM-KISAN (₹6,000/year), Kisan Credit Card (subsidized interest), and Soil Health Card (free soil testing). Check with your local agriculture office or CSC for enrollment. Crop insurance under PMFBY is also available. Keep records of inputs and yields each season to refine your plan.","agriculture,black,farming,green gram,india,marketing,yellow mosaic virus"
Organic Farming,black gram,yellow mosaic virus,How can I increase yield in black gram with better agronomy and protection?,"For organic black gram, use Jeevamrut, Panchagavya, and Amritpani as foliar sprays. Manage weeds mechanically and through mulching. Build soil health with diverse rotations and cover crops. Keep records of inputs and yields each season to refine your plan.","agriculture,black,black gram,farming,india,organic_farming,yellow mosaic virus"
Yield Improvement,banana,bacterial wilt,What are effective weed control methods for banana that are safe and cheap?,"For banana, target 10–15% higher yield by adopting improved varieties, micro-irrigation, and INM. Ensure timely sowing, proper spacing, and timely weeding. Use foliar nutrients at critical stages. Keep records of inputs and yields each season to refine your plan.","agriculture,bacterial wilt,banana,farming,india,red,yield_improvement"
Seed Selection,mango,spongy tissue,How does crop insurance work for mango and how do I claim?,"In mango, procure seeds from certified agencies. Check germination before sowing; aim for >85%. Avoid storage in humid conditions. Keep records of inputs and yields each season to refine your plan.","agriculture,farming,india,loamy,mango,seed_selection,spongy tissue"
Storage,papaya,stem canker,What GAP should I follow for papaya to meet market and export standards?,"Store papaya grains at 12–14% moisture in clean, dry, rodent-proof structures. Treat storage area with malathion dust. Use hermetic bags or PICS bags for pulses. Fumigate with aluminum phosphide if needed, following safety protocols. Keep records of inputs and yields each season to refine your plan.","agriculture,clay,farming,india,papaya,stem canker,storage"
Post-Harvest,grapes,powdery mildew,When and how should I harvest grapes to get maximum yield and quality?,"In grapes, fumigation should be done by trained personnel. Seal stores properly, use recommended doses, and observe aeration periods before sale or consumption. Keep records of inputs and yields each season to refine your plan.","agriculture,farming,grapes,india,loamy,post-harvest,powdery mildew"
Mechanization,pomegranate,leaf spot,How do I select and treat seeds for pomegranate to improve germination?,"For pomegranate, post-harvest mechanization (threshers, graders, dryers) improves quality and reduces losses. Clean and maintain equipment after each season. Keep records of inputs and yields each season to refine your plan.","agriculture,farming,india,leaf spot,mechanization,pomegranate,sandy"
Intercropping,citrus,anthracnose,What weather conditions harm citrus and how do I protect my crop?,"For citrus, relay cropping or sequential cropping maximizes land use. Maintain soil fertility with FYM and biofertilizers. Use crop-specific herbicides carefully. Keep records of inputs and yields each season to refine your plan.","agriculture,alluvial,anthracnose,citrus,farming,india,intercropping"
Crop Rotation,turmeric,thrips damage,What are good intercropping options with turmeric to increase income?,"In turmeric, rotation reduces soil-borne diseases and weeds. Select crops with different nutrient demands. Maintain field records to plan rotations effectively. Keep records of inputs and yields each season to refine your plan.","agriculture,alluvial,crop_rotation,farming,india,thrips damage,turmeric"
Water Conservation,ginger,rhizome rot,How do I select and treat seeds for ginger to improve germination?,"For ginger, use alternate wetting and drying (AWD) where feasible. Recycle field drainage and harvest rainwater in ponds. Maintain field bunds and channels. Keep records of inputs and yields each season to refine your plan.","agriculture,farming,ginger,india,loamy,rhizome rot,water_conservation"
Micronutrients,garlic,downy mildew,What are good intercropping options with garlic to increase income?,"S deficiency in garlic leads to pale young leaves. Use SSP or gypsum to supply S (20–40 kg/ha). In high-rainfall areas, split S applications to reduce leaching. Keep records of inputs and yields each season to refine your plan.","agriculture,alluvial,downy mildew,farming,garlic,india,micronutrients"
NPK Management,coriander,stem gall,How does crop insurance work for coriander and how do I claim?,"For coriander, P fixation in alkaline soils reduces efficiency. Band P near roots, use SSP or DAP, and maintain pH 6.5–7.5 with amendments. Add Zn and S where deficient. Keep records of inputs and yields each season to refine your plan.","agriculture,alluvial,coriander,farming,india,npk_management,stem gall"
IPM,cumin,powdery mildew,How do I move towards regenerative agriculture in cumin?,"In cumin, light traps and bird perches help manage nocturnal pests. Maintain field hygiene and remove weed hosts. Use need-based sprays only when ETL is crossed. Keep records of inputs and yields each season to refine your plan.","agriculture,cumin,farming,india,ipm,powdery mildew,sandy"
Weed Management,rice,bacterial leaf blight,What is a good NPK plan for rice to avoid lodging and disease?,"In rice, avoid waterlogging which favors weeds. Use narrow row spacing and early canopy closure to suppress weeds. Scout fields regularly and remove weeds before seed set. Keep records of inputs and yields each season to refine your plan.","agriculture,bacterial leaf blight,farming,india,laterite,rice,weed_management"
Protected Cultivation,wheat,loose smut,"What soil type and pH are ideal for wheat, and how do I improve my soil?","In wheat, protected cultivation reduces pesticide use. Combine with biological controls and hygiene. Plan crop cycles to match market demand. Keep records of inputs and yields each season to refine your plan.","agriculture,alluvial,farming,india,loose smut,protected_cultivation,wheat"
Greenhouse,maize,fusarium stalk rot,How do I implement IPM in maize step by step?,"In maize, hydroponics saves water and nutrients. Maintain EC and pH in recommended ranges. Use sterile media and prevent root diseases with sanitation. Keep records of inputs and yields each season to refine your plan.","agriculture,farming,fusarium stalk rot,greenhouse,india,laterite,maize"
Hydroponics,cotton,leaf curl virus,How do I manage leaf curl virus in cotton? What are the symptoms and spray schedule?,"In cotton, hydroponics saves water and nutrients. Maintain EC and pH in recommended ranges. Use sterile media and prevent root diseases with sanitation. Keep records of inputs and yields each season to refine your plan.","agriculture,alluvial,cotton,farming,hydroponics,india,leaf curl virus"
Carbon Farming,sugarcane,red rot,How can I increase yield in sugarcane with better agronomy and protection?,"In sugarcane, reduced tillage and mulching improve SOC and water retention. Avoid burning residues; incorporate or use for mulch. Align with national carbon initiatives. Keep records of inputs and yields each season to refine your plan.","agriculture,alluvial,carbon_farming,farming,india,red rot,sugarcane"
Regenerative Agriculture,soybean,rust,When and how should I harvest soybean to get maximum yield and quality?,"In soybean, combine traditional knowledge with modern science for regenerative outcomes. Use participatory trials and share results with neighbors. Seek technical support from agriculture departments. Keep records of inputs and yields each season to refine your plan.","agriculture,farming,india,red,regenerative_agriculture,rust,soybean"
GAP,tomato,bacterial wilt,How do I move towards regenerative agriculture in tomato?,"In tomato, GAP improves product quality and reduces residues. Implement standard operating procedures for spraying, harvesting, and packing. Seek certification where markets demand it. Keep records of inputs and yields each season to refine your plan.","agriculture,bacterial wilt,farming,gap,india,loamy,tomato"
Insurance,potato,early blight,What water conservation practices work best for potato in my area?,"In potato, combine insurance with savings and credit for resilience. Diversify crops and income sources. Seek advisory on risk reduction and insurance options. Keep records of inputs and yields each season to refine your plan.","agriculture,black,early blight,farming,india,insurance,potato"
Fertilizer,onion,downy mildew,How do I manage downy mildew in onion? What are the symptoms and spray schedule?,"In onion, apply 80–120 kg N/ha, 40–60 kg P2O5/ha, 40 kg K2O/ha. Use basal NPK (15:15:15) at 150–200 kg/ha, then top-dress urea twice. Add ZnSO4 (20–25 kg/ha) once in 2–3 years. Include 5–10 t/ha FYM before sowing. In saline soils, prefer gypsum and avoid chloride fertilizers.","agriculture,downy mildew,farming,fertilizer,india,onion,red"
Disease,chilli,bacterial leaf spot,How do I store chilli grains safely to avoid pests and mold?,"In chilli, bacterial leaf spot shows small water-soaked spots turning necrotic. Prevent by using certified seeds, crop rotation, and balanced NPK. For fungal diseases, spray mancozeb 0.25% or carbendazim 0.1% at first sign. Improve drainage and avoid late evening irrigation. Remove infected debris.","agriculture,bacterial leaf spot,chilli,disease,farming,india,sandy"
Pest,brinjal,fruit rot,"What are the signs of Zn, B, or S deficiency in brinjal and how do I correct them?","In brinjal, pests like shoot and fruit borer, aphids, jassids, whitefly cause yield loss. Use sticky traps for whiteflies/aphids. Apply recommended insecticides at correct doses. Maintain field hygiene and remove weed hosts. Keep records of inputs and yields each season to refine your plan.","agriculture,brinjal,farming,fruit rot,india,laterite,pest"
Irrigation,cabbage,black rot,How does crop insurance work for cabbage and how do I claim?,"Use 4–6 irrigations for cabbage depending on soil and rainfall. First irrigation 20–25 days after sowing, then at tillering, flowering, and grain filling. Drip/fertigation saves 30–40% water and improves uniformity. Mulching reduces evaporation. Avoid late heavy irrigation to prevent lodging.","agriculture,black rot,cabbage,farming,india,irrigation,sandy"
Weather,cauliflower,black rot,What weather conditions harm cauliflower and how do I protect my crop?,"For cauliflower, high humidity favors fungal diseases. Increase plant spacing, avoid overhead irrigation, and use protective fungicides before monsoon peaks. Use weather-based advisories for spray timing. Keep records of inputs and yields each season to refine your plan.","agriculture,black rot,cauliflower,farming,india,loamy,weather"
Soil,okra,anthracnose,How do I set up protected cultivation or greenhouse for okra?,"For okra, aim for soil pH 6.5–7.5. In acidic soils, apply lime (2–5 t/ha) 2–3 months before sowing. In alkaline soils, use gypsum (2–5 t/ha) and sulfur amendments. Build organic carbon (>0.75%) with FYM/compost and green manures. Keep records of inputs and yields each season to refine your plan.","agriculture,anthracnose,farming,india,laterite,okra,soil"
Government Scheme,groundnut,stem rot,How do I practice organic farming in groundnut without losing yield?,"Farmers growing groundnut can benefit from PM-KISAN (₹6,000/year), Kisan Credit Card (subsidized interest), and Soil Health Card (free soil testing). Check with your local agriculture office or CSC for enrollment. Crop insurance under PMFBY is also available. Keep records of inputs and yields each season to refine your plan.","agriculture,alluvial,farming,government_scheme,groundnut,india,stem rot"
Harvesting,mustard,alternaria leaf spot,How should I plan crop rotation with mustard to improve soil health?,"For mustard, harvest in dry weather. Use sharp sickles or mechanical harvesters to minimize losses. Dry produce to safe moisture (grains 12–14%, pulses 10–12%) before storage. Clean and grade before marketing. Keep records of inputs and yields each season to refine your plan.","agriculture,alternaria leaf spot,farming,harvesting,india,mustard,sandy"
Marketing,sunflower,sclerotinia head rot,What GAP should I follow for sunflower to meet market and export standards?,"Farmers growing sunflower can benefit from PM-KISAN (₹6,000/year), Kisan Credit Card (subsidized interest), and Soil Health Card (free soil testing). Check with your local agriculture office or CSC for enrollment. Crop insurance under PMFBY is also available. Keep records of inputs and yields each season to refine your plan.","agriculture,farming,india,marketing,sandy,sclerotinia head rot,sunflower"
Organic Farming,bajra,smut,What weather conditions harm bajra and how do I protect my crop?,"For organic bajra, use well-decomposed FYM (10–15 t/ha), vermicompost (2–3 t/ha), and biofertilizers (Rhizobium, PSB, Azotobacter). Avoid synthetic fertilizers and pesticides. Use neem-based products and botanicals for pest control. Keep records of inputs and yields each season to refine your plan.","agriculture,bajra,farming,india,laterite,organic_farming,smut"
Yield Improvement,jowar,leaf blight,How do I select and treat seeds for jowar to improve germination?,"For jowar, target 10–15% higher yield by adopting improved varieties, micro-irrigation, and INM. Ensure timely sowing, proper spacing, and timely weeding. Use foliar nutrients at critical stages. Keep records of inputs and yields each season to refine your plan.","agriculture,clay,farming,india,jowar,leaf blight,yield_improvement"
Seed Selection,ragi,smut,What is the best fertilizer dose and schedule for ragi in black soil?,"In ragi, seed rate varies by method: line sowing needs less seed than broadcasting. Calibrate seed drills for uniform spacing. Avoid old or damaged seeds. Keep records of inputs and yields each season to refine your plan.","agriculture,black,farming,india,ragi,seed_selection,smut"
Storage,gram,alternaria blight,"What soil type and pH are ideal for gram, and how do I improve my soil?","In gram, high moisture leads to mold and mycotoxins. Dry to safe levels, use moisture-proof liners, and keep bags off the floor on pallets. Inspect regularly for pests and dampness. Keep records of inputs and yields each season to refine your plan.","agriculture,alternaria blight,farming,gram,india,loamy,storage"
Post-Harvest,pigeon pea,phytophthora blight,How do I set up protected cultivation or greenhouse for pigeon pea?,"In pigeon pea, fumigation should be done by trained personnel. Seal stores properly, use recommended doses, and observe aeration periods before sale or consumption. Keep records of inputs and yields each season to refine your plan.","agriculture,farming,india,laterite,phytophthora blight,pigeon pea,post-harvest"
Mechanization,green gram,bacterial leaf spot,"How can I control pod borer, aphids, whitefly, thrips in green gram using IPM and reduce chemical sprays?","For green gram, post-harvest mechanization (threshers, graders, dryers) improves quality and reduces losses. Clean and maintain equipment after each season. Keep records of inputs and yields each season to refine your plan.","agriculture,bacterial leaf spot,farming,green gram,india,laterite,mechanization"
Intercropping,black gram,alternaria leaf spot,When and how should I harvest black gram to get maximum yield and quality?,"Intercropping black gram with legumes improves soil N and reduces pest pressure. Use compatible row ratios (e.g., 2:1 or 4:2). Manage nutrients and irrigation for both crops. Keep records of inputs and yields each season to refine your plan.","agriculture,alluvial,alternaria leaf spot,black gram,farming,india,intercropping"
Crop Rotation,banana,anthracnose,What GAP should I follow for banana to meet market and export standards?,"For banana, integrate livestock or agroforestry in rotations for diversification. Use manure and compost to recycle nutrients. Monitor soil tests to adjust rotations. Keep records of inputs and yields each season to refine your plan.","agriculture,anthracnose,banana,crop_rotation,farming,india,red"
Water Conservation,mango,bacterial canker,What weather conditions harm mango and how do I protect my crop?,"Conserve water in mango with mulching, zero-till, and micro-irrigation. Schedule irrigation based on soil moisture. Avoid flood irrigation in sandy soils. Keep records of inputs and yields each season to refine your plan.","agriculture,bacterial canker,farming,india,mango,sandy,water_conservation"
Micronutrients,papaya,anthracnose,How do I practice organic farming in papaya without losing yield?,Mn deficiency in papaya causes grey speck and reduced growth. Use MnSO4 foliar (0.2–0.3%) at tillering/vegetative stage. Maintain balanced NPK to improve micronutrient efficiency. Keep records of inputs and yields each season to refine your plan.,"agriculture,anthracnose,clay,farming,india,micronutrients,papaya"
NPK Management,grapes,powdery mildew,What water conservation practices work best for grapes in my area?,"In grapes, high K improves water use efficiency and disease resistance. Apply K in splits; avoid late heavy K. Use SOP or MOP based on crop and soil Cl tolerance. Keep records of inputs and yields each season to refine your plan.","agriculture,farming,grapes,india,npk_management,powdery mildew,red"
IPM,pomegranate,fruit rot,"What are the signs of Zn, B, or S deficiency in pomegranate and how do I correct them?","For pomegranate, IPM starts with monitoring: pheromone traps, field scouting, and ETL-based sprays. Use biocontrol (Trichogramma, NPV) and botanicals (neem) early. Rotate insecticide groups to delay resistance. Keep records of inputs and yields each season to refine your plan.","agriculture,farming,fruit rot,india,ipm,loamy,pomegranate"
Weed Management,citrus,anthracnose,"What soil type and pH are ideal for citrus, and how do I improve my soil?","For citrus, timely weeding (first 30 days) is critical. Use mechanical weeding or recommended herbicides. Avoid late weeding that damages roots. Maintain crop geometry for canopy closure. Keep records of inputs and yields each season to refine your plan.","agriculture,anthracnose,citrus,farming,india,sandy,weed_management"
Protected Cultivation,turmeric,leaf blotch,"What are the signs of Zn, B, or S deficiency in turmeric and how do I correct them?","For turmeric, greenhouses enable year-round production. Use insect-proof nets, drip irrigation, and balanced fertigation. Train labor on climate management and IPM. Keep records of inputs and yields each season to refine your plan.","agriculture,farming,india,laterite,leaf blotch,protected_cultivation,turmeric"
Greenhouse,ginger,soft rot,How do I implement IPM in ginger step by step?,"For ginger, greenhouses enable year-round production. Use insect-proof nets, drip irrigation, and balanced fertigation. Train labor on climate management and IPM. Keep records of inputs and yields each season to refine your plan.","agriculture,alluvial,farming,ginger,greenhouse,india,soft rot"
Hydroponics,garlic,rust,Which government schemes can I use for garlic cultivation and marketing?,"In garlic, hydroponics saves water and nutrients. Maintain EC and pH in recommended ranges. Use sterile media and prevent root diseases with sanitation. Keep records of inputs and yields each season to refine your plan.","agriculture,clay,farming,garlic,hydroponics,india,rust"
Carbon Farming,coriander,bacterial leaf spot,What GAP should I follow for coriander to meet market and export standards?,"In coriander, precision fertilizer use reduces N2O emissions. Use urease inhibitors and split N applications. Combine with renewable energy for irrigation. Keep records of inputs and yields each season to refine your plan.","agriculture,bacterial leaf spot,carbon_farming,coriander,farming,india,loamy"
Regenerative Agriculture,cumin,alternaria blight,How do I set up protected cultivation or greenhouse for cumin?,"In cumin, regenerative practices improve long-term profitability. Reduce external inputs, increase on-farm nutrient cycling, and maintain soil cover. Document practices for learning and scaling. Keep records of inputs and yields each season to refine your plan.","agriculture,alluvial,alternaria blight,cumin,farming,india,regenerative_agriculture"
GAP,rice,brown spot,What carbon farming practices can I adopt in rice fields?,"Good Agricultural Practices (GAP) in rice include record-keeping, safe pesticide use, and traceability. Follow pre-harvest intervals and maintain field hygiene. Adopt GAP for market access and premiums. Keep records of inputs and yields each season to refine your plan.","agriculture,black,brown spot,farming,gap,india,rice"
Insurance,wheat,karnal bunt,What weather conditions harm wheat and how do I protect my crop?,"For wheat, explore state-specific insurance top-ups and micro-insurance. Maintain communication with insurance agents. File claims promptly with required documents. Keep records of inputs and yields each season to refine your plan.","agriculture,alluvial,farming,india,insurance,karnal bunt,wheat"
Fertilizer,maize,fusarium stalk rot,How does crop insurance work for maize and how do I claim?,"In maize, balanced NPK (e.g., 100:50:50) improves yield and resilience. Apply full P and K at sowing; split N in 2–3 doses. Foliar 19:19:19 (2–3 g/L) at flowering boosts fruit set. Add 4–5 t/ha compost + 20 kg/ha ZnSO4 in Zn-deficient black soils. Avoid late heavy N to reduce lodging and pest risk.","agriculture,farming,fertilizer,fusarium stalk rot,india,maize,sandy"
Disease,cotton,boll rot,How do I practice organic farming in cotton without losing yield?,"For boll rot in cotton, early detection is key. Symptoms include rotting of bolls and defoliation. Spray recommended fungicides (e.g., propiconazole, tebuconazole) at label doses. Practice field sanitation, avoid water stagnation, and maintain plant spacing for airflow. Keep records of inputs and yields each season to refine your plan.","agriculture,boll rot,cotton,disease,farming,india,sandy"
Pest,sugarcane,ring spot,How do I store sugarcane grains safely to avoid pests and mold?,"For sugarcane, adopt IPM: pheromone traps, light traps, and bird perches. Spray only when ETL is reached. Use neem oil 3% or NSKE 5% for early infestations. Rotate insecticide groups to prevent resistance. Keep records of inputs and yields each season to refine your plan.","agriculture,farming,india,pest,red,ring spot,sugarcane"
Irrigation,soybean,rust,How can I increase yield in soybean with better agronomy and protection?,"In soybean, avoid water stress during pod/fruit development. Use deficit irrigation (70–80% ET) in vegetative stage, then full irrigation at flowering and fruit set. Drain fields within 24 hours after heavy rain to prevent root rot. Keep records of inputs and yields each season to refine your plan.","agriculture,farming,india,irrigation,red,rust,soybean"
Weather,tomato,bacterial wilt,How do I move towards regenerative agriculture in tomato?,"In tomato, unexpected hail can damage canopy. Ensure good K nutrition for resilience. After hail, apply broad-spectrum fungicide to prevent secondary infections and maintain drainage. Keep records of inputs and yields each season to refine your plan.","agriculture,bacterial wilt,farming,india,laterite,tomato,weather"
Soil,potato,mosaic virus,What are good intercropping options with potato to increase income?,"For potato, aim for soil pH 6.5–7.5. In acidic soils, apply lime (2–5 t/ha) 2–3 months before sowing. In alkaline soils, use gypsum (2–5 t/ha) and sulfur amendments. Build organic carbon (>0.75%) with FYM/compost and green manures. Keep records of inputs and yields each season to refine your plan.","agriculture,clay,farming,india,mosaic virus,potato,soil"
Government Scheme,onion,downy mildew,How does crop insurance work for onion and how do I claim?,"In onion, agri-business ideas can access credit via NABARD and agri-clinics schemes. Explore FPO formation, common facility centers, and market linkage programs. Check state horticulture missions for post-harvest support. Keep records of inputs and yields each season to refine your plan.","agriculture,downy mildew,farming,government_scheme,india,onion,sandy"
Harvesting,chilli,anthracnose,How can I increase yield in chilli with better agronomy and protection?,"In chilli, timely harvest improves market price. Use mechanical threshers where possible. Dry to safe moisture, clean, and store in hermetic bags or silos to prevent pests and mold. Keep records of inputs and yields each season to refine your plan.","agriculture,anthracnose,chilli,farming,harvesting,india,loamy"
Marketing,brinjal,little leaf virus,How should I plan crop rotation with brinjal to improve soil health?,"Farmers growing brinjal can benefit from PM-KISAN (₹6,000/year), Kisan Credit Card (subsidized interest), and Soil Health Card (free soil testing). Check with your local agriculture office or CSC for enrollment. Crop insurance under PMFBY is also available. Keep records of inputs and yields each season to refine your plan.","agriculture,black,brinjal,farming,india,little leaf virus,marketing"
Organic Farming,cabbage,black rot,What are good intercropping options with cabbage to increase income?,"For cabbage, organic yields improve over 2–3 years as soil health builds. Use seed treatment with Trichoderma and biofertilizers. Avoid contamination from conventional inputs and maintain buffer zones. Keep records of inputs and yields each season to refine your plan.","agriculture,black rot,cabbage,clay,farming,india,organic_farming"
Yield Improvement,cauliflower,downy mildew,What are good intercropping options with cauliflower to increase income?,"For cauliflower, target 10–15% higher yield by adopting improved varieties, micro-irrigation, and INM. Ensure timely sowing, proper spacing, and timely weeding. Use foliar nutrients at critical stages. Keep records of inputs and yields each season to refine your plan.","agriculture,cauliflower,downy mildew,farming,india,loamy,yield_improvement"
Seed Selection,okra,powdery mildew,Which machines or implements are useful for okra to save labor and time?,"For okra, seed treatment reduces seed-borne diseases. Use hot water treatment or solarization for some crops. Label bags with variety, lot, and date. Keep records of inputs and yields each season to refine your plan.","agriculture,alluvial,farming,india,okra,powdery mildew,seed_selection"
Storage,groundnut,leaf spot,When and how should I harvest groundnut to get maximum yield and quality?,"In groundnut, fumigation should be done by trained personnel. Seal stores properly, use recommended doses, and observe aeration periods before sale or consumption. Keep records of inputs and yields each season to refine your plan.","agriculture,farming,groundnut,india,leaf spot,sandy,storage"
Post-Harvest,mustard,aphid damage,Which machines or implements are useful for mustard to save labor and time?,"For mustard, maintain ventilation in stores. Use insect-proof screens. In humid areas, prefer hermetic storage. Avoid storing near chemicals or fertilizers to prevent contamination. Keep records of inputs and yields each season to refine your plan.","agriculture,aphid damage,black,farming,india,mustard,post-harvest"
Mechanization,sunflower,downy mildew,"How can I control aphids, capitulum borer, leaf miner in sunflower using IPM and reduce chemical sprays?","For sunflower, post-harvest mechanization (threshers, graders, dryers) improves quality and reduces losses. Clean and maintain equipment after each season. Keep records of inputs and yields each season to refine your plan.","agriculture,downy mildew,farming,india,laterite,mechanization,sunflower"
Intercropping,bajra,blast,How should I plan crop rotation with bajra to improve soil health?,"Intercropping bajra with legumes improves soil N and reduces pest pressure. Use compatible row ratios (e.g., 2:1 or 4:2). Manage nutrients and irrigation for both crops. Keep records of inputs and yields each season to refine your plan.","agriculture,bajra,blast,farming,india,intercropping,laterite"
Crop Rotation,jowar,rust,What carbon farming practices can I adopt in jowar fields?,"In jowar, rotation reduces soil-borne diseases and weeds. Select crops with different nutrient demands. Maintain field records to plan rotations effectively. Keep records of inputs and yields each season to refine your plan.","agriculture,crop_rotation,farming,india,jowar,laterite,rust"
Water Conservation,ragi,blast,Which government schemes can I use for ragi cultivation and marketing?,"Conserve water in ragi with mulching, zero-till, and micro-irrigation. Schedule irrigation based on soil moisture. Avoid flood irrigation in sandy soils. Keep records of inputs and yields each season to refine your plan.","agriculture,blast,farming,india,laterite,ragi,water_conservation"
Micronutrients,gram,dry root rot,Which irrigation method saves the most water for gram without reducing yield?,"Zn deficiency in gram shows as interveinal chlorosis and stunting. Apply ZnSO4 (20–25 kg/ha) basally or foliar 0.5% ZnSO4 + 0.25% lime. In alkaline soils, band Zn near roots for better uptake. Keep records of inputs and yields each season to refine your plan.","agriculture,dry root rot,farming,gram,india,loamy,micronutrients"
NPK Management,pigeon pea,alternaria blight,How do I move towards regenerative agriculture in pigeon pea?,"Balanced NPK in pigeon pea improves yield and stress tolerance. Use soil test-based doses; typical ranges: N 80–120, P2O5 40–60, K2O 40–60 kg/ha. Split N in 2–3 doses; place P and K basally near seed. Keep records of inputs and yields each season to refine your plan.","agriculture,alluvial,alternaria blight,farming,india,npk_management,pigeon pea"
IPM,green gram,bacterial leaf spot,Which irrigation method saves the most water for green gram without reducing yield?,"In green gram, light traps and bird perches help manage nocturnal pests. Maintain field hygiene and remove weed hosts. Use need-based sprays only when ETL is crossed. Keep records of inputs and yields each season to refine your plan.","agriculture,bacterial leaf spot,black,farming,green gram,india,ipm"
Weed Management,black gram,powdery mildew,What are effective weed control methods for black gram that are safe and cheap?,"For black gram, timely weeding (first 30 days) is critical. Use mechanical weeding or recommended herbicides. Avoid late weeding that damages roots. Maintain crop geometry for canopy closure. Keep records of inputs and yields each season to refine your plan.","agriculture,alluvial,black gram,farming,india,powdery mildew,weed_management"
Protected Cultivation,banana,sigatoka leaf spot,How do I set up protected cultivation or greenhouse for banana?,"For banana, polyhouses improve yield and quality. Install fans and foggers for climate control. Use reflective mulch and trellising for better light distribution. Keep records of inputs and yields each season to refine your plan.","agriculture,banana,clay,farming,india,protected_cultivation,sigatoka leaf spot"
Greenhouse,mango,bacterial canker,How can I increase yield in mango with better agronomy and protection?,"For mango, polyhouses improve yield and quality. Install fans and foggers for climate control. Use reflective mulch and trellising for better light distribution. Keep records of inputs and yields each season to refine your plan.","agriculture,bacterial canker,farming,greenhouse,india,laterite,mango"
Hydroponics,papaya,stem canker,What carbon farming practices can I adopt in papaya fields?,"In papaya, protected cultivation reduces pesticide use. Combine with biological controls and hygiene. Plan crop cycles to match market demand. Keep records of inputs and yields each season to refine your plan.","agriculture,black,farming,hydroponics,india,papaya,stem canker"
Carbon Farming,grapes,powdery mildew,What is a good NPK plan for grapes to avoid lodging and disease?,"Carbon farming in grapes includes no-till, cover crops, and residue retention. Measure soil organic carbon and adopt practices that increase it. Explore carbon credits via verified programs. Keep records of inputs and yields each season to refine your plan.","agriculture,carbon_farming,farming,grapes,india,powdery mildew,sandy"
Regenerative Agriculture,pomegranate,anthracnose,How do I implement IPM in pomegranate step by step?,"In pomegranate, combine traditional knowledge with modern science for regenerative outcomes. Use participatory trials and share results with neighbors. Seek technical support from agriculture departments. Keep records of inputs and yields each season to refine your plan.","agriculture,anthracnose,farming,india,loamy,pomegranate,regenerative_agriculture"
GAP,citrus,greening (huanglongbing),How do I store citrus grains safely to avoid pests and mold?,"Good Agricultural Practices (GAP) in citrus include record-keeping, safe pesticide use, and traceability. Follow pre-harvest intervals and maintain field hygiene. Adopt GAP for market access and premiums. Keep records of inputs and yields each season to refine your plan.","agriculture,citrus,farming,gap,greening (huanglongbing),india,sandy"
Insurance,turmeric,rhizome rot,How can I increase yield in turmeric with better agronomy and protection?,"In turmeric, combine insurance with savings and credit for resilience. Diversify crops and income sources. Seek advisory on risk reduction and insurance options. Keep records of inputs and yields each season to refine your plan.","agriculture,alluvial,farming,india,insurance,rhizome rot,turmeric"
Fertilizer,ginger,leaf spot,How do I implement IPM in ginger step by step?,"Use 60–100 kg N/ha for ginger depending on rainfall and soil. Apply basal NPK (12:32:16 or 15:15:15) at 150–200 kg/ha at sowing, then top-dress urea in 2–3 splits. Include 20–25 kg/ha ZnSO4 where soils are alkaline. For irrigated conditions, split N at vegetative, flowering, and pod/fruit setting. In rainfed areas, use slow-release N and mulch to reduce losses.","agriculture,farming,fertilizer,ginger,india,leaf spot,loamy"
Disease,garlic,downy mildew,What is a good NPK plan for garlic to avoid lodging and disease?,"Control downy mildew in garlic with integrated measures: resistant varieties, seed treatment (thiram/carbendazim 2 g/kg), and timely sprays. Avoid excessive nitrogen which increases susceptibility. Use biocontrol (Trichoderma 4–5 g/kg seed) for soil-borne diseases. Keep records of inputs and yields each season to refine your plan.","agriculture,disease,downy mildew,farming,garlic,india,laterite"
Pest,coriander,bacterial leaf spot,What GAP should I follow for coriander to meet market and export standards?,"Common pests in coriander include aphids, semilooper, leaf miner. Monitor with pheromone traps (10–12/ha). Use need-based sprays: emamectin benzoate or spinosad for larvae; imidacloprid for sucking pests. Preserve natural enemies; avoid broad-spectrum sprays early. Keep records of inputs and yields each season to refine your plan.","agriculture,bacterial leaf spot,coriander,farming,india,pest,red"
Irrigation,cumin,alternaria blight,What carbon farming practices can I adopt in cumin fields?,"For cumin, maintain even moisture. Deficit at flowering reduces yield by 20–30%. Use alternate furrow irrigation or drip to improve water use efficiency. In water-scarce areas, adopt zero-till and mulching to conserve moisture. Keep records of inputs and yields each season to refine your plan.","agriculture,alternaria blight,clay,cumin,farming,india,irrigation"
Weather,rice,sheath blight,What is the best fertilizer dose and schedule for rice in clay soil?,"Heavy rain during flowering of rice causes pollen wash and yield loss. Ensure drainage, use raised beds, and avoid late nitrogen. If lodging risk exists, reduce N and increase K. Keep records of inputs and yields each season to refine your plan.","agriculture,clay,farming,india,rice,sheath blight,weather"
Soil,wheat,powdery mildew,"What soil type and pH are ideal for wheat, and how do I improve my soil?","In wheat, heavy clay soils need raised beds and proper drainage. Sandy soils benefit from mulching and frequent light irrigations. Loamy soils are ideal; maintain OC with crop residues and manures. Keep records of inputs and yields each season to refine your plan.","agriculture,black,farming,india,powdery mildew,soil,wheat"
Government Scheme,maize,stem borer damage,What water conservation practices work best for maize in my area?,"Farmers growing maize can benefit from PM-KISAN (₹6,000/year), Kisan Credit Card (subsidized interest), and Soil Health Card (free soil testing). Check with your local agriculture office or CSC for enrollment. Crop insurance under PMFBY is also available. Keep records of inputs and yields each season to refine your plan.","agriculture,farming,government_scheme,india,laterite,maize,stem borer damage"
Harvesting,cotton,leaf curl virus,How do I manage leaf curl virus in cotton? What are the symptoms and spray schedule?,"For cotton, harvest at correct stage to maintain quality. Handle gently to avoid bruising. Sort and grade immediately; pack in clean, dry containers. Avoid evening harvest in high humidity to reduce disease. Keep records of inputs and yields each season to refine your plan.","agriculture,cotton,farming,harvesting,india,leaf curl virus,sandy"
Marketing,sugarcane,leaf scald,What are good intercropping options with sugarcane to increase income?,"For sugarcane, MSP announcements and procurement vary by state. Register on e-NAM for better market access. FPO membership can improve bargaining power. Explore agri-infrastructure funds for storage and processing. Keep records of inputs and yields each season to refine your plan.","agriculture,farming,india,leaf scald,marketing,red,sugarcane"
Organic Farming,soybean,yellow mosaic virus,Which machines or implements are useful for soybean to save labor and time?,"For organic soybean, use Jeevamrut, Panchagavya, and Amritpani as foliar sprays. Manage weeds mechanically and through mulching. Build soil health with diverse rotations and cover crops. Keep records of inputs and yields each season to refine your plan.","agriculture,farming,india,organic_farming,red,soybean,yellow mosaic virus"
Yield Improvement,tomato,late blight,What GAP should I follow for tomato to meet market and export standards?,"In tomato, precision practices (line sowing, fertigation, leaf color chart for N) raise yields. Use crop-specific advisories and weather-based inputs. Maintain field records for next season planning. Keep records of inputs and yields each season to refine your plan.","agriculture,clay,farming,india,late blight,tomato,yield_improvement"
Seed Selection,potato,bacterial wilt,What water conservation practices work best for potato in my area?,"In potato, seed rate varies by method: line sowing needs less seed than broadcasting. Calibrate seed drills for uniform spacing. Avoid old or damaged seeds. Keep records of inputs and yields each season to refine your plan.","agriculture,bacterial wilt,farming,india,loamy,potato,seed_selection"
Storage,onion,downy mildew,"How can I control thrips, leaf miner, aphids in onion using IPM and reduce chemical sprays?","In onion, fumigation should be done by trained personnel. Seal stores properly, use recommended doses, and observe aeration periods before sale or consumption. Keep records of inputs and yields each season to refine your plan.","agriculture,alluvial,downy mildew,farming,india,onion,storage"
Post-Harvest,chilli,bacterial leaf spot,How do I practice organic farming in chilli without losing yield?,"In chilli, high moisture leads to mold and mycotoxins. Dry to safe levels, use moisture-proof liners, and keep bags off the floor on pallets. Inspect regularly for pests and dampness. Keep records of inputs and yields each season to refine your plan.","agriculture,bacterial leaf spot,chilli,farming,india,laterite,post-harvest"
Mechanization,brinjal,fruit rot,How should I plan crop rotation with brinjal to improve soil health?,"In brinjal, use power tillers or tractors with appropriate implements. Adopt zero-till where feasible to save time and fuel. Train operators on safe handling and maintenance. Keep records of inputs and yields each season to refine your plan.","agriculture,brinjal,farming,fruit rot,india,loamy,mechanization"
Intercropping,cabbage,clubroot,How do I select and treat seeds for cabbage to improve germination?,"Intercropping cabbage with legumes improves soil N and reduces pest pressure. Use compatible row ratios (e.g., 2:1 or 4:2). Manage nutrients and irrigation for both crops. Keep records of inputs and yields each season to refine your plan.","agriculture,cabbage,clubroot,farming,india,intercropping,loamy"
Crop Rotation,cauliflower,alternaria leaf spot,What carbon farming practices can I adopt in cauliflower fields?,"For cauliflower, integrate livestock or agroforestry in rotations for diversification. Use manure and compost to recycle nutrients. Monitor soil tests to adjust rotations. Keep records of inputs and yields each season to refine your plan.","agriculture,alternaria leaf spot,cauliflower,crop_rotation,farming,india,sandy"
Water Conservation,okra,root-knot nematode,How do I move towards regenerative agriculture in okra?,"For okra, line canals and use pipes to reduce conveyance losses. Adopt laser leveling for uniform water distribution. Train farmers on efficient irrigation practices. Keep records of inputs and yields each season to refine your plan.","agriculture,alluvial,farming,india,okra,root-knot nematode,water_conservation"
Micronutrients,groundnut,bud necrosis virus,How do I practice organic farming in groundnut without losing yield?,Fe deficiency in groundnut shows as interveinal chlorosis in young leaves. Apply Fe-EDDHA foliar (0.5%) or chelated Fe with irrigation. Improve drainage and avoid high pH soils. Keep records of inputs and yields each season to refine your plan.,"agriculture,bud necrosis virus,farming,groundnut,india,micronutrients,red"
NPK Management,mustard,white rust,What are good intercropping options with mustard to increase income?,"In mustard, high K improves water use efficiency and disease resistance. Apply K in splits; avoid late heavy K. Use SOP or MOP based on crop and soil Cl tolerance. Keep records of inputs and yields each season to refine your plan.","agriculture,clay,farming,india,mustard,npk_management,white rust"
IPM,sunflower,rust,How do I store sunflower grains safely to avoid pests and mold?,"For sunflower, combine mechanical (handpicking), biological (parasitoids), and chemical controls. Calibrate sprayers; apply at correct growth stage. Follow pre-harvest intervals and safety norms. Keep records of inputs and yields each season to refine your plan.","agriculture,clay,farming,india,ipm,rust,sunflower"
Weed Management,bajra,smut,How can I increase yield in bajra with better agronomy and protection?,"Weeds in bajra compete for light, water, and nutrients. Use pre-emergence herbicides (pendimethalin 1.0–1.5 kg/ha) followed by one hand weeding at 25–30 DAS. Mulching and intercropping also suppress weeds. Keep records of inputs and yields each season to refine your plan.","agriculture,bajra,clay,farming,india,smut,weed_management"
Protected Cultivation,jowar,rust,What are effective weed control methods for jowar that are safe and cheap?,"In jowar, protected cultivation reduces pesticide use. Combine with biological controls and hygiene. Plan crop cycles to match market demand. Keep records of inputs and yields each season to refine your plan.","agriculture,farming,india,jowar,laterite,protected_cultivation,rust"
Greenhouse,ragi,bacterial leaf streak,How do I implement IPM in ragi step by step?,"For ragi, greenhouses enable year-round production. Use insect-proof nets, drip irrigation, and balanced fertigation. Train labor on climate management and IPM. Keep records of inputs and yields each season to refine your plan.","agriculture,bacterial leaf streak,farming,greenhouse,india,ragi,red"
Hydroponics,gram,ascochyta blight,"What are the signs of Zn, B, or S deficiency in gram and how do I correct them?","Protected cultivation (shade nets, low tunnels) in gram reduces pest and weather damage. Use drip fertigation and mulch. Monitor temperature and humidity to prevent diseases. Keep records of inputs and yields each season to refine your plan.","agriculture,ascochyta blight,farming,gram,hydroponics,india,red"
Carbon Farming,pigeon pea,alternaria blight,What is a good NPK plan for pigeon pea to avoid lodging and disease?,"Carbon farming in pigeon pea includes no-till, cover crops, and residue retention. Measure soil organic carbon and adopt practices that increase it. Explore carbon credits via verified programs. Keep records of inputs and yields each season to refine your plan.","agriculture,alternaria blight,carbon_farming,clay,farming,india,pigeon pea"
Regenerative Agriculture,green gram,bacterial leaf spot,When and how should I harvest green gram to get maximum yield and quality?,"Regenerative agriculture in green gram focuses on soil health, biodiversity, and water. Use cover crops, minimal tillage, and diverse rotations. Track outcomes with soil tests and yield records. Keep records of inputs and yields each season to refine your plan.","agriculture,bacterial leaf spot,farming,green gram,india,regenerative_agriculture,sandy"
GAP,black gram,anthracnose,What carbon farming practices can I adopt in black gram fields?,"In black gram, GAP reduces risks and builds buyer trust. Regularly audit practices and update SOPs. Engage with buyers to understand quality standards. Keep records of inputs and yields each season to refine your plan.","agriculture,anthracnose,black gram,farming,gap,india,laterite"
Insurance,banana,banana bunchy top virus,Which irrigation method saves the most water for banana without reducing yield?,"For banana, insurance complements good agronomy. Keep plot-wise records and photos of damage. Understand exclusions and claim processes. Pay premiums on time. Keep records of inputs and yields each season to refine your plan.","agriculture,banana,banana bunchy top virus,black,farming,india,insurance"
Fertilizer,mango,dieback,What carbon farming practices can I adopt in mango fields?,"In mango, apply 80–120 kg N/ha, 40–60 kg P2O5/ha, 40 kg K2O/ha. Use basal NPK (15:15:15) at 150–200 kg/ha, then top-dress urea twice. Add ZnSO4 (20–25 kg/ha) once in 2–3 years. Include 5–10 t/ha FYM before sowing. In saline soils, prefer gypsum and avoid chloride fertilizers.","agriculture,dieback,farming,fertilizer,india,mango,sandy"
Disease,papaya,powdery mildew,When and how should I harvest papaya to get maximum yield and quality?,"For powdery mildew in papaya, early detection is key. Symptoms include white powdery growth on leaves and stems. Spray recommended fungicides (e.g., propiconazole, tebuconazole) at label doses. Practice field sanitation, avoid water stagnation, and maintain plant spacing for airflow. Keep records of inputs and yields each season to refine your plan.","agriculture,disease,farming,india,laterite,papaya,powdery mildew"
Pest,grapes,anthracnose,When and how should I harvest grapes to get maximum yield and quality?,"For grapes, adopt IPM: pheromone traps, light traps, and bird perches. Spray only when ETL is reached. Use neem oil 3% or NSKE 5% for early infestations. Rotate insecticide groups to prevent resistance. Keep records of inputs and yields each season to refine your plan.","agriculture,anthracnose,black,farming,grapes,india,pest"
Irrigation,pomegranate,bacterial blight,How does crop insurance work for pomegranate and how do I claim?,"For pomegranate, maintain even moisture. Deficit at flowering reduces yield by 20–30%. Use alternate furrow irrigation or drip to improve water use efficiency. In water-scarce areas, adopt zero-till and mulching to conserve moisture. Keep records of inputs and yields each season to refine your plan.","agriculture,bacterial blight,farming,india,irrigation,pomegranate,sandy"
Weather,citrus,greening (huanglongbing),What water conservation practices work best for citrus in my area?,"Heavy rain during flowering of citrus causes pollen wash and yield loss. Ensure drainage, use raised beds, and avoid late nitrogen. If lodging risk exists, reduce N and increase K. Keep records of inputs and yields each season to refine your plan.","agriculture,citrus,farming,greening (huanglongbing),india,sandy,weather"
Soil,turmeric,bacterial leaf streak,What are good intercropping options with turmeric to increase income?,"In turmeric, soil testing every 2–3 years optimizes fertilizer use. Target OC >0.8%, available P >20 kg/ha, available K >200 kg/ha. Use micronutrients (Zn, B, S) based on deficiency symptoms and soil tests. Keep records of inputs and yields each season to refine your plan.","agriculture,bacterial leaf streak,farming,india,red,soil,turmeric"
Government Scheme,ginger,rhizome rot,How can I increase yield in ginger with better agronomy and protection?,"In ginger, agri-business ideas can access credit via NABARD and agri-clinics schemes. Explore FPO formation, common facility centers, and market linkage programs. Check state horticulture missions for post-harvest support. Keep records of inputs and yields each season to refine your plan.","agriculture,farming,ginger,government_scheme,india,laterite,rhizome rot"
Harvesting,garlic,bacterial soft rot,Which government schemes can I use for garlic cultivation and marketing?,"In garlic, early harvest reduces field losses and aflatoxin risk. Dry on clean tarps; avoid direct soil contact. Use moisture meters to ensure safe storage levels. Store in fumigated, rodent-proof structures. Keep records of inputs and yields each season to refine your plan.","agriculture,alluvial,bacterial soft rot,farming,garlic,harvesting,india"
Marketing,coriander,downy mildew,How can I increase yield in coriander with better agronomy and protection?,"Farmers growing coriander can benefit from PM-KISAN (₹6,000/year), Kisan Credit Card (subsidized interest), and Soil Health Card (free soil testing). Check with your local agriculture office or CSC for enrollment. Crop insurance under PMFBY is also available. Keep records of inputs and yields each season to refine your plan.","agriculture,coriander,downy mildew,farming,india,laterite,marketing"
Organic Farming,cumin,bacterial leaf spot,"What are the signs of Zn, B, or S deficiency in cumin and how do I correct them?","In cumin, adopt crop rotation with legumes, green manures (dhaincha, sunhemp), and mulching. Maintain field sanitation and use resistant varieties. Certification via NPOP/PGS-India adds market value. Keep records of inputs and yields each season to refine your plan.","agriculture,bacterial leaf spot,clay,cumin,farming,india,organic_farming"
Yield Improvement,rice,bacterial leaf blight,What are effective weed control methods for rice that are safe and cheap?,"To improve yield in rice, use certified seeds, optimal plant population, and balanced NPK. Manage pests/diseases proactively and avoid water stress at flowering. Harvest at correct maturity and dry properly. Keep records of inputs and yields each season to refine your plan.","agriculture,alluvial,bacterial leaf blight,farming,india,rice,yield_improvement"
Seed Selection,wheat,alternaria leaf blight,How do I store wheat grains safely to avoid pests and mold?,"For wheat, select seeds from healthy plants, free from disease. Maintain seed purity and avoid mixing varieties. Use seed replacement every 2–3 years for best results. Keep records of inputs and yields each season to refine your plan.","agriculture,alternaria leaf blight,clay,farming,india,seed_selection,wheat"
Storage,maize,stem borer damage,What are good intercropping options with maize to increase income?,"In maize, fumigation should be done by trained personnel. Seal stores properly, use recommended doses, and observe aeration periods before sale or consumption. Keep records of inputs and yields each season to refine your plan.","agriculture,alluvial,farming,india,maize,stem borer damage,storage"
Post-Harvest,cotton,bacterial blight,What are effective weed control methods for cotton that are safe and cheap?,"In cotton, high moisture leads to mold and mycotoxins. Dry to safe levels, use moisture-proof liners, and keep bags off the floor on pallets. Inspect regularly for pests and dampness. Keep records of inputs and yields each season to refine your plan.","agriculture,bacterial blight,cotton,farming,india,post-harvest,sandy"
Mechanization,sugarcane,smut,"What are the signs of Zn, B, or S deficiency in sugarcane and how do I correct them?","In sugarcane, use power tillers or tractors with appropriate implements. Adopt zero-till where feasible to save time and fuel. Train operators on safe handling and maintenance. Keep records of inputs and yields each season to refine your plan.","agriculture,farming,india,mechanization,red,smut,sugarcane"
Intercropping,soybean,rust,How do I store soybean grains safely to avoid pests and mold?,"For soybean, relay cropping or sequential cropping maximizes land use. Maintain soil fertility with FYM and biofertilizers. Use crop-specific herbicides carefully. Keep records of inputs and yields each season to refine your plan.","agriculture,farming,india,intercropping,loamy,rust,soybean"
Crop Rotation,tomato,powdery mildew,What carbon farming practices can I adopt in tomato fields?,"In tomato, rotation reduces soil-borne diseases and weeds. Select crops with different nutrient demands. Maintain field records to plan rotations effectively. Keep records of inputs and yields each season to refine your plan.","agriculture,crop_rotation,farming,india,powdery mildew,sandy,tomato"
Water Conservation,potato,bacterial wilt,How do I select and treat seeds for potato to improve germination?,"For potato, line canals and use pipes to reduce conveyance losses. Adopt laser leveling for uniform water distribution. Train farmers on efficient irrigation practices. Keep records of inputs and yields each season to refine your plan.","agriculture,bacterial wilt,clay,farming,india,potato,water_conservation"
Micronutrients,onion,bacterial rot,What GAP should I follow for onion to meet market and export standards?,"S deficiency in onion leads to pale young leaves. Use SSP or gypsum to supply S (20–40 kg/ha). In high-rainfall areas, split S applications to reduce leaching. Keep records of inputs and yields each season to refine your plan.","agriculture,bacterial rot,farming,india,micronutrients,onion,red"
NPK Management,chilli,bacterial leaf spot,What GAP should I follow for chilli to meet market and export standards?,"For chilli, integrated nutrient management combines FYM, biofertilizers, and mineral fertilizers. Target OC >0.8%, balanced NPK, and micronutrients based on soil tests. Avoid blanket recommendations. Keep records of inputs and yields each season to refine your plan.","agriculture,bacterial leaf spot,chilli,farming,india,npk_management,red"
IPM,brinjal,alternaria leaf spot,What are good intercropping options with brinjal to increase income?,"For brinjal, IPM starts with monitoring: pheromone traps, field scouting, and ETL-based sprays. Use biocontrol (Trichogramma, NPV) and botanicals (neem) early. Rotate insecticide groups to delay resistance. Keep records of inputs and yields each season to refine your plan.","agriculture,alternaria leaf spot,brinjal,farming,india,ipm,red"
Weed Management,cabbage,powdery mildew,Which irrigation method saves the most water for cabbage without reducing yield?,"Weeds in cabbage compete for light, water, and nutrients. Use pre-emergence herbicides (pendimethalin 1.0–1.5 kg/ha) followed by one hand weeding at 25–30 DAS. Mulching and intercropping also suppress weeds. Keep records of inputs and yields each season to refine your plan.","agriculture,black,cabbage,farming,india,powdery mildew,weed_management"
Protected Cultivation,cauliflower,black rot,"How can I control diamondback moth, aphids, head borer in cauliflower using IPM and reduce chemical sprays?","For cauliflower, greenhouses enable year-round production. Use insect-proof nets, drip irrigation, and balanced fertigation. Train labor on climate management and IPM. Keep records of inputs and yields each season to refine your plan.","agriculture,black rot,cauliflower,farming,india,laterite,protected_cultivation"
Greenhouse,okra,yellow vein mosaic,"How can I control shoot and fruit borer, aphids, jassids, whitefly in okra using IPM and reduce chemical sprays?","Protected cultivation (shade nets, low tunnels) in okra reduces pest and weather damage. Use drip fertigation and mulch. Monitor temperature and humidity to prevent diseases. Keep records of inputs and yields each season to refine your plan.","agriculture,farming,greenhouse,india,okra,sandy,yellow vein mosaic"
Hydroponics,groundnut,rust,How can I increase yield in groundnut with better agronomy and protection?,"In groundnut, hydroponics saves water and nutrients. Maintain EC and pH in recommended ranges. Use sterile media and prevent root diseases with sanitation. Keep records of inputs and yields each season to refine your plan.","agriculture,farming,groundnut,hydroponics,india,loamy,rust"
Carbon Farming,mustard,alternaria leaf spot,How do I set up protected cultivation or greenhouse for mustard?,"In mustard, precision fertilizer use reduces N2O emissions. Use urease inhibitors and split N applications. Combine with renewable energy for irrigation. Keep records of inputs and yields each season to refine your plan.","agriculture,alternaria leaf spot,carbon_farming,farming,india,loamy,mustard"
Regenerative Agriculture,sunflower,head rot,How do I select and treat seeds for sunflower to improve germination?,"Regenerative agriculture in sunflower focuses on soil health, biodiversity, and water. Use cover crops, minimal tillage, and diverse rotations. Track outcomes with soil tests and yield records. Keep records of inputs and yields each season to refine your plan.","agriculture,farming,head rot,india,regenerative_agriculture,sandy,sunflower"
GAP,bajra,downy mildew,What are good intercropping options with bajra to increase income?,"For bajra, GAP aligns with food safety and export requirements. Maintain field maps, input logs, and harvest records. Use clean containers and cold chain where needed. Keep records of inputs and yields each season to refine your plan.","agriculture,bajra,downy mildew,farming,gap,india,loamy"
Insurance,jowar,grain mold,Which machines or implements are useful for jowar to save labor and time?,"In jowar, weather-based insurance can provide quick payouts. Link with local meteorological data. Use insurance as part of risk management, not a substitute for good practices. Keep records of inputs and yields each season to refine your plan.","agriculture,black,farming,grain mold,india,insurance,jowar"
Fertilizer,ragi,bacterial leaf streak,What is the best fertilizer dose and schedule for ragi in alluvial soil?,"In ragi, apply 80–120 kg N/ha, 40–60 kg P2O5/ha, 40 kg K2O/ha. Use basal NPK (15:15:15) at 150–200 kg/ha, then top-dress urea twice. Add ZnSO4 (20–25 kg/ha) once in 2–3 years. Include 5–10 t/ha FYM before sowing. In saline soils, prefer gypsum and avoid chloride fertilizers.","agriculture,alluvial,bacterial leaf streak,farming,fertilizer,india,ragi"
Disease,gram,botrytis grey mold,What weather conditions harm gram and how do I protect my crop?,"In gram, botrytis grey mold shows grey fuzzy growth on pods and leaves. Prevent by using certified seeds, crop rotation, and balanced NPK. For fungal diseases, spray mancozeb 0.25% or carbendazim 0.1% at first sign. Improve drainage and avoid late evening irrigation. Remove infected debris.","agriculture,botrytis grey mold,clay,disease,farming,gram,india"
Pest,pigeon pea,wilt,"How can I control pod borer, pod fly, aphids, thrips in pigeon pea using IPM and reduce chemical sprays?","For pigeon pea, adopt IPM: pheromone traps, light traps, and bird perches. Spray only when ETL is reached. Use neem oil 3% or NSKE 5% for early infestations. Rotate insecticide groups to prevent resistance. Keep records of inputs and yields each season to refine your plan.","agriculture,farming,india,loamy,pest,pigeon pea,wilt"
Irrigation,green gram,yellow mosaic virus,Which machines or implements are useful for green gram to save labor and time?,"In green gram, schedule irrigation based on soil type: sandy soils need frequent light irrigation; clay soils need fewer but deeper irrigations. Use tensiometer at 15–20 cm depth; irrigate at −20 to −30 kPa. Avoid drought at flowering to prevent yield loss.","agriculture,farming,green gram,india,irrigation,loamy,yellow mosaic virus"
Weather,black gram,anthracnose,How do I implement IPM in black gram step by step?,"In black gram, avoid sowing during heatwaves (>38°C). Use early-morning irrigation and mulch to reduce heat stress. For cold waves, ensure adequate soil moisture and avoid late nitrogen. Watch IMD advisories for rainfall and temperature. Keep records of inputs and yields each season to refine your plan.","agriculture,alluvial,anthracnose,black gram,farming,india,weather"
Soil,banana,anthracnose,How can I increase yield in banana with better agronomy and protection?,"In banana, heavy clay soils need raised beds and proper drainage. Sandy soils benefit from mulching and frequent light irrigations. Loamy soils are ideal; maintain OC with crop residues and manures. Keep records of inputs and yields each season to refine your plan.","agriculture,anthracnose,banana,farming,india,laterite,soil"
Government Scheme,mango,powdery mildew,How do I store mango grains safely to avoid pests and mold?,"In mango, state schemes may offer seed subsidies, drip irrigation support, and power concessions. Keep Aadhaar, land records, and bank details updated for scheme benefits. Use KCC for working capital and input purchases. Keep records of inputs and yields each season to refine your plan.","agriculture,farming,government_scheme,india,mango,powdery mildew,sandy"
Harvesting,papaya,ring spot virus,How do I set up protected cultivation or greenhouse for papaya?,"Harvest papaya at physiological maturity: grains at 20–22% moisture, pods when 80–90% brown. Avoid delayed harvest to reduce shattering and field losses. Use combine harvesters where feasible; dry grains to 12–14% before storage. Keep records of inputs and yields each season to refine your plan.","agriculture,farming,harvesting,india,papaya,ring spot virus,sandy"
Marketing,grapes,downy mildew,How do I implement IPM in grapes step by step?,"For grapes, PMFBY provides yield-based insurance at low premium. Enroll through banks or CSC before sowing. Maintain plot-wise records and cooperate during crop cutting experiments for claim settlement. Keep records of inputs and yields each season to refine your plan.","agriculture,downy mildew,farming,grapes,india,laterite,marketing"
Organic Farming,pomegranate,cercospora leaf spot,How do I manage cercospora leaf spot in pomegranate? What are the symptoms and spray schedule?,"For organic pomegranate, use well-decomposed FYM (10–15 t/ha), vermicompost (2–3 t/ha), and biofertilizers (Rhizobium, PSB, Azotobacter). Avoid synthetic fertilizers and pesticides. Use neem-based products and botanicals for pest control. Keep records of inputs and yields each season to refine your plan.","agriculture,cercospora leaf spot,farming,india,laterite,organic_farming,pomegranate"
Yield Improvement,citrus,greening (huanglongbing),How do I select and treat seeds for citrus to improve germination?,"For citrus, integrate agronomy and protection: quality seeds, seed treatment, balanced fertilizers, and need-based sprays. Avoid late sowing and water stress during reproductive stages. Keep records of inputs and yields each season to refine your plan.","agriculture,black,citrus,farming,greening (huanglongbing),india,yield_improvement"
Seed Selection,turmeric,anthracnose,"What soil type and pH are ideal for turmeric, and how do I improve my soil?","In turmeric, procure seeds from certified agencies. Check germination before sowing; aim for >85%. Avoid storage in humid conditions. Keep records of inputs and yields each season to refine your plan.","agriculture,anthracnose,farming,india,loamy,seed_selection,turmeric"
Storage,ginger,soft rot,When and how should I harvest ginger to get maximum yield and quality?,"In ginger, fumigation should be done by trained personnel. Seal stores properly, use recommended doses, and observe aeration periods before sale or consumption. Keep records of inputs and yields each season to refine your plan.","agriculture,farming,ginger,india,red,soft rot,storage"
Post-Harvest,garlic,rust,How do I manage rust in garlic? What are the symptoms and spray schedule?,"Store garlic grains at 12–14% moisture in clean, dry, rodent-proof structures. Treat storage area with malathion dust. Use hermetic bags or PICS bags for pulses. Fumigate with aluminum phosphide if needed, following safety protocols. Keep records of inputs and yields each season to refine your plan.","agriculture,alluvial,farming,garlic,india,post-harvest,rust"
Mechanization,coriander,bacterial leaf spot,How should I plan crop rotation with coriander to improve soil health?,"For coriander, mechanization (seed drills, rotavators, harvesters) reduces cost and timeliness losses. Calibrate equipment for correct seed rate and spacing. Maintain machines regularly for safety and efficiency. Keep records of inputs and yields each season to refine your plan.","agriculture,bacterial leaf spot,coriander,farming,india,loamy,mechanization"
Intercropping,cumin,powdery mildew,"What are the signs of Zn, B, or S deficiency in cumin and how do I correct them?","Intercropping cumin with legumes improves soil N and reduces pest pressure. Use compatible row ratios (e.g., 2:1 or 4:2). Manage nutrients and irrigation for both crops. Keep records of inputs and yields each season to refine your plan.","agriculture,clay,cumin,farming,india,intercropping,powdery mildew"
Crop Rotation,rice,brown spot,"How can I control stem borer, leaf folder, brown planthopper, green leafhopper in rice using IPM and reduce chemical sprays?","For rice, integrate livestock or agroforestry in rotations for diversification. Use manure and compost to recycle nutrients. Monitor soil tests to adjust rotations. Keep records of inputs and yields each season to refine your plan.","agriculture,brown spot,crop_rotation,farming,india,loamy,rice"
Water Conservation,wheat,rust,What weather conditions harm wheat and how do I protect my crop?,"In wheat, avoid over-irrigation which leaches nutrients and promotes diseases. Use tensiometers or soil moisture sensors for precise scheduling. Maintain drainage to prevent waterlogging. Keep records of inputs and yields each season to refine your plan.","agriculture,alluvial,farming,india,rust,water_conservation,wheat"
Micronutrients,maize,turcicum leaf blight,How do I implement IPM in maize step by step?,Mn deficiency in maize causes grey speck and reduced growth. Use MnSO4 foliar (0.2–0.3%) at tillering/vegetative stage. Maintain balanced NPK to improve micronutrient efficiency. Keep records of inputs and yields each season to refine your plan.,"agriculture,farming,india,loamy,maize,micronutrients,turcicum leaf blight"
NPK Management,cotton,pink bollworm damage,How does crop insurance work for cotton and how do I claim?,"In cotton, excessive N without K increases lodging and disease. Maintain K at 50–60 kg/ha for stalk strength. Use 19:19:19 foliar at flowering for fruit set. Add FYM 5–10 t/ha for long-term soil health. Keep records of inputs and yields each season to refine your plan.","agriculture,cotton,farming,india,laterite,npk_management,pink bollworm damage"
IPM,sugarcane,red rot,What GAP should I follow for sugarcane to meet market and export standards?,"For sugarcane, combine mechanical (handpicking), biological (parasitoids), and chemical controls. Calibrate sprayers; apply at correct growth stage. Follow pre-harvest intervals and safety norms. Keep records of inputs and yields each season to refine your plan.","agriculture,farming,india,ipm,loamy,red rot,sugarcane"
Weed Management,soybean,yellow mosaic virus,What are effective weed control methods for soybean that are safe and cheap?,"For soybean, timely weeding (first 30 days) is critical. Use mechanical weeding or recommended herbicides. Avoid late weeding that damages roots. Maintain crop geometry for canopy closure. Keep records of inputs and yields each season to refine your plan.","agriculture,black,farming,india,soybean,weed_management,yellow mosaic virus"
Protected Cultivation,tomato,early blight,What water conservation practices work best for tomato in my area?,"In tomato, protected cultivation reduces pesticide use. Combine with biological controls and hygiene. Plan crop cycles to match market demand. Keep records of inputs and yields each season to refine your plan.","agriculture,alluvial,early blight,farming,india,protected_cultivation,tomato"
Greenhouse,potato,scab,How does crop insurance work for potato and how do I claim?,"In potato, hydroponics saves water and nutrients. Maintain EC and pH in recommended ranges. Use sterile media and prevent root diseases with sanitation. Keep records of inputs and yields each season to refine your plan.","agriculture,farming,greenhouse,india,laterite,potato,scab"
Hydroponics,onion,purple blotch,Which government schemes can I use for onion cultivation and marketing?,"For onion, polyhouses improve yield and quality. Install fans and foggers for climate control. Use reflective mulch and trellising for better light distribution. Keep records of inputs and yields each season to refine your plan.","agriculture,farming,hydroponics,india,onion,purple blotch,sandy"
Carbon Farming,chilli,powdery mildew,What is a good NPK plan for chilli to avoid lodging and disease?,"In chilli, precision fertilizer use reduces N2O emissions. Use urease inhibitors and split N applications. Combine with renewable energy for irrigation. Keep records of inputs and yields each season to refine your plan.","agriculture,carbon_farming,chilli,farming,india,powdery mildew,red"
Regenerative Agriculture,brinjal,alternaria leaf spot,What weather conditions harm brinjal and how do I protect my crop?,"In brinjal, combine traditional knowledge with modern science for regenerative outcomes. Use participatory trials and share results with neighbors. Seek technical support from agriculture departments. Keep records of inputs and yields each season to refine your plan.","agriculture,alternaria leaf spot,brinjal,farming,india,laterite,regenerative_agriculture"
GAP,cabbage,clubroot,How does crop insurance work for cabbage and how do I claim?,"In cabbage, GAP reduces risks and builds buyer trust. Regularly audit practices and update SOPs. Engage with buyers to understand quality standards. Keep records of inputs and yields each season to refine your plan.","agriculture,black,cabbage,clubroot,farming,gap,india"
Insurance,cauliflower,alternaria leaf spot,How do I store cauliflower grains safely to avoid pests and mold?,"Crop insurance (PMFBY) for cauliflower covers yield losses due to weather, pests, and diseases. Enroll before sowing through banks or CSC. Cooperate during crop cutting experiments for claim settlement. Keep records of inputs and yields each season to refine your plan.","agriculture,alternaria leaf spot,cauliflower,clay,farming,india,insurance"
Fertilizer,okra,yellow vein mosaic,"How can I control shoot and fruit borer, aphids, jassids, whitefly in okra using IPM and reduce chemical sprays?","For okra, target 120–150 kg N/ha in high-yield zones. Use 50% N at sowing, 25% at tillering, 25% at panicle initiation. Apply 60 kg P2O5 and 40–60 kg K2O basally. In acidic soils, liming (2–5 t/ha) improves P availability. Use 10–15 t/ha FYM for soil health. Foliar 2% urea at flowering can help under stress.","agriculture,alluvial,farming,fertilizer,india,okra,yellow vein mosaic"
Disease,groundnut,rust,How do I implement IPM in groundnut step by step?,"For rust in groundnut, early detection is key. Symptoms include orange-brown pustules on leaves and stems. Spray recommended fungicides (e.g., propiconazole, tebuconazole) at label doses. Practice field sanitation, avoid water stagnation, and maintain plant spacing for airflow. Keep records of inputs and yields each season to refine your plan.","agriculture,disease,farming,groundnut,india,rust,sandy"
Pest,mustard,downy mildew,Which irrigation method saves the most water for mustard without reducing yield?,"Common pests in mustard include aphids, painted bug, leaf miner. Monitor with pheromone traps (10–12/ha). Use need-based sprays: emamectin benzoate or spinosad for larvae; imidacloprid for sucking pests. Preserve natural enemies; avoid broad-spectrum sprays early. Keep records of inputs and yields each season to refine your plan.","agriculture,black,downy mildew,farming,india,mustard,pest"
Irrigation,sunflower,alternaria leaf spot,What is a good NPK plan for sunflower to avoid lodging and disease?,"In sunflower, schedule irrigation based on soil type: sandy soils need frequent light irrigation; clay soils need fewer but deeper irrigations. Use tensiometer at 15–20 cm depth; irrigate at −20 to −30 kPa. Avoid drought at flowering to prevent yield loss.","agriculture,alternaria leaf spot,farming,india,irrigation,laterite,sunflower"
Weather,bajra,downy mildew,Which irrigation method saves the most water for bajra without reducing yield?,"Heavy rain during flowering of bajra causes pollen wash and yield loss. Ensure drainage, use raised beds, and avoid late nitrogen. If lodging risk exists, reduce N and increase K. Keep records of inputs and yields each season to refine your plan.","agriculture,bajra,downy mildew,farming,india,red,weather"
Soil,jowar,leaf blight,What are good intercropping options with jowar to increase income?,"In jowar, heavy clay soils need raised beds and proper drainage. Sandy soils benefit from mulching and frequent light irrigations. Loamy soils are ideal; maintain OC with crop residues and manures. Keep records of inputs and yields each season to refine your plan.","agriculture,farming,india,jowar,laterite,leaf blight,soil"
Government Scheme,ragi,bacterial leaf streak,"What soil type and pH are ideal for ragi, and how do I improve my soil?","Farmers growing ragi can benefit from PM-KISAN (₹6,000/year), Kisan Credit Card (subsidized interest), and Soil Health Card (free soil testing). Check with your local agriculture office or CSC for enrollment. Crop insurance under PMFBY is also available. Keep records of inputs and yields each season to refine your plan.","agriculture,bacterial leaf streak,farming,government_scheme,india,laterite,ragi"
Harvesting,gram,wilt,What are good intercropping options with gram to increase income?,"Harvest gram at physiological maturity: grains at 20–22% moisture, pods when 80–90% brown. Avoid delayed harvest to reduce shattering and field losses. Use combine harvesters where feasible; dry grains to 12–14% before storage. Keep records of inputs and yields each season to refine your plan.","agriculture,alluvial,farming,gram,harvesting,india,wilt"
Marketing,pigeon pea,pod borer damage,"What are the signs of Zn, B, or S deficiency in pigeon pea and how do I correct them?","For pigeon pea, PMFBY provides yield-based insurance at low premium. Enroll through banks or CSC before sowing. Maintain plot-wise records and cooperate during crop cutting experiments for claim settlement. Keep records of inputs and yields each season to refine your plan.","agriculture,farming,india,loamy,marketing,pigeon pea,pod borer damage"
Organic Farming,green gram,powdery mildew,What are effective weed control methods for green gram that are safe and cheap?,"In green gram, organic systems need strong IPM: traps, biocontrol agents, and botanicals. Ensure adequate K and micronutrients from organic sources. Plan harvest and post-harvest to maintain organic integrity. Keep records of inputs and yields each season to refine your plan.","agriculture,alluvial,farming,green gram,india,organic_farming,powdery mildew"
Yield Improvement,black gram,powdery mildew,What are good intercropping options with black gram to increase income?,"For black gram, target 10–15% higher yield by adopting improved varieties, micro-irrigation, and INM. Ensure timely sowing, proper spacing, and timely weeding. Use foliar nutrients at critical stages. Keep records of inputs and yields each season to refine your plan.","agriculture,black gram,farming,india,powdery mildew,sandy,yield_improvement"
Seed Selection,banana,banana bunchy top virus,What weather conditions harm banana and how do I protect my crop?,"For banana, seed treatment reduces seed-borne diseases. Use hot water treatment or solarization for some crops. Label bags with variety, lot, and date. Keep records of inputs and yields each season to refine your plan.","agriculture,banana,banana bunchy top virus,farming,india,loamy,seed_selection"
Storage,mango,powdery mildew,Which government schemes can I use for mango cultivation and marketing?,"In mango, high moisture leads to mold and mycotoxins. Dry to safe levels, use moisture-proof liners, and keep bags off the floor on pallets. Inspect regularly for pests and dampness. Keep records of inputs and yields each season to refine your plan.","agriculture,farming,india,mango,powdery mildew,red,storage"
Post-Harvest,papaya,anthracnose,"How can I control fruit fly, aphids, mites, whitefly in papaya using IPM and reduce chemical sprays?","Store papaya grains at 12–14% moisture in clean, dry, rodent-proof structures. Treat storage area with malathion dust. Use hermetic bags or PICS bags for pulses. Fumigate with aluminum phosphide if needed, following safety protocols. Keep records of inputs and yields each season to refine your plan.","agriculture,anthracnose,farming,india,laterite,papaya,post-harvest"
Mechanization,grapes,powdery mildew,Which government schemes can I use for grapes cultivation and marketing?,"In grapes, drip fertigation systems improve input efficiency. Use filters and pressure regulators; flush lines regularly. Schedule irrigation based on soil moisture and crop stage. Keep records of inputs and yields each season to refine your plan.","agriculture,farming,grapes,india,laterite,mechanization,powdery mildew"
Intercropping,pomegranate,leaf spot,Which irrigation method saves the most water for pomegranate without reducing yield?,"In pomegranate, intercropping breaks pest cycles and improves biodiversity. Select crops with different canopy heights and root depths. Monitor for pest shifts and adjust management. Keep records of inputs and yields each season to refine your plan.","agriculture,farming,india,intercropping,laterite,leaf spot,pomegranate"
Crop Rotation,citrus,powdery mildew,What GAP should I follow for citrus to meet market and export standards?,"For citrus, integrate livestock or agroforestry in rotations for diversification. Use manure and compost to recycle nutrients. Monitor soil tests to adjust rotations. Keep records of inputs and yields each season to refine your plan.","agriculture,citrus,crop_rotation,farming,india,powdery mildew,red"
Water Conservation,turmeric,thrips damage,When and how should I harvest turmeric to get maximum yield and quality?,"For turmeric, line canals and use pipes to reduce conveyance losses. Adopt laser leveling for uniform water distribution. Train farmers on efficient irrigation practices. Keep records of inputs and yields each season to refine your plan.","agriculture,farming,india,loamy,thrips damage,turmeric,water_conservation"
Micronutrients,ginger,soft rot,How do I practice organic farming in ginger without losing yield?,"Zn deficiency in ginger shows as interveinal chlorosis and stunting. Apply ZnSO4 (20–25 kg/ha) basally or foliar 0.5% ZnSO4 + 0.25% lime. In alkaline soils, band Zn near roots for better uptake. Keep records of inputs and yields each season to refine your plan.","agriculture,farming,ginger,india,micronutrients,red,soft rot"
NPK Management,garlic,rust,What water conservation practices work best for garlic in my area?,"In garlic, high K improves water use efficiency and disease resistance. Apply K in splits; avoid late heavy K. Use SOP or MOP based on crop and soil Cl tolerance. Keep records of inputs and yields each season to refine your plan.","agriculture,alluvial,farming,garlic,india,npk_management,rust"
IPM,coriander,bacterial leaf spot,"What are the signs of Zn, B, or S deficiency in coriander and how do I correct them?","In coriander, light traps and bird perches help manage nocturnal pests. Maintain field hygiene and remove weed hosts. Use need-based sprays only when ETL is crossed. Keep records of inputs and yields each season to refine your plan.","agriculture,bacterial leaf spot,coriander,farming,india,ipm,laterite"
Weed Management,cumin,aphid damage,How do I practice organic farming in cumin without losing yield?,"In cumin, integrate cultural (crop rotation, cover crops), mechanical (hoeing), and chemical weed control. Use herbicide-tolerant varieties where available. Rotate herbicide modes of action to prevent resistance. Keep records of inputs and yields each season to refine your plan.","agriculture,aphid damage,cumin,farming,india,red,weed_management"
Protected Cultivation,rice,sheath blight,When and how should I harvest rice to get maximum yield and quality?,"For rice, polyhouses improve yield and quality. Install fans and foggers for climate control. Use reflective mulch and trellising for better light distribution. Keep records of inputs and yields each season to refine your plan.","agriculture,farming,india,protected_cultivation,rice,sandy,sheath blight"
Greenhouse,wheat,loose smut,How do I implement IPM in wheat step by step?,"In wheat, hydroponics saves water and nutrients. Maintain EC and pH in recommended ranges. Use sterile media and prevent root diseases with sanitation. Keep records of inputs and yields each season to refine your plan.","agriculture,farming,greenhouse,india,loose smut,red,wheat"
Hydroponics,maize,banded leaf and sheath blight,How do I move towards regenerative agriculture in maize?,"For maize, polyhouses improve yield and quality. Install fans and foggers for climate control. Use reflective mulch and trellising for better light distribution. Keep records of inputs and yields each season to refine your plan.","agriculture,banded leaf and sheath blight,farming,hydroponics,india,maize,sandy"
Carbon Farming,cotton,bacterial blight,How do I store cotton grains safely to avoid pests and mold?,"In cotton, reduced tillage and mulching improve SOC and water retention. Avoid burning residues; incorporate or use for mulch. Align with national carbon initiatives. Keep records of inputs and yields each season to refine your plan.","agriculture,bacterial blight,carbon_farming,clay,cotton,farming,india"
Regenerative Agriculture,sugarcane,leaf scald,How do I implement IPM in sugarcane step by step?,"In sugarcane, regenerative practices improve long-term profitability. Reduce external inputs, increase on-farm nutrient cycling, and maintain soil cover. Document practices for learning and scaling. Keep records of inputs and yields each season to refine your plan.","agriculture,alluvial,farming,india,leaf scald,regenerative_agriculture,sugarcane"
GAP,soybean,yellow mosaic virus,When and how should I harvest soybean to get maximum yield and quality?,"In soybean, GAP reduces risks and builds buyer trust. Regularly audit practices and update SOPs. Engage with buyers to understand quality standards. Keep records of inputs and yields each season to refine your plan.","agriculture,farming,gap,india,loamy,soybean,yellow mosaic virus"
Insurance,tomato,powdery mildew,What carbon farming practices can I adopt in tomato fields?,"In tomato, combine insurance with savings and credit for resilience. Diversify crops and income sources. Seek advisory on risk reduction and insurance options. Keep records of inputs and yields each season to refine your plan.","agriculture,farming,india,insurance,powdery mildew,red,tomato"
Fertilizer,potato,late blight,How can I increase yield in potato with better agronomy and protection?,"Use 60–100 kg N/ha for potato depending on rainfall and soil. Apply basal NPK (12:32:16 or 15:15:15) at 150–200 kg/ha at sowing, then top-dress urea in 2–3 splits. Include 20–25 kg/ha ZnSO4 where soils are alkaline. For irrigated conditions, split N at vegetative, flowering, and pod/fruit setting. In rainfed areas, use slow-release N and mulch to reduce losses.","agriculture,farming,fertilizer,india,late blight,potato,sandy"
Disease,onion,bacterial rot,How do I practice organic farming in onion without losing yield?,"In onion, bacterial rot shows soft, mushy rot with foul smell. Prevent by using certified seeds, crop rotation, and balanced NPK. For fungal diseases, spray mancozeb 0.25% or carbendazim 0.1% at first sign. Improve drainage and avoid late evening irrigation. Remove infected debris.","agriculture,bacterial rot,clay,disease,farming,india,onion"
Pest,chilli,powdery mildew,How do I select and treat seeds for chilli to improve germination?,"For chilli, adopt IPM: pheromone traps, light traps, and bird perches. Spray only when ETL is reached. Use neem oil 3% or NSKE 5% for early infestations. Rotate insecticide groups to prevent resistance. Keep records of inputs and yields each season to refine your plan.","agriculture,chilli,farming,india,pest,powdery mildew,sandy"
Irrigation,brinjal,little leaf virus,Which government schemes can I use for brinjal cultivation and marketing?,"Use 4–6 irrigations for brinjal depending on soil and rainfall. First irrigation 20–25 days after sowing, then at tillering, flowering, and grain filling. Drip/fertigation saves 30–40% water and improves uniformity. Mulching reduces evaporation. Avoid late heavy irrigation to prevent lodging.","agriculture,brinjal,farming,india,irrigation,little leaf virus,red"
Weather,cabbage,clubroot,How do I implement IPM in cabbage step by step?,"In cabbage, avoid sowing during heatwaves (>38°C). Use early-morning irrigation and mulch to reduce heat stress. For cold waves, ensure adequate soil moisture and avoid late nitrogen. Watch IMD advisories for rainfall and temperature. Keep records of inputs and yields each season to refine your plan.","agriculture,cabbage,clay,clubroot,farming,india,weather"
Soil,cauliflower,clubroot,How do I select and treat seeds for cauliflower to improve germination?,"In cauliflower, heavy clay soils need raised beds and proper drainage. Sandy soils benefit from mulching and frequent light irrigations. Loamy soils are ideal; maintain OC with crop residues and manures. Keep records of inputs and yields each season to refine your plan.","agriculture,cauliflower,clubroot,farming,india,loamy,soil"
Government Scheme,okra,anthracnose,Which machines or implements are useful for okra to save labor and time?,"For okra, PMFBY provides yield-based insurance at low premium. Enroll through banks or CSC before sowing. Maintain plot-wise records and cooperate during crop cutting experiments for claim settlement. Keep records of inputs and yields each season to refine your plan.","agriculture,anthracnose,farming,government_scheme,india,loamy,okra"
Harvesting,groundnut,collar rot,What is a good NPK plan for groundnut to avoid lodging and disease?,"In groundnut, timely harvest improves market price. Use mechanical threshers where possible. Dry to safe moisture, clean, and store in hermetic bags or silos to prevent pests and mold. Keep records of inputs and yields each season to refine your plan.","agriculture,black,collar rot,farming,groundnut,harvesting,india"
Marketing,mustard,powdery mildew,Which irrigation method saves the most water for mustard without reducing yield?,"Farmers growing mustard can benefit from PM-KISAN (₹6,000/year), Kisan Credit Card (subsidized interest), and Soil Health Card (free soil testing). Check with your local agriculture office or CSC for enrollment. Crop insurance under PMFBY is also available. Keep records of inputs and yields each season to refine your plan.","agriculture,farming,india,marketing,mustard,powdery mildew,sandy"
Organic Farming,sunflower,rust,What carbon farming practices can I adopt in sunflower fields?,"For organic sunflower, use Jeevamrut, Panchagavya, and Amritpani as foliar sprays. Manage weeds mechanically and through mulching. Build soil health with diverse rotations and cover crops. Keep records of inputs and yields each season to refine your plan.","agriculture,farming,india,organic_farming,rust,sandy,sunflower"
Yield Improvement,bajra,smut,What water conservation practices work best for bajra in my area?,"To improve yield in bajra, use certified seeds, optimal plant population, and balanced NPK. Manage pests/diseases proactively and avoid water stress at flowering. Harvest at correct maturity and dry properly. Keep records of inputs and yields each season to refine your plan.","agriculture,bajra,farming,india,sandy,smut,yield_improvement"
Seed Selection,jowar,rust,What carbon farming practices can I adopt in jowar fields?,"For jowar, seed treatment reduces seed-borne diseases. Use hot water treatment or solarization for some crops. Label bags with variety, lot, and date. Keep records of inputs and yields each season to refine your plan.","agriculture,farming,india,jowar,rust,sandy,seed_selection"
Storage,ragi,smut,What are effective weed control methods for ragi that are safe and cheap?,"Store ragi grains at 12–14% moisture in clean, dry, rodent-proof structures. Treat storage area with malathion dust. Use hermetic bags or PICS bags for pulses. Fumigate with aluminum phosphide if needed, following safety protocols. Keep records of inputs and yields each season to refine your plan.","agriculture,clay,farming,india,ragi,smut,storage"
Post-Harvest,gram,wilt,Which government schemes can I use for gram cultivation and marketing?,"For gram, ensure produce is dry and clean before storage. Avoid mixing old and new stock. Use neem leaves or botanicals in small stores. Monitor temperature and humidity; aerate if needed. Keep records of inputs and yields each season to refine your plan.","agriculture,black,farming,gram,india,post-harvest,wilt"
Mechanization,pigeon pea,pod borer damage,Which machines or implements are useful for pigeon pea to save labor and time?,"For pigeon pea, post-harvest mechanization (threshers, graders, dryers) improves quality and reduces losses. Clean and maintain equipment after each season. Keep records of inputs and yields each season to refine your plan.","agriculture,farming,india,mechanization,pigeon pea,pod borer damage,sandy"
Intercropping,green gram,bacterial leaf spot,How should I plan crop rotation with green gram to improve soil health?,"For green gram, intercropping with short-duration vegetables increases land productivity. Plan sowing dates to avoid competition. Use balanced fertilizers and timely weeding. Keep records of inputs and yields each season to refine your plan.","agriculture,bacterial leaf spot,farming,green gram,india,intercropping,sandy"
Crop Rotation,black gram,alternaria leaf spot,How do I implement IPM in black gram step by step?,"For black gram, integrate livestock or agroforestry in rotations for diversification. Use manure and compost to recycle nutrients. Monitor soil tests to adjust rotations. Keep records of inputs and yields each season to refine your plan.","agriculture,alluvial,alternaria leaf spot,black gram,crop_rotation,farming,india"
Water Conservation,banana,banana bunchy top virus,Which machines or implements are useful for banana to save labor and time?,"For banana, use alternate wetting and drying (AWD) where feasible. Recycle field drainage and harvest rainwater in ponds. Maintain field bunds and channels. Keep records of inputs and yields each season to refine your plan.","agriculture,banana,banana bunchy top virus,farming,india,sandy,water_conservation"
Micronutrients,mango,bacterial canker,How do I select and treat seeds for mango to improve germination?,"Zn deficiency in mango shows as interveinal chlorosis and stunting. Apply ZnSO4 (20–25 kg/ha) basally or foliar 0.5% ZnSO4 + 0.25% lime. In alkaline soils, band Zn near roots for better uptake. Keep records of inputs and yields each season to refine your plan.","agriculture,bacterial canker,black,farming,india,mango,micronutrients"
NPK Management,papaya,anthracnose,Which irrigation method saves the most water for papaya without reducing yield?,"Balanced NPK in papaya improves yield and stress tolerance. Use soil test-based doses; typical ranges: N 80–120, P2O5 40–60, K2O 40–60 kg/ha. Split N in 2–3 doses; place P and K basally near seed. Keep records of inputs and yields each season to refine your plan.","agriculture,anthracnose,farming,india,laterite,npk_management,papaya"
IPM,grapes,powdery mildew,How do I practice organic farming in grapes without losing yield?,"For grapes, combine mechanical (handpicking), biological (parasitoids), and chemical controls. Calibrate sprayers; apply at correct growth stage. Follow pre-harvest intervals and safety norms. Keep records of inputs and yields each season to refine your plan.","agriculture,alluvial,farming,grapes,india,ipm,powdery mildew"
Weed Management,pomegranate,fruit rot,When and how should I harvest pomegranate to get maximum yield and quality?,"In pomegranate, avoid waterlogging which favors weeds. Use narrow row spacing and early canopy closure to suppress weeds. Scout fields regularly and remove weeds before seed set. Keep records of inputs and yields each season to refine your plan.","agriculture,clay,farming,fruit rot,india,pomegranate,weed_management"
Protected Cultivation,citrus,anthracnose,How do I select and treat seeds for citrus to improve germination?,"Protected cultivation (shade nets, low tunnels) in citrus reduces pest and weather damage. Use drip fertigation and mulch. Monitor temperature and humidity to prevent diseases. Keep records of inputs and yields each season to refine your plan.","agriculture,alluvial,anthracnose,citrus,farming,india,protected_cultivation"
Greenhouse,turmeric,bacterial leaf streak,How do I move towards regenerative agriculture in turmeric?,"For turmeric, polyhouses improve yield and quality. Install fans and foggers for climate control. Use reflective mulch and trellising for better light distribution. Keep records of inputs and yields each season to refine your plan.","agriculture,bacterial leaf streak,farming,greenhouse,india,sandy,turmeric"
Hydroponics,ginger,rhizome rot,How do I practice organic farming in ginger without losing yield?,"Protected cultivation (shade nets, low tunnels) in ginger reduces pest and weather damage. Use drip fertigation and mulch. Monitor temperature and humidity to prevent diseases. Keep records of inputs and yields each season to refine your plan.","agriculture,black,farming,ginger,hydroponics,india,rhizome rot"
Carbon Farming,garlic,white rot,"What are the signs of Zn, B, or S deficiency in garlic and how do I correct them?","Carbon farming in garlic includes no-till, cover crops, and residue retention. Measure soil organic carbon and adopt practices that increase it. Explore carbon credits via verified programs. Keep records of inputs and yields each season to refine your plan.","agriculture,black,carbon_farming,farming,garlic,india,white rot"
Regenerative Agriculture,coriander,stem gall,How do I store coriander grains safely to avoid pests and mold?,"In coriander, combine traditional knowledge with modern science for regenerative outcomes. Use participatory trials and share results with neighbors. Seek technical support from agriculture departments. Keep records of inputs and yields each season to refine your plan.","agriculture,coriander,farming,india,regenerative_agriculture,sandy,stem gall"
GAP,cumin,powdery mildew,What weather conditions harm cumin and how do I protect my crop?,"In cumin, GAP improves product quality and reduces residues. Implement standard operating procedures for spraying, harvesting, and packing. Seek certification where markets demand it. Keep records of inputs and yields each season to refine your plan.","agriculture,cumin,farming,gap,india,loamy,powdery mildew"
Insurance,rice,sheath blight,How can I increase yield in rice with better agronomy and protection?,"For rice, insurance complements good agronomy. Keep plot-wise records and photos of damage. Understand exclusions and claim processes. Pay premiums on time. Keep records of inputs and yields each season to refine your plan.","agriculture,farming,india,insurance,laterite,rice,sheath blight"
Fertilizer,wheat,karnal bunt,What weather conditions harm wheat and how do I protect my crop?,"Use 60–100 kg N/ha for wheat depending on rainfall and soil. Apply basal NPK (12:32:16 or 15:15:15) at 150–200 kg/ha at sowing, then top-dress urea in 2–3 splits. Include 20–25 kg/ha ZnSO4 where soils are alkaline. For irrigated conditions, split N at vegetative, flowering, and pod/fruit setting. In rainfed areas, use slow-release N and mulch to reduce losses.","agriculture,farming,fertilizer,india,karnal bunt,sandy,wheat"
Disease,maize,downy mildew,What is the best fertilizer dose and schedule for maize in laterite soil?,"Manage downy mildew in maize by removing infected plants, improving drainage, and balanced nutrition. Use copper-based fungicides for bacterial diseases; avoid heavy N. Practice 2–3 year rotations and seed treatment to reduce primary inoculum. Keep records of inputs and yields each season to refine your plan.","agriculture,disease,downy mildew,farming,india,laterite,maize"
Pest,cotton,leaf curl virus,How should I plan crop rotation with cotton to improve soil health?,"In cotton, pests like pink bollworm, American bollworm, whitefly, aphids, jassids cause yield loss. Use sticky traps for whiteflies/aphids. Apply recommended insecticides at correct doses. Maintain field hygiene and remove weed hosts. Keep records of inputs and yields each season to refine your plan.","agriculture,cotton,farming,india,laterite,leaf curl virus,pest"
Irrigation,sugarcane,leaf scald,How do I move towards regenerative agriculture in sugarcane?,"Use 4–6 irrigations for sugarcane depending on soil and rainfall. First irrigation 20–25 days after sowing, then at tillering, flowering, and grain filling. Drip/fertigation saves 30–40% water and improves uniformity. Mulching reduces evaporation. Avoid late heavy irrigation to prevent lodging.","agriculture,black,farming,india,irrigation,leaf scald,sugarcane"
Weather,soybean,bacterial pustule,How does crop insurance work for soybean and how do I claim?,"In soybean, avoid sowing during heatwaves (>38°C). Use early-morning irrigation and mulch to reduce heat stress. For cold waves, ensure adequate soil moisture and avoid late nitrogen. Watch IMD advisories for rainfall and temperature. Keep records of inputs and yields each season to refine your plan.","agriculture,alluvial,bacterial pustule,farming,india,soybean,weather"
Soil,tomato,powdery mildew,What are good intercropping options with tomato to increase income?,"For tomato, aim for soil pH 6.5–7.5. In acidic soils, apply lime (2–5 t/ha) 2–3 months before sowing. In alkaline soils, use gypsum (2–5 t/ha) and sulfur amendments. Build organic carbon (>0.75%) with FYM/compost and green manures. Keep records of inputs and yields each season to refine your plan.","agriculture,black,farming,india,powdery mildew,soil,tomato"
Government Scheme,potato,bacterial wilt,When and how should I harvest potato to get maximum yield and quality?,"For potato, PMFBY provides yield-based insurance at low premium. Enroll through banks or CSC before sowing. Maintain plot-wise records and cooperate during crop cutting experiments for claim settlement. Keep records of inputs and yields each season to refine your plan.","agriculture,alluvial,bacterial wilt,farming,government_scheme,india,potato"
Harvesting,onion,purple blotch,What carbon farming practices can I adopt in onion fields?,"For onion, harvest at correct stage to maintain quality. Handle gently to avoid bruising. Sort and grade immediately; pack in clean, dry containers. Avoid evening harvest in high humidity to reduce disease. Keep records of inputs and yields each season to refine your plan.","agriculture,alluvial,farming,harvesting,india,onion,purple blotch"
Marketing,chilli,dieback,"What are the signs of Zn, B, or S deficiency in chilli and how do I correct them?","In chilli, agri-business ideas can access credit via NABARD and agri-clinics schemes. Explore FPO formation, common facility centers, and market linkage programs. Check state horticulture missions for post-harvest support. Keep records of inputs and yields each season to refine your plan.","agriculture,chilli,dieback,farming,india,marketing,sandy"
Organic Farming,brinjal,alternaria leaf spot,How do I implement IPM in brinjal step by step?,"For brinjal, organic yields improve over 2–3 years as soil health builds. Use seed treatment with Trichoderma and biofertilizers. Avoid contamination from conventional inputs and maintain buffer zones. Keep records of inputs and yields each season to refine your plan.","agriculture,alternaria leaf spot,brinjal,farming,india,loamy,organic_farming"
Yield Improvement,cabbage,black rot,What is a good NPK plan for cabbage to avoid lodging and disease?,"For cabbage, integrate agronomy and protection: quality seeds, seed treatment, balanced fertilizers, and need-based sprays. Avoid late sowing and water stress during reproductive stages. Keep records of inputs and yields each season to refine your plan.","agriculture,alluvial,black rot,cabbage,farming,india,yield_improvement"
Seed Selection,cauliflower,powdery mildew,What carbon farming practices can I adopt in cauliflower fields?,"In cauliflower, seed rate varies by method: line sowing needs less seed than broadcasting. Calibrate seed drills for uniform spacing. Avoid old or damaged seeds. Keep records of inputs and yields each season to refine your plan.","agriculture,cauliflower,farming,india,powdery mildew,red,seed_selection"
Storage,okra,root-knot nematode,Which irrigation method saves the most water for okra without reducing yield?,"For okra, ensure produce is dry and clean before storage. Avoid mixing old and new stock. Use neem leaves or botanicals in small stores. Monitor temperature and humidity; aerate if needed. Keep records of inputs and yields each season to refine your plan.","agriculture,farming,india,loamy,okra,root-knot nematode,storage"
Post-Harvest,groundnut,stem rot,How do I store groundnut grains safely to avoid pests and mold?,"In groundnut, high moisture leads to mold and mycotoxins. Dry to safe levels, use moisture-proof liners, and keep bags off the floor on pallets. Inspect regularly for pests and dampness. Keep records of inputs and yields each season to refine your plan.","agriculture,black,farming,groundnut,india,post-harvest,stem rot"
Mechanization,mustard,alternaria leaf spot,What is a good NPK plan for mustard to avoid lodging and disease?,"In mustard, use power tillers or tractors with appropriate implements. Adopt zero-till where feasible to save time and fuel. Train operators on safe handling and maintenance. Keep records of inputs and yields each season to refine your plan.","agriculture,alternaria leaf spot,farming,india,mechanization,mustard,red"
Intercropping,sunflower,sclerotinia head rot,What are effective weed control methods for sunflower that are safe and cheap?,"In sunflower, intercropping with aromatic or medicinal plants can add income. Ensure market linkages and proper spacing. Manage water and nutrients for both crops. Keep records of inputs and yields each season to refine your plan.","agriculture,farming,india,intercropping,laterite,sclerotinia head rot,sunflower"
Crop Rotation,bajra,smut,How do I implement IPM in bajra step by step?,"For bajra, integrate livestock or agroforestry in rotations for diversification. Use manure and compost to recycle nutrients. Monitor soil tests to adjust rotations. Keep records of inputs and yields each season to refine your plan.","agriculture,bajra,crop_rotation,farming,india,loamy,smut"
Water Conservation,jowar,anthracnose,How do I set up protected cultivation or greenhouse for jowar?,"In jowar, avoid over-irrigation which leaches nutrients and promotes diseases. Use tensiometers or soil moisture sensors for precise scheduling. Maintain drainage to prevent waterlogging. Keep records of inputs and yields each season to refine your plan.","agriculture,anthracnose,farming,india,jowar,laterite,water_conservation"
Micronutrients,ragi,helminthosporium leaf spot,What weather conditions harm ragi and how do I protect my crop?,Fe deficiency in ragi shows as interveinal chlorosis in young leaves. Apply Fe-EDDHA foliar (0.5%) or chelated Fe with irrigation. Improve drainage and avoid high pH soils. Keep records of inputs and yields each season to refine your plan.,"agriculture,farming,helminthosporium leaf spot,india,loamy,micronutrients,ragi"
NPK Management,gram,ascochyta blight,What weather conditions harm gram and how do I protect my crop?,"For gram, P fixation in alkaline soils reduces efficiency. Band P near roots, use SSP or DAP, and maintain pH 6.5–7.5 with amendments. Add Zn and S where deficient. Keep records of inputs and yields each season to refine your plan.","agriculture,ascochyta blight,farming,gram,india,npk_management,red"
IPM,pigeon pea,alternaria blight,How do I manage alternaria blight in pigeon pea? What are the symptoms and spray schedule?,"For pigeon pea, combine mechanical (handpicking), biological (parasitoids), and chemical controls. Calibrate sprayers; apply at correct growth stage. Follow pre-harvest intervals and safety norms. Keep records of inputs and yields each season to refine your plan.","agriculture,alternaria blight,farming,india,ipm,loamy,pigeon pea"
Weed Management,green gram,powdery mildew,"How can I control pod borer, aphids, whitefly, thrips in green gram using IPM and reduce chemical sprays?","For green gram, timely weeding (first 30 days) is critical. Use mechanical weeding or recommended herbicides. Avoid late weeding that damages roots. Maintain crop geometry for canopy closure. Keep records of inputs and yields each season to refine your plan.","agriculture,farming,green gram,india,laterite,powdery mildew,weed_management"
Protected Cultivation,black gram,alternaria leaf spot,Which machines or implements are useful for black gram to save labor and time?,"For black gram, polyhouses improve yield and quality. Install fans and foggers for climate control. Use reflective mulch and trellising for better light distribution. Keep records of inputs and yields each season to refine your plan.","agriculture,alternaria leaf spot,black gram,farming,india,loamy,protected_cultivation"
Greenhouse,banana,bacterial wilt,How do I select and treat seeds for banana to improve germination?,"For banana, polyhouses improve yield and quality. Install fans and foggers for climate control. Use reflective mulch and trellising for better light distribution. Keep records of inputs and yields each season to refine your plan.","agriculture,bacterial wilt,banana,farming,greenhouse,india,sandy"
Hydroponics,mango,spongy tissue,What weather conditions harm mango and how do I protect my crop?,"Protected cultivation (shade nets, low tunnels) in mango reduces pest and weather damage. Use drip fertigation and mulch. Monitor temperature and humidity to prevent diseases. Keep records of inputs and yields each season to refine your plan.","agriculture,farming,hydroponics,india,laterite,mango,spongy tissue"
Carbon Farming,papaya,bacterial leaf spot,How does crop insurance work for papaya and how do I claim?,"For papaya, agroforestry and perennial systems sequester more carbon. Use diverse rotations and organic amendments. Maintain records for potential carbon income. Keep records of inputs and yields each season to refine your plan.","agriculture,bacterial leaf spot,black,carbon_farming,farming,india,papaya"
Regenerative Agriculture,grapes,anthracnose,Which government schemes can I use for grapes cultivation and marketing?,"For grapes, integrate trees, shrubs, and perennials to enhance resilience. Use organic amendments and biological pest control. Build local knowledge and community practices. Keep records of inputs and yields each season to refine your plan.","agriculture,anthracnose,black,farming,grapes,india,regenerative_agriculture"
GAP,pomegranate,cercospora leaf spot,What weather conditions harm pomegranate and how do I protect my crop?,"For pomegranate, GAP aligns with food safety and export requirements. Maintain field maps, input logs, and harvest records. Use clean containers and cold chain where needed. Keep records of inputs and yields each season to refine your plan.","agriculture,alluvial,cercospora leaf spot,farming,gap,india,pomegranate"
Insurance,citrus,leaf miner damage,How does crop insurance work for citrus and how do I claim?,"For citrus, explore state-specific insurance top-ups and micro-insurance. Maintain communication with insurance agents. File claims promptly with required documents. Keep records of inputs and yields each season to refine your plan.","agriculture,citrus,farming,india,insurance,leaf miner damage,sandy"
Fertilizer,turmeric,thrips damage,"What soil type and pH are ideal for turmeric, and how do I improve my soil?","In turmeric, apply 80–120 kg N/ha, 40–60 kg P2O5/ha, 40 kg K2O/ha. Use basal NPK (15:15:15) at 150–200 kg/ha, then top-dress urea twice. Add ZnSO4 (20–25 kg/ha) once in 2–3 years. Include 5–10 t/ha FYM before sowing. In saline soils, prefer gypsum and avoid chloride fertilizers.","agriculture,farming,fertilizer,india,loamy,thrips damage,turmeric"
Disease,ginger,soft rot,How does crop insurance work for ginger and how do I claim?,"Manage soft rot in ginger by removing infected plants, improving drainage, and balanced nutrition. Use copper-based fungicides for bacterial diseases; avoid heavy N. Practice 2–3 year rotations and seed treatment to reduce primary inoculum. Keep records of inputs and yields each season to refine your plan.","agriculture,alluvial,disease,farming,ginger,india,soft rot"
Pest,garlic,bacterial soft rot,How does crop insurance work for garlic and how do I claim?,"Common pests in garlic include thrips, onion maggot, aphids. Monitor with pheromone traps (10–12/ha). Use need-based sprays: emamectin benzoate or spinosad for larvae; imidacloprid for sucking pests. Preserve natural enemies; avoid broad-spectrum sprays early. Keep records of inputs and yields each season to refine your plan.","agriculture,bacterial soft rot,farming,garlic,india,loamy,pest"
Irrigation,coriander,alternaria blight,When and how should I harvest coriander to get maximum yield and quality?,"For coriander, maintain even moisture. Deficit at flowering reduces yield by 20–30%. Use alternate furrow irrigation or drip to improve water use efficiency. In water-scarce areas, adopt zero-till and mulching to conserve moisture. Keep records of inputs and yields each season to refine your plan.","agriculture,alternaria blight,coriander,farming,india,irrigation,loamy"
Weather,cumin,alternaria blight,How do I set up protected cultivation or greenhouse for cumin?,"Heavy rain during flowering of cumin causes pollen wash and yield loss. Ensure drainage, use raised beds, and avoid late nitrogen. If lodging risk exists, reduce N and increase K. Keep records of inputs and yields each season to refine your plan.","agriculture,alternaria blight,cumin,farming,india,sandy,weather"
Soil,rice,bacterial leaf blight,How do I manage bacterial leaf blight in rice? What are the symptoms and spray schedule?,"For rice, avoid continuous monocropping. Rotate with legumes to improve N and soil health. Add 5–10 t/ha FYM and practice conservation tillage to enhance infiltration and reduce erosion. Keep records of inputs and yields each season to refine your plan.","agriculture,bacterial leaf blight,clay,farming,india,rice,soil"
Government Scheme,wheat,loose smut,Which irrigation method saves the most water for wheat without reducing yield?,"For wheat, PMFBY provides yield-based insurance at low premium. Enroll through banks or CSC before sowing. Maintain plot-wise records and cooperate during crop cutting experiments for claim settlement. Keep records of inputs and yields each season to refine your plan.","agriculture,alluvial,farming,government_scheme,india,loose smut,wheat"
Harvesting,maize,stem borer damage,How do I store maize grains safely to avoid pests and mold?,"For maize, harvest in dry weather. Use sharp sickles or mechanical harvesters to minimize losses. Dry produce to safe moisture (grains 12–14%, pulses 10–12%) before storage. Clean and grade before marketing. Keep records of inputs and yields each season to refine your plan.","agriculture,clay,farming,harvesting,india,maize,stem borer damage"
Marketing,cotton,bacterial blight,What is a good NPK plan for cotton to avoid lodging and disease?,"In cotton, agri-business ideas can access credit via NABARD and agri-clinics schemes. Explore FPO formation, common facility centers, and market linkage programs. Check state horticulture missions for post-harvest support. Keep records of inputs and yields each season to refine your plan.","agriculture,bacterial blight,cotton,farming,india,marketing,sandy"
Organic Farming,sugarcane,leaf scald,What water conservation practices work best for sugarcane in my area?,"In sugarcane, adopt crop rotation with legumes, green manures (dhaincha, sunhemp), and mulching. Maintain field sanitation and use resistant varieties. Certification via NPOP/PGS-India adds market value. Keep records of inputs and yields each season to refine your plan.","agriculture,farming,india,leaf scald,organic_farming,red,sugarcane"
Yield Improvement,soybean,bacterial pustule,When and how should I harvest soybean to get maximum yield and quality?,"To improve yield in soybean, use certified seeds, optimal plant population, and balanced NPK. Manage pests/diseases proactively and avoid water stress at flowering. Harvest at correct maturity and dry properly. Keep records of inputs and yields each season to refine your plan.","agriculture,bacterial pustule,clay,farming,india,soybean,yield_improvement"
Seed Selection,tomato,powdery mildew,What are good intercropping options with tomato to increase income?,"In tomato, seed rate varies by method: line sowing needs less seed than broadcasting. Calibrate seed drills for uniform spacing. Avoid old or damaged seeds. Keep records of inputs and yields each season to refine your plan.","agriculture,alluvial,farming,india,powdery mildew,seed_selection,tomato"
Storage,potato,scab,What weather conditions harm potato and how do I protect my crop?,"In potato, high moisture leads to mold and mycotoxins. Dry to safe levels, use moisture-proof liners, and keep bags off the floor on pallets. Inspect regularly for pests and dampness. Keep records of inputs and yields each season to refine your plan.","agriculture,farming,india,loamy,potato,scab,storage"
Post-Harvest,onion,neck rot,How should I plan crop rotation with onion to improve soil health?,"In onion, high moisture leads to mold and mycotoxins. Dry to safe levels, use moisture-proof liners, and keep bags off the floor on pallets. Inspect regularly for pests and dampness. Keep records of inputs and yields each season to refine your plan.","agriculture,alluvial,farming,india,neck rot,onion,post-harvest"
Mechanization,chilli,dieback,"What soil type and pH are ideal for chilli, and how do I improve my soil?","In chilli, use power tillers or tractors with appropriate implements. Adopt zero-till where feasible to save time and fuel. Train operators on safe handling and maintenance. Keep records of inputs and yields each season to refine your plan.","agriculture,chilli,dieback,farming,india,mechanization,sandy"
Intercropping,brinjal,alternaria leaf spot,Which government schemes can I use for brinjal cultivation and marketing?,"For brinjal, intercropping with short-duration vegetables increases land productivity. Plan sowing dates to avoid competition. Use balanced fertilizers and timely weeding. Keep records of inputs and yields each season to refine your plan.","agriculture,alternaria leaf spot,black,brinjal,farming,india,intercropping"
Crop Rotation,cabbage,downy mildew,"How can I control diamondback moth, aphids, head borer in cabbage using IPM and reduce chemical sprays?","In cabbage, rotation reduces soil-borne diseases and weeds. Select crops with different nutrient demands. Maintain field records to plan rotations effectively. Keep records of inputs and yields each season to refine your plan.","agriculture,cabbage,crop_rotation,downy mildew,farming,india,red"
Water Conservation,cauliflower,downy mildew,What carbon farming practices can I adopt in cauliflower fields?,"For cauliflower, line canals and use pipes to reduce conveyance losses. Adopt laser leveling for uniform water distribution. Train farmers on efficient irrigation practices. Keep records of inputs and yields each season to refine your plan.","agriculture,cauliflower,clay,downy mildew,farming,india,water_conservation"
Micronutrients,okra,anthracnose,How should I plan crop rotation with okra to improve soil health?,"S deficiency in okra leads to pale young leaves. Use SSP or gypsum to supply S (20–40 kg/ha). In high-rainfall areas, split S applications to reduce leaching. Keep records of inputs and yields each season to refine your plan.","agriculture,anthracnose,farming,india,micronutrients,okra,red"
NPK Management,groundnut,bud necrosis virus,How can I increase yield in groundnut with better agronomy and protection?,"Balanced NPK in groundnut improves yield and stress tolerance. Use soil test-based doses; typical ranges: N 80–120, P2O5 40–60, K2O 40–60 kg/ha. Split N in 2–3 doses; place P and K basally near seed. Keep records of inputs and yields each season to refine your plan.","agriculture,bud necrosis virus,farming,groundnut,india,laterite,npk_management"
IPM,mustard,alternaria leaf spot,Which machines or implements are useful for mustard to save labor and time?,"For mustard, combine mechanical (handpicking), biological (parasitoids), and chemical controls. Calibrate sprayers; apply at correct growth stage. Follow pre-harvest intervals and safety norms. Keep records of inputs and yields each season to refine your plan.","agriculture,alternaria leaf spot,farming,india,ipm,laterite,mustard"
Weed Management,sunflower,alternaria leaf spot,How do I select and treat seeds for sunflower to improve germination?,"In sunflower, integrate cultural (crop rotation, cover crops), mechanical (hoeing), and chemical weed control. Use herbicide-tolerant varieties where available. Rotate herbicide modes of action to prevent resistance. Keep records of inputs and yields each season to refine your plan.","agriculture,alternaria leaf spot,farming,india,laterite,sunflower,weed_management"
Protected Cultivation,bajra,leaf spot,How does crop insurance work for bajra and how do I claim?,"Protected cultivation (shade nets, low tunnels) in bajra reduces pest and weather damage. Use drip fertigation and mulch. Monitor temperature and humidity to prevent diseases. Keep records of inputs and yields each season to refine your plan.","agriculture,bajra,black,farming,india,leaf spot,protected_cultivation"
Greenhouse,jowar,leaf blight,What carbon farming practices can I adopt in jowar fields?,"In jowar, hydroponics saves water and nutrients. Maintain EC and pH in recommended ranges. Use sterile media and prevent root diseases with sanitation. Keep records of inputs and yields each season to refine your plan.","agriculture,farming,greenhouse,india,jowar,leaf blight,sandy"
Hydroponics,ragi,blast,What are good intercropping options with ragi to increase income?,"For ragi, polyhouses improve yield and quality. Install fans and foggers for climate control. Use reflective mulch and trellising for better light distribution. Keep records of inputs and yields each season to refine your plan.","agriculture,blast,clay,farming,hydroponics,india,ragi"
Carbon Farming,gram,dry root rot,When and how should I harvest gram to get maximum yield and quality?,"For gram, integrate livestock and manure management to recycle nutrients and carbon. Use compost and biochar where feasible. Monitor soil health indicators. Keep records of inputs and yields each season to refine your plan.","agriculture,carbon_farming,dry root rot,farming,gram,india,laterite"
Regenerative Agriculture,pigeon pea,phytophthora blight,How do I practice organic farming in pigeon pea without losing yield?,"In pigeon pea, regenerative practices improve long-term profitability. Reduce external inputs, increase on-farm nutrient cycling, and maintain soil cover. Document practices for learning and scaling. Keep records of inputs and yields each season to refine your plan.","agriculture,alluvial,farming,india,phytophthora blight,pigeon pea,regenerative_agriculture"
GAP,green gram,bacterial leaf spot,"How can I control pod borer, aphids, whitefly, thrips in green gram using IPM and reduce chemical sprays?","In green gram, GAP reduces risks and builds buyer trust. Regularly audit practices and update SOPs. Engage with buyers to understand quality standards. Keep records of inputs and yields each season to refine your plan.","agriculture,bacterial leaf spot,farming,gap,green gram,india,loamy"
Insurance,black gram,alternaria leaf spot,"What are the signs of Zn, B, or S deficiency in black gram and how do I correct them?","Crop insurance (PMFBY) for black gram covers yield losses due to weather, pests, and diseases. Enroll before sowing through banks or CSC. Cooperate during crop cutting experiments for claim settlement. Keep records of inputs and yields each season to refine your plan.","agriculture,alternaria leaf spot,black gram,clay,farming,india,insurance"
Fertilizer,banana,panama wilt,How do I set up protected cultivation or greenhouse for banana?,"For banana, target 120–150 kg N/ha in high-yield zones. Use 50% N at sowing, 25% at tillering, 25% at panicle initiation. Apply 60 kg P2O5 and 40–60 kg K2O basally. In acidic soils, liming (2–5 t/ha) improves P availability. Use 10–15 t/ha FYM for soil health. Foliar 2% urea at flowering can help under stress.","agriculture,banana,black,farming,fertilizer,india,panama wilt"
Disease,mango,anthracnose,What weather conditions harm mango and how do I protect my crop?,"In mango, anthracnose spreads in warm, humid conditions. Use protective sprays (mancozeb 0.25%) before monsoon peaks. Combine with resistant varieties and avoid overhead irrigation. Rotate with non-host crops to break disease cycles. Keep records of inputs and yields each season to refine your plan.","agriculture,anthracnose,black,disease,farming,india,mango"
Pest,papaya,stem canker,What are effective weed control methods for papaya that are safe and cheap?,"For papaya, adopt IPM: pheromone traps, light traps, and bird perches. Spray only when ETL is reached. Use neem oil 3% or NSKE 5% for early infestations. Rotate insecticide groups to prevent resistance. Keep records of inputs and yields each season to refine your plan.","agriculture,black,farming,india,papaya,pest,stem canker"
Irrigation,grapes,powdery mildew,How do I practice organic farming in grapes without losing yield?,"Use 4–6 irrigations for grapes depending on soil and rainfall. First irrigation 20–25 days after sowing, then at tillering, flowering, and grain filling. Drip/fertigation saves 30–40% water and improves uniformity. Mulching reduces evaporation. Avoid late heavy irrigation to prevent lodging.","agriculture,farming,grapes,india,irrigation,powdery mildew,sandy"
Weather,pomegranate,leaf spot,How do I set up protected cultivation or greenhouse for pomegranate?,"In drought-prone areas, select short-duration pomegranate varieties. Use mulching, zero-till, and deficit irrigation. Apply 2% KNO3 foliar to mitigate heat stress. Avoid late sowing in rainfed zones. Keep records of inputs and yields each season to refine your plan.","agriculture,black,farming,india,leaf spot,pomegranate,weather"
Soil,citrus,powdery mildew,What is a good NPK plan for citrus to avoid lodging and disease?,"For citrus, aim for soil pH 6.5–7.5. In acidic soils, apply lime (2–5 t/ha) 2–3 months before sowing. In alkaline soils, use gypsum (2–5 t/ha) and sulfur amendments. Build organic carbon (>0.75%) with FYM/compost and green manures. Keep records of inputs and yields each season to refine your plan.","agriculture,black,citrus,farming,india,powdery mildew,soil"
Government Scheme,turmeric,rhizome rot,How do I set up protected cultivation or greenhouse for turmeric?,"In turmeric, state schemes may offer seed subsidies, drip irrigation support, and power concessions. Keep Aadhaar, land records, and bank details updated for scheme benefits. Use KCC for working capital and input purchases. Keep records of inputs and yields each season to refine your plan.","agriculture,farming,government_scheme,india,laterite,rhizome rot,turmeric"
Harvesting,ginger,bacterial wilt,How do I set up protected cultivation or greenhouse for ginger?,"Harvest ginger at physiological maturity: grains at 20–22% moisture, pods when 80–90% brown. Avoid delayed harvest to reduce shattering and field losses. Use combine harvesters where feasible; dry grains to 12–14% before storage. Keep records of inputs and yields each season to refine your plan.","agriculture,bacterial wilt,farming,ginger,harvesting,india,laterite"
Marketing,garlic,white rot,When and how should I harvest garlic to get maximum yield and quality?,"For garlic, PMFBY provides yield-based insurance at low premium. Enroll through banks or CSC before sowing. Maintain plot-wise records and cooperate during crop cutting experiments for claim settlement. Keep records of inputs and yields each season to refine your plan.","agriculture,black,farming,garlic,india,marketing,white rot"
Organic Farming,coriander,powdery mildew,How should I plan crop rotation with coriander to improve soil health?,"In coriander, adopt crop rotation with legumes, green manures (dhaincha, sunhemp), and mulching. Maintain field sanitation and use resistant varieties. Certification via NPOP/PGS-India adds market value. Keep records of inputs and yields each season to refine your plan.","agriculture,coriander,farming,india,organic_farming,powdery mildew,red"
Yield Improvement,cumin,aphid damage,How can I increase yield in cumin with better agronomy and protection?,"To improve yield in cumin, use certified seeds, optimal plant population, and balanced NPK. Manage pests/diseases proactively and avoid water stress at flowering. Harvest at correct maturity and dry properly. Keep records of inputs and yields each season to refine your plan.","agriculture,aphid damage,cumin,farming,india,sandy,yield_improvement"
Seed Selection,rice,blast,"What are the signs of Zn, B, or S deficiency in rice and how do I correct them?","Use certified seeds of rice for uniform germination and higher yield. Treat seeds with thiram/carbendazim (2 g/kg) or bio-agents (Trichoderma 4–5 g/kg). Store seeds in cool, dry place in moisture-proof bags. Keep records of inputs and yields each season to refine your plan.","agriculture,blast,farming,india,rice,sandy,seed_selection"
Storage,wheat,karnal bunt,"How can I control aphids, armyworm, termites, grasshoppers in wheat using IPM and reduce chemical sprays?","For wheat, maintain ventilation in stores. Use insect-proof screens. In humid areas, prefer hermetic storage. Avoid storing near chemicals or fertilizers to prevent contamination. Keep records of inputs and yields each season to refine your plan.","agriculture,farming,india,karnal bunt,sandy,storage,wheat"
Post-Harvest,maize,stem borer damage,How do I implement IPM in maize step by step?,"Store maize grains at 12–14% moisture in clean, dry, rodent-proof structures. Treat storage area with malathion dust. Use hermetic bags or PICS bags for pulses. Fumigate with aluminum phosphide if needed, following safety protocols. Keep records of inputs and yields each season to refine your plan.","agriculture,farming,india,maize,post-harvest,red,stem borer damage"
Mechanization,cotton,boll rot,"What are the signs of Zn, B, or S deficiency in cotton and how do I correct them?","For cotton, combine harvesters reduce field losses but require proper adjustment. Use moisture meters to decide harvest time. Store machinery under cover to extend life. Keep records of inputs and yields each season to refine your plan.","agriculture,black,boll rot,cotton,farming,india,mechanization"
Intercropping,sugarcane,ratoon stunting disease,How do I implement IPM in sugarcane step by step?,"For sugarcane, intercropping with short-duration vegetables increases land productivity. Plan sowing dates to avoid competition. Use balanced fertilizers and timely weeding. Keep records of inputs and yields each season to refine your plan.","agriculture,farming,india,intercropping,ratoon stunting disease,red,sugarcane"
Crop Rotation,soybean,bacterial pustule,Which machines or implements are useful for soybean to save labor and time?,"In soybean, plan rotations around water availability. Use drought-tolerant crops in dry years and high-value crops in wet years. Maintain soil cover year-round. Keep records of inputs and yields each season to refine your plan.","agriculture,bacterial pustule,black,crop_rotation,farming,india,soybean"
Water Conservation,tomato,early blight,How do I set up protected cultivation or greenhouse for tomato?,"For tomato, use alternate wetting and drying (AWD) where feasible. Recycle field drainage and harvest rainwater in ponds. Maintain field bunds and channels. Keep records of inputs and yields each season to refine your plan.","agriculture,early blight,farming,india,loamy,tomato,water_conservation"
Micronutrients,potato,mosaic virus,What GAP should I follow for potato to meet market and export standards?,B deficiency in potato causes poor fruit set and hollow stems. Apply borax (10–15 kg/ha) or foliar 0.2% boron at flowering. Avoid overuse; excess B is toxic. Keep records of inputs and yields each season to refine your plan.,"agriculture,alluvial,farming,india,micronutrients,mosaic virus,potato"
NPK Management,onion,downy mildew,What water conservation practices work best for onion in my area?,"In onion, high K improves water use efficiency and disease resistance. Apply K in splits; avoid late heavy K. Use SOP or MOP based on crop and soil Cl tolerance. Keep records of inputs and yields each season to refine your plan.","agriculture,downy mildew,farming,india,laterite,npk_management,onion"
IPM,chilli,bacterial leaf spot,"What soil type and pH are ideal for chilli, and how do I improve my soil?","In chilli, cultural practices (timely sowing, intercropping, crop rotation) reduce pest pressure. Preserve natural enemies by avoiding broad-spectrum sprays. Use spot treatments for outbreaks. Keep records of inputs and yields each season to refine your plan.","agriculture,bacterial leaf spot,black,chilli,farming,india,ipm"
Weed Management,brinjal,fruit rot,What GAP should I follow for brinjal to meet market and export standards?,"For brinjal, hand weeding is effective but labor-intensive. Combine with pre-emergence sprays and mulching. Keep field borders clean to reduce weed seed bank. Keep records of inputs and yields each season to refine your plan.","agriculture,brinjal,farming,fruit rot,india,loamy,weed_management"
Protected Cultivation,cabbage,alternaria leaf spot,"What are the signs of Zn, B, or S deficiency in cabbage and how do I correct them?","For cabbage, greenhouses enable year-round production. Use insect-proof nets, drip irrigation, and balanced fertigation. Train labor on climate management and IPM. Keep records of inputs and yields each season to refine your plan.","agriculture,alternaria leaf spot,cabbage,farming,india,laterite,protected_cultivation"
Greenhouse,cauliflower,downy mildew,How do I set up protected cultivation or greenhouse for cauliflower?,"Protected cultivation (shade nets, low tunnels) in cauliflower reduces pest and weather damage. Use drip fertigation and mulch. Monitor temperature and humidity to prevent diseases. Keep records of inputs and yields each season to refine your plan.","agriculture,alluvial,cauliflower,downy mildew,farming,greenhouse,india"
Hydroponics,okra,powdery mildew,What water conservation practices work best for okra in my area?,"In okra, protected cultivation reduces pesticide use. Combine with biological controls and hygiene. Plan crop cycles to match market demand. Keep records of inputs and yields each season to refine your plan.","agriculture,farming,hydroponics,india,loamy,okra,powdery mildew"
Carbon Farming,groundnut,collar rot,How does crop insurance work for groundnut and how do I claim?,"Carbon farming in groundnut includes no-till, cover crops, and residue retention. Measure soil organic carbon and adopt practices that increase it. Explore carbon credits via verified programs. Keep records of inputs and yields each season to refine your plan.","agriculture,alluvial,carbon_farming,collar rot,farming,groundnut,india"
Regenerative Agriculture,mustard,downy mildew,Which machines or implements are useful for mustard to save labor and time?,"In mustard, combine traditional knowledge with modern science for regenerative outcomes. Use participatory trials and share results with neighbors. Seek technical support from agriculture departments. Keep records of inputs and yields each season to refine your plan.","agriculture,downy mildew,farming,india,mustard,red,regenerative_agriculture"
GAP,sunflower,sclerotinia head rot,What GAP should I follow for sunflower to meet market and export standards?,"For sunflower, GAP aligns with food safety and export requirements. Maintain field maps, input logs, and harvest records. Use clean containers and cold chain where needed. Keep records of inputs and yields each season to refine your plan.","agriculture,farming,gap,india,red,sclerotinia head rot,sunflower"
Insurance,bajra,rust,How do I manage rust in bajra? What are the symptoms and spray schedule?,"For bajra, insurance complements good agronomy. Keep plot-wise records and photos of damage. Understand exclusions and claim processes. Pay premiums on time. Keep records of inputs and yields each season to refine your plan.","agriculture,bajra,farming,india,insurance,rust,sandy"
Fertilizer,jowar,leaf blight,"What soil type and pH are ideal for jowar, and how do I improve my soil?","Use 60–100 kg N/ha for jowar depending on rainfall and soil. Apply basal NPK (12:32:16 or 15:15:15) at 150–200 kg/ha at sowing, then top-dress urea in 2–3 splits. Include 20–25 kg/ha ZnSO4 where soils are alkaline. For irrigated conditions, split N at vegetative, flowering, and pod/fruit setting. In rainfed areas, use slow-release N and mulch to reduce losses.","agriculture,farming,fertilizer,india,jowar,laterite,leaf blight"
Disease,ragi,rust,What water conservation practices work best for ragi in my area?,"In ragi, rust shows orange-brown pustules on leaves and stems. Prevent by using certified seeds, crop rotation, and balanced NPK. For fungal diseases, spray mancozeb 0.25% or carbendazim 0.1% at first sign. Improve drainage and avoid late evening irrigation. Remove infected debris.","agriculture,disease,farming,india,ragi,rust,sandy"
Pest,gram,alternaria blight,What is a good NPK plan for gram to avoid lodging and disease?,"In gram, control pod borer, aphids, cutworm, thrips with cultural methods: timely sowing, intercropping, and crop rotation. Use biopesticides (Bt, NPV) where available. Spot-spray outbreaks and avoid prophylactic sprays. Keep records of inputs and yields each season to refine your plan.","agriculture,alternaria blight,black,farming,gram,india,pest"
Irrigation,pigeon pea,sterility mosaic,How should I plan crop rotation with pigeon pea to improve soil health?,"For pigeon pea, maintain even moisture. Deficit at flowering reduces yield by 20–30%. Use alternate furrow irrigation or drip to improve water use efficiency. In water-scarce areas, adopt zero-till and mulching to conserve moisture. Keep records of inputs and yields each season to refine your plan.","agriculture,farming,india,irrigation,laterite,pigeon pea,sterility mosaic"
Weather,green gram,anthracnose,What carbon farming practices can I adopt in green gram fields?,"Heavy rain during flowering of green gram causes pollen wash and yield loss. Ensure drainage, use raised beds, and avoid late nitrogen. If lodging risk exists, reduce N and increase K. Keep records of inputs and yields each season to refine your plan.","agriculture,anthracnose,farming,green gram,india,loamy,weather"
Soil,black gram,alternaria leaf spot,Which irrigation method saves the most water for black gram without reducing yield?,"Best soils for black gram are deep, well-drained loamy to clay loam with pH 6.0–7.5. In black soils, ensure good drainage to avoid root diseases. In red soils, add 4–6 t/ha FYM and 20–25 kg/ha ZnSO4. In sandy soils, increase organic matter and use split fertilizer doses.","agriculture,alternaria leaf spot,black gram,clay,farming,india,soil"
Government Scheme,banana,banana bunchy top virus,What is the best fertilizer dose and schedule for banana in black soil?,"In banana, state schemes may offer seed subsidies, drip irrigation support, and power concessions. Keep Aadhaar, land records, and bank details updated for scheme benefits. Use KCC for working capital and input purchases. Keep records of inputs and yields each season to refine your plan.","agriculture,banana,banana bunchy top virus,black,farming,government_scheme,india"
Harvesting,mango,powdery mildew,How do I manage powdery mildew in mango? What are the symptoms and spray schedule?,"For mango, harvest at correct stage to maintain quality. Handle gently to avoid bruising. Sort and grade immediately; pack in clean, dry containers. Avoid evening harvest in high humidity to reduce disease. Keep records of inputs and yields each season to refine your plan.","agriculture,black,farming,harvesting,india,mango,powdery mildew"
Marketing,papaya,bacterial leaf spot,How do I set up protected cultivation or greenhouse for papaya?,"In papaya, agri-business ideas can access credit via NABARD and agri-clinics schemes. Explore FPO formation, common facility centers, and market linkage programs. Check state horticulture missions for post-harvest support. Keep records of inputs and yields each season to refine your plan.","agriculture,alluvial,bacterial leaf spot,farming,india,marketing,papaya"
Organic Farming,grapes,black rot,How do I move towards regenerative agriculture in grapes?,"In grapes, organic systems need strong IPM: traps, biocontrol agents, and botanicals. Ensure adequate K and micronutrients from organic sources. Plan harvest and post-harvest to maintain organic integrity. Keep records of inputs and yields each season to refine your plan.","agriculture,black rot,farming,grapes,india,laterite,organic_farming"
Yield Improvement,pomegranate,bacterial blight,What are good intercropping options with pomegranate to increase income?,"In pomegranate, precision practices (line sowing, fertigation, leaf color chart for N) raise yields. Use crop-specific advisories and weather-based inputs. Maintain field records for next season planning. Keep records of inputs and yields each season to refine your plan.","agriculture,bacterial blight,farming,india,pomegranate,sandy,yield_improvement"
Seed Selection,citrus,leaf miner damage,Which government schemes can I use for citrus cultivation and marketing?,"Use certified seeds of citrus for uniform germination and higher yield. Treat seeds with thiram/carbendazim (2 g/kg) or bio-agents (Trichoderma 4–5 g/kg). Store seeds in cool, dry place in moisture-proof bags. Keep records of inputs and yields each season to refine your plan.","agriculture,citrus,farming,india,leaf miner damage,red,seed_selection"
Storage,turmeric,anthracnose,Which machines or implements are useful for turmeric to save labor and time?,"For turmeric, ensure produce is dry and clean before storage. Avoid mixing old and new stock. Use neem leaves or botanicals in small stores. Monitor temperature and humidity; aerate if needed. Keep records of inputs and yields each season to refine your plan.","agriculture,anthracnose,black,farming,india,storage,turmeric"
Post-Harvest,ginger,bacterial wilt,"What are the signs of Zn, B, or S deficiency in ginger and how do I correct them?","For ginger, maintain ventilation in stores. Use insect-proof screens. In humid areas, prefer hermetic storage. Avoid storing near chemicals or fertilizers to prevent contamination. Keep records of inputs and yields each season to refine your plan.","agriculture,bacterial wilt,farming,ginger,india,loamy,post-harvest"
Mechanization,garlic,stemphylium blight,How does crop insurance work for garlic and how do I claim?,"For garlic, mechanization (seed drills, rotavators, harvesters) reduces cost and timeliness losses. Calibrate equipment for correct seed rate and spacing. Maintain machines regularly for safety and efficiency. Keep records of inputs and yields each season to refine your plan.","agriculture,farming,garlic,india,mechanization,sandy,stemphylium blight"
Intercropping,coriander,bacterial leaf spot,What are effective weed control methods for coriander that are safe and cheap?,"For coriander, intercropping with short-duration vegetables increases land productivity. Plan sowing dates to avoid competition. Use balanced fertilizers and timely weeding. Keep records of inputs and yields each season to refine your plan.","agriculture,bacterial leaf spot,coriander,farming,india,intercropping,sandy"
Crop Rotation,cumin,alternaria blight,Which irrigation method saves the most water for cumin without reducing yield?,"For cumin, integrate livestock or agroforestry in rotations for diversification. Use manure and compost to recycle nutrients. Monitor soil tests to adjust rotations. Keep records of inputs and yields each season to refine your plan.","agriculture,alternaria blight,crop_rotation,cumin,farming,india,red"
Water Conservation,rice,blast,What water conservation practices work best for rice in my area?,"In rice, avoid over-irrigation which leaches nutrients and promotes diseases. Use tensiometers or soil moisture sensors for precise scheduling. Maintain drainage to prevent waterlogging. Keep records of inputs and yields each season to refine your plan.","agriculture,blast,farming,india,laterite,rice,water_conservation"
Micronutrients,wheat,rust,What carbon farming practices can I adopt in wheat fields?,B deficiency in wheat causes poor fruit set and hollow stems. Apply borax (10–15 kg/ha) or foliar 0.2% boron at flowering. Avoid overuse; excess B is toxic. Keep records of inputs and yields each season to refine your plan.,"agriculture,alluvial,farming,india,micronutrients,rust,wheat"
NPK Management,maize,stem borer damage,How do I move towards regenerative agriculture in maize?,"In maize, excessive N without K increases lodging and disease. Maintain K at 50–60 kg/ha for stalk strength. Use 19:19:19 foliar at flowering for fruit set. Add FYM 5–10 t/ha for long-term soil health. Keep records of inputs and yields each season to refine your plan.","agriculture,black,farming,india,maize,npk_management,stem borer damage"
IPM,cotton,boll rot,How do I select and treat seeds for cotton to improve germination?,"For cotton, combine mechanical (handpicking), biological (parasitoids), and chemical controls. Calibrate sprayers; apply at correct growth stage. Follow pre-harvest intervals and safety norms. Keep records of inputs and yields each season to refine your plan.","agriculture,boll rot,cotton,farming,india,ipm,red"
Weed Management,sugarcane,ring spot,What GAP should I follow for sugarcane to meet market and export standards?,"In sugarcane, integrate cultural (crop rotation, cover crops), mechanical (hoeing), and chemical weed control. Use herbicide-tolerant varieties where available. Rotate herbicide modes of action to prevent resistance. Keep records of inputs and yields each season to refine your plan.","agriculture,farming,india,loamy,ring spot,sugarcane,weed_management"
Protected Cultivation,soybean,bacterial pustule,"How can I control girdle beetle, leaf folder, semilooper, aphids in soybean using IPM and reduce chemical sprays?","In soybean, hydroponics saves water and nutrients. Maintain EC and pH in recommended ranges. Use sterile media and prevent root diseases with sanitation. Keep records of inputs and yields each season to refine your plan.","agriculture,alluvial,bacterial pustule,farming,india,protected_cultivation,soybean"
Greenhouse,tomato,early blight,What is the best fertilizer dose and schedule for tomato in clay soil?,"In tomato, hydroponics saves water and nutrients. Maintain EC and pH in recommended ranges. Use sterile media and prevent root diseases with sanitation. Keep records of inputs and yields each season to refine your plan.","agriculture,clay,early blight,farming,greenhouse,india,tomato"
Hydroponics,potato,mosaic virus,Which machines or implements are useful for potato to save labor and time?,"Protected cultivation (shade nets, low tunnels) in potato reduces pest and weather damage. Use drip fertigation and mulch. Monitor temperature and humidity to prevent diseases. Keep records of inputs and yields each season to refine your plan.","agriculture,alluvial,farming,hydroponics,india,mosaic virus,potato"
Carbon Farming,onion,neck rot,How should I plan crop rotation with onion to improve soil health?,"Carbon farming in onion includes no-till, cover crops, and residue retention. Measure soil organic carbon and adopt practices that increase it. Explore carbon credits via verified programs. Keep records of inputs and yields each season to refine your plan.","agriculture,carbon_farming,farming,india,neck rot,onion,sandy"
Regenerative Agriculture,chilli,powdery mildew,Which machines or implements are useful for chilli to save labor and time?,"In chilli, regenerative practices improve long-term profitability. Reduce external inputs, increase on-farm nutrient cycling, and maintain soil cover. Document practices for learning and scaling. Keep records of inputs and yields each season to refine your plan.","agriculture,chilli,farming,india,laterite,powdery mildew,regenerative_agriculture"
GAP,brinjal,fruit rot,How should I plan crop rotation with brinjal to improve soil health?,"For brinjal, GAP covers seed quality, soil health, water management, and worker safety. Use protective gear, calibrate sprayers, and keep input records. Train labor on safe handling. Keep records of inputs and yields each season to refine your plan.","agriculture,brinjal,farming,fruit rot,gap,india,laterite"
Insurance,cabbage,alternaria leaf spot,Which government schemes can I use for cabbage cultivation and marketing?,"Crop insurance (PMFBY) for cabbage covers yield losses due to weather, pests, and diseases. Enroll before sowing through banks or CSC. Cooperate during crop cutting experiments for claim settlement. Keep records of inputs and yields each season to refine your plan.","agriculture,alternaria leaf spot,cabbage,farming,india,insurance,red"
Fertilizer,cauliflower,powdery mildew,What GAP should I follow for cauliflower to meet market and export standards?,"For cauliflower, start with a soil test. In most alluvial/loamy soils, apply 80–120 kg N/ha, 40–60 kg P2O5/ha, and 40–60 kg K2O/ha in splits. At sowing, place full P and K plus 1/3 N near the seed. Top-dress remaining N at tillering/vegetative stage and again at flowering. Add 5–10 t/ha FYM or compost before sowing. Use ZnSO4 (20–25 kg/ha) if deficient. Avoid excessive urea to prevent lodging and disease.","agriculture,cauliflower,farming,fertilizer,india,powdery mildew,sandy"
Disease,okra,powdery mildew,Which machines or implements are useful for okra to save labor and time?,"In okra, powdery mildew shows white powdery growth on leaves and stems. Prevent by using certified seeds, crop rotation, and balanced NPK. For fungal diseases, spray mancozeb 0.25% or carbendazim 0.1% at first sign. Improve drainage and avoid late evening irrigation. Remove infected debris.","agriculture,disease,farming,india,okra,powdery mildew,sandy"
Pest,groundnut,leaf spot,What is the best fertilizer dose and schedule for groundnut in clay soil?,"For groundnut, adopt IPM: pheromone traps, light traps, and bird perches. Spray only when ETL is reached. Use neem oil 3% or NSKE 5% for early infestations. Rotate insecticide groups to prevent resistance. Keep records of inputs and yields each season to refine your plan.","agriculture,clay,farming,groundnut,india,leaf spot,pest"
Irrigation,mustard,alternaria leaf spot,What is a good NPK plan for mustard to avoid lodging and disease?,"For mustard, maintain even moisture. Deficit at flowering reduces yield by 20–30%. Use alternate furrow irrigation or drip to improve water use efficiency. In water-scarce areas, adopt zero-till and mulching to conserve moisture. Keep records of inputs and yields each season to refine your plan.","agriculture,alternaria leaf spot,farming,india,irrigation,laterite,mustard"
Weather,sunflower,rust,How do I manage rust in sunflower? What are the symptoms and spray schedule?,"In sunflower, unexpected hail can damage canopy. Ensure good K nutrition for resilience. After hail, apply broad-spectrum fungicide to prevent secondary infections and maintain drainage. Keep records of inputs and yields each season to refine your plan.","agriculture,farming,india,red,rust,sunflower,weather"
Soil,bajra,blast,"What are the signs of Zn, B, or S deficiency in bajra and how do I correct them?","For bajra, aim for soil pH 6.5–7.5. In acidic soils, apply lime (2–5 t/ha) 2–3 months before sowing. In alkaline soils, use gypsum (2–5 t/ha) and sulfur amendments. Build organic carbon (>0.75%) with FYM/compost and green manures. Keep records of inputs and yields each season to refine your plan.","agriculture,bajra,blast,farming,india,red,soil"
Government Scheme,jowar,leaf blight,"What are the signs of Zn, B, or S deficiency in jowar and how do I correct them?","In jowar, state schemes may offer seed subsidies, drip irrigation support, and power concessions. Keep Aadhaar, land records, and bank details updated for scheme benefits. Use KCC for working capital and input purchases. Keep records of inputs and yields each season to refine your plan.","agriculture,farming,government_scheme,india,jowar,leaf blight,sandy"
Harvesting,ragi,blast,What is a good NPK plan for ragi to avoid lodging and disease?,"Harvest ragi at physiological maturity: grains at 20–22% moisture, pods when 80–90% brown. Avoid delayed harvest to reduce shattering and field losses. Use combine harvesters where feasible; dry grains to 12–14% before storage. Keep records of inputs and yields each season to refine your plan.","agriculture,blast,farming,harvesting,india,loamy,ragi"
Marketing,gram,alternaria blight,How do I manage alternaria blight in gram? What are the symptoms and spray schedule?,"For gram, MSP announcements and procurement vary by state. Register on e-NAM for better market access. FPO membership can improve bargaining power. Explore agri-infrastructure funds for storage and processing. Keep records of inputs and yields each season to refine your plan.","agriculture,alternaria blight,farming,gram,india,marketing,sandy"
Organic Farming,pigeon pea,sterility mosaic,Which machines or implements are useful for pigeon pea to save labor and time?,"For organic pigeon pea, use well-decomposed FYM (10–15 t/ha), vermicompost (2–3 t/ha), and biofertilizers (Rhizobium, PSB, Azotobacter). Avoid synthetic fertilizers and pesticides. Use neem-based products and botanicals for pest control. Keep records of inputs and yields each season to refine your plan.","agriculture,clay,farming,india,organic_farming,pigeon pea,sterility mosaic"
Yield Improvement,green gram,alternaria leaf spot,How can I increase yield in green gram with better agronomy and protection?,"In green gram, yield gaps arise from poor plant stand, nutrient imbalance, and pest damage. Use soil test-based fertilizers, IPM, and timely irrigation. Record field operations for continuous improvement. Keep records of inputs and yields each season to refine your plan.","agriculture,alternaria leaf spot,black,farming,green gram,india,yield_improvement"
Seed Selection,black gram,anthracnose,Which irrigation method saves the most water for black gram without reducing yield?,"In black gram, procure seeds from certified agencies. Check germination before sowing; aim for >85%. Avoid storage in humid conditions. Keep records of inputs and yields each season to refine your plan.","agriculture,alluvial,anthracnose,black gram,farming,india,seed_selection"
Storage,banana,bacterial wilt,What is a good NPK plan for banana to avoid lodging and disease?,"For banana, ensure produce is dry and clean before storage. Avoid mixing old and new stock. Use neem leaves or botanicals in small stores. Monitor temperature and humidity; aerate if needed. Keep records of inputs and yields each season to refine your plan.","agriculture,bacterial wilt,banana,black,farming,india,storage"
Post-Harvest,mango,bacterial canker,How do I practice organic farming in mango without losing yield?,"In mango, fumigation should be done by trained personnel. Seal stores properly, use recommended doses, and observe aeration periods before sale or consumption. Keep records of inputs and yields each season to refine your plan.","agriculture,bacterial canker,farming,india,loamy,mango,post-harvest"
Mechanization,papaya,powdery mildew,What is a good NPK plan for papaya to avoid lodging and disease?,"For papaya, post-harvest mechanization (threshers, graders, dryers) improves quality and reduces losses. Clean and maintain equipment after each season. Keep records of inputs and yields each season to refine your plan.","agriculture,farming,india,laterite,mechanization,papaya,powdery mildew"
Intercropping,grapes,black rot,How does crop insurance work for grapes and how do I claim?,"For grapes, intercropping with short-duration vegetables increases land productivity. Plan sowing dates to avoid competition. Use balanced fertilizers and timely weeding. Keep records of inputs and yields each season to refine your plan.","agriculture,black rot,clay,farming,grapes,india,intercropping"
Crop Rotation,pomegranate,cercospora leaf spot,How do I store pomegranate grains safely to avoid pests and mold?,"For pomegranate, avoid continuous monoculture. Rotate with cereals/legumes to balance nutrients. Use residue incorporation and cover crops to build organic matter. Keep records of inputs and yields each season to refine your plan.","agriculture,cercospora leaf spot,clay,crop_rotation,farming,india,pomegranate"
Water Conservation,citrus,citrus canker,What is the best fertilizer dose and schedule for citrus in laterite soil?,"For citrus, use alternate wetting and drying (AWD) where feasible. Recycle field drainage and harvest rainwater in ponds. Maintain field bunds and channels. Keep records of inputs and yields each season to refine your plan.","agriculture,citrus,citrus canker,farming,india,laterite,water_conservation"
Micronutrients,turmeric,thrips damage,How do I set up protected cultivation or greenhouse for turmeric?,"Zn deficiency in turmeric shows as interveinal chlorosis and stunting. Apply ZnSO4 (20–25 kg/ha) basally or foliar 0.5% ZnSO4 + 0.25% lime. In alkaline soils, band Zn near roots for better uptake. Keep records of inputs and yields each season to refine your plan.","agriculture,alluvial,farming,india,micronutrients,thrips damage,turmeric"
NPK Management,ginger,rhizome rot,How does crop insurance work for ginger and how do I claim?,"In ginger, high K improves water use efficiency and disease resistance. Apply K in splits; avoid late heavy K. Use SOP or MOP based on crop and soil Cl tolerance. Keep records of inputs and yields each season to refine your plan.","agriculture,black,farming,ginger,india,npk_management,rhizome rot"
IPM,garlic,bacterial soft rot,When and how should I harvest garlic to get maximum yield and quality?,"For garlic, integrate pheromone traps (10–12/ha), NSKE 5%, and targeted insecticides. Avoid prophylactic sprays. Train labor on safe handling and PPE use. Keep records of inputs and yields each season to refine your plan.","agriculture,bacterial soft rot,black,farming,garlic,india,ipm"
Weed Management,coriander,stem gall,How do I select and treat seeds for coriander to improve germination?,"Weeds in coriander compete for light, water, and nutrients. Use pre-emergence herbicides (pendimethalin 1.0–1.5 kg/ha) followed by one hand weeding at 25–30 DAS. Mulching and intercropping also suppress weeds. Keep records of inputs and yields each season to refine your plan.","agriculture,coriander,farming,india,laterite,stem gall,weed_management"
Protected Cultivation,cumin,powdery mildew,Which government schemes can I use for cumin cultivation and marketing?,"Protected cultivation (shade nets, low tunnels) in cumin reduces pest and weather damage. Use drip fertigation and mulch. Monitor temperature and humidity to prevent diseases. Keep records of inputs and yields each season to refine your plan.","agriculture,cumin,farming,india,powdery mildew,protected_cultivation,sandy"
Greenhouse,rice,blast,Which machines or implements are useful for rice to save labor and time?,"For rice, polyhouses improve yield and quality. Install fans and foggers for climate control. Use reflective mulch and trellising for better light distribution. Keep records of inputs and yields each season to refine your plan.","agriculture,blast,farming,greenhouse,india,red,rice"
Hydroponics,wheat,loose smut,What GAP should I follow for wheat to meet market and export standards?,"Protected cultivation (shade nets, low tunnels) in wheat reduces pest and weather damage. Use drip fertigation and mulch. Monitor temperature and humidity to prevent diseases. Keep records of inputs and yields each season to refine your plan.","agriculture,farming,hydroponics,india,laterite,loose smut,wheat"
Carbon Farming,maize,fusarium stalk rot,Which machines or implements are useful for maize to save labor and time?,"For maize, agroforestry and perennial systems sequester more carbon. Use diverse rotations and organic amendments. Maintain records for potential carbon income. Keep records of inputs and yields each season to refine your plan.","agriculture,black,carbon_farming,farming,fusarium stalk rot,india,maize"
Regenerative Agriculture,cotton,alternaria leaf spot,How should I plan crop rotation with cotton to improve soil health?,"In cotton, combine traditional knowledge with modern science for regenerative outcomes. Use participatory trials and share results with neighbors. Seek technical support from agriculture departments. Keep records of inputs and yields each season to refine your plan.","agriculture,alternaria leaf spot,black,cotton,farming,india,regenerative_agriculture"
GAP,sugarcane,red rot,What carbon farming practices can I adopt in sugarcane fields?,"For sugarcane, GAP covers seed quality, soil health, water management, and worker safety. Use protective gear, calibrate sprayers, and keep input records. Train labor on safe handling. Keep records of inputs and yields each season to refine your plan.","agriculture,farming,gap,india,laterite,red rot,sugarcane"
Insurance,soybean,bacterial pustule,Which government schemes can I use for soybean cultivation and marketing?,"In soybean, weather-based insurance can provide quick payouts. Link with local meteorological data. Use insurance as part of risk management, not a substitute for good practices. Keep records of inputs and yields each season to refine your plan.","agriculture,alluvial,bacterial pustule,farming,india,insurance,soybean"
Fertilizer,tomato,leaf curl virus,What GAP should I follow for tomato to meet market and export standards?,"In tomato, balanced NPK (e.g., 100:50:50) improves yield and resilience. Apply full P and K at sowing; split N in 2–3 doses. Foliar 19:19:19 (2–3 g/L) at flowering boosts fruit set. Add 4–5 t/ha compost + 20 kg/ha ZnSO4 in Zn-deficient black soils. Avoid late heavy N to reduce lodging and pest risk.","agriculture,farming,fertilizer,india,leaf curl virus,sandy,tomato"
Disease,potato,bacterial wilt,Which government schemes can I use for potato cultivation and marketing?,"Control bacterial wilt in potato with integrated measures: resistant varieties, seed treatment (thiram/carbendazim 2 g/kg), and timely sprays. Avoid excessive nitrogen which increases susceptibility. Use biocontrol (Trichoderma 4–5 g/kg seed) for soil-borne diseases. Keep records of inputs and yields each season to refine your plan.","agriculture,bacterial wilt,disease,farming,india,laterite,potato"
Pest,onion,purple blotch,"How can I control thrips, leaf miner, aphids in onion using IPM and reduce chemical sprays?","For onion, integrate mechanical (handpicking), biological (Trichogramma), and chemical controls. Avoid tank mixes that harm beneficials. Follow label doses and pre-harvest intervals. Keep records of inputs and yields each season to refine your plan.","agriculture,farming,india,onion,pest,purple blotch,red"
Irrigation,chilli,anthracnose,"What soil type and pH are ideal for chilli, and how do I improve my soil?","Use 4–6 irrigations for chilli depending on soil and rainfall. First irrigation 20–25 days after sowing, then at tillering, flowering, and grain filling. Drip/fertigation saves 30–40% water and improves uniformity. Mulching reduces evaporation. Avoid late heavy irrigation to prevent lodging.","agriculture,anthracnose,chilli,farming,india,irrigation,red"
Weather,brinjal,alternaria leaf spot,"What are the signs of Zn, B, or S deficiency in brinjal and how do I correct them?","For brinjal, high humidity favors fungal diseases. Increase plant spacing, avoid overhead irrigation, and use protective fungicides before monsoon peaks. Use weather-based advisories for spray timing. Keep records of inputs and yields each season to refine your plan.","agriculture,alternaria leaf spot,brinjal,farming,india,laterite,weather"
Soil,cabbage,black rot,What is a good NPK plan for cabbage to avoid lodging and disease?,"For cabbage, aim for soil pH 6.5–7.5. In acidic soils, apply lime (2–5 t/ha) 2–3 months before sowing. In alkaline soils, use gypsum (2–5 t/ha) and sulfur amendments. Build organic carbon (>0.75%) with FYM/compost and green manures. Keep records of inputs and yields each season to refine your plan.","agriculture,black rot,cabbage,farming,india,loamy,soil"
Government Scheme,cauliflower,clubroot,How can I increase yield in cauliflower with better agronomy and protection?,"In cauliflower, state schemes may offer seed subsidies, drip irrigation support, and power concessions. Keep Aadhaar, land records, and bank details updated for scheme benefits. Use KCC for working capital and input purchases. Keep records of inputs and yields each season to refine your plan.","agriculture,alluvial,cauliflower,clubroot,farming,government_scheme,india"
Harvesting,okra,yellow vein mosaic,What weather conditions harm okra and how do I protect my crop?,"In okra, early harvest reduces field losses and aflatoxin risk. Dry on clean tarps; avoid direct soil contact. Use moisture meters to ensure safe storage levels. Store in fumigated, rodent-proof structures. Keep records of inputs and yields each season to refine your plan.","agriculture,black,farming,harvesting,india,okra,yellow vein mosaic"
Marketing,groundnut,collar rot,When and how should I harvest groundnut to get maximum yield and quality?,"In groundnut, state schemes may offer seed subsidies, drip irrigation support, and power concessions. Keep Aadhaar, land records, and bank details updated for scheme benefits. Use KCC for working capital and input purchases. Keep records of inputs and yields each season to refine your plan.","agriculture,black,collar rot,farming,groundnut,india,marketing"
Organic Farming,mustard,white rust,How do I move towards regenerative agriculture in mustard?,"In mustard, adopt crop rotation with legumes, green manures (dhaincha, sunhemp), and mulching. Maintain field sanitation and use resistant varieties. Certification via NPOP/PGS-India adds market value. Keep records of inputs and yields each season to refine your plan.","agriculture,black,farming,india,mustard,organic_farming,white rust"
Yield Improvement,sunflower,alternaria leaf spot,Which machines or implements are useful for sunflower to save labor and time?,"To improve yield in sunflower, use certified seeds, optimal plant population, and balanced NPK. Manage pests/diseases proactively and avoid water stress at flowering. Harvest at correct maturity and dry properly. Keep records of inputs and yields each season to refine your plan.","agriculture,alternaria leaf spot,farming,india,laterite,sunflower,yield_improvement"
Seed Selection,bajra,rust,What weather conditions harm bajra and how do I protect my crop?,"Use certified seeds of bajra for uniform germination and higher yield. Treat seeds with thiram/carbendazim (2 g/kg) or bio-agents (Trichoderma 4–5 g/kg). Store seeds in cool, dry place in moisture-proof bags. Keep records of inputs and yields each season to refine your plan.","agriculture,alluvial,bajra,farming,india,rust,seed_selection"
Storage,jowar,leaf blight,How can I increase yield in jowar with better agronomy and protection?,"In jowar, fumigation should be done by trained personnel. Seal stores properly, use recommended doses, and observe aeration periods before sale or consumption. Keep records of inputs and yields each season to refine your plan.","agriculture,clay,farming,india,jowar,leaf blight,storage"
Post-Harvest,ragi,bacterial leaf streak,"What soil type and pH are ideal for ragi, and how do I improve my soil?","For ragi, maintain ventilation in stores. Use insect-proof screens. In humid areas, prefer hermetic storage. Avoid storing near chemicals or fertilizers to prevent contamination. Keep records of inputs and yields each season to refine your plan.","agriculture,bacterial leaf streak,farming,india,post-harvest,ragi,red"
Mechanization,gram,wilt,"How can I control pod borer, aphids, cutworm, thrips in gram using IPM and reduce chemical sprays?","For gram, mechanization (seed drills, rotavators, harvesters) reduces cost and timeliness losses. Calibrate equipment for correct seed rate and spacing. Maintain machines regularly for safety and efficiency. Keep records of inputs and yields each season to refine your plan.","agriculture,clay,farming,gram,india,mechanization,wilt"
Intercropping,pigeon pea,wilt,How does crop insurance work for pigeon pea and how do I claim?,"For pigeon pea, intercropping with short-duration vegetables increases land productivity. Plan sowing dates to avoid competition. Use balanced fertilizers and timely weeding. Keep records of inputs and yields each season to refine your plan.","agriculture,black,farming,india,intercropping,pigeon pea,wilt"
Crop Rotation,green gram,yellow mosaic virus,How do I implement IPM in green gram step by step?,"In green gram, rotation reduces soil-borne diseases and weeds. Select crops with different nutrient demands. Maintain field records to plan rotations effectively. Keep records of inputs and yields each season to refine your plan.","agriculture,crop_rotation,farming,green gram,india,red,yellow mosaic virus"
Water Conservation,black gram,powdery mildew,How should I plan crop rotation with black gram to improve soil health?,"In black gram, deficit irrigation at vegetative stage saves water without yield loss. Use crop residues as mulch to reduce evaporation. Monitor weather forecasts to avoid irrigation before rain. Keep records of inputs and yields each season to refine your plan.","agriculture,black gram,farming,india,loamy,powdery mildew,water_conservation"
Micronutrients,banana,panama wilt,Which irrigation method saves the most water for banana without reducing yield?,B deficiency in banana causes poor fruit set and hollow stems. Apply borax (10–15 kg/ha) or foliar 0.2% boron at flowering. Avoid overuse; excess B is toxic. Keep records of inputs and yields each season to refine your plan.,"agriculture,banana,black,farming,india,micronutrients,panama wilt"
NPK Management,mango,spongy tissue,"How can I control fruit fly, mealybug, scale insects, leaf webber in mango using IPM and reduce chemical sprays?","Balanced NPK in mango improves yield and stress tolerance. Use soil test-based doses; typical ranges: N 80–120, P2O5 40–60, K2O 40–60 kg/ha. Split N in 2–3 doses; place P and K basally near seed. Keep records of inputs and yields each season to refine your plan.","agriculture,clay,farming,india,mango,npk_management,spongy tissue"
IPM,papaya,anthracnose,How do I manage anthracnose in papaya? What are the symptoms and spray schedule?,"In papaya, light traps and bird perches help manage nocturnal pests. Maintain field hygiene and remove weed hosts. Use need-based sprays only when ETL is crossed. Keep records of inputs and yields each season to refine your plan.","agriculture,anthracnose,black,farming,india,ipm,papaya"
Weed Management,grapes,downy mildew,How should I plan crop rotation with grapes to improve soil health?,"For grapes, hand weeding is effective but labor-intensive. Combine with pre-emergence sprays and mulching. Keep field borders clean to reduce weed seed bank. Keep records of inputs and yields each season to refine your plan.","agriculture,downy mildew,farming,grapes,india,red,weed_management"
Protected Cultivation,pomegranate,fruit rot,What is the best fertilizer dose and schedule for pomegranate in laterite soil?,"For pomegranate, polyhouses improve yield and quality. Install fans and foggers for climate control. Use reflective mulch and trellising for better light distribution. Keep records of inputs and yields each season to refine your plan.","agriculture,farming,fruit rot,india,laterite,pomegranate,protected_cultivation"
Greenhouse,citrus,anthracnose,What is a good NPK plan for citrus to avoid lodging and disease?,"For citrus, greenhouses enable year-round production. Use insect-proof nets, drip irrigation, and balanced fertigation. Train labor on climate management and IPM. Keep records of inputs and yields each season to refine your plan.","agriculture,anthracnose,citrus,farming,greenhouse,india,red"
Hydroponics,turmeric,leaf blotch,Which government schemes can I use for turmeric cultivation and marketing?,"For turmeric, polyhouses improve yield and quality. Install fans and foggers for climate control. Use reflective mulch and trellising for better light distribution. Keep records of inputs and yields each season to refine your plan.","agriculture,alluvial,farming,hydroponics,india,leaf blotch,turmeric"
Carbon Farming,ginger,bacterial wilt,What water conservation practices work best for ginger in my area?,"In ginger, precision fertilizer use reduces N2O emissions. Use urease inhibitors and split N applications. Combine with renewable energy for irrigation. Keep records of inputs and yields each season to refine your plan.","agriculture,bacterial wilt,black,carbon_farming,farming,ginger,india"
Regenerative Agriculture,garlic,stemphylium blight,How do I set up protected cultivation or greenhouse for garlic?,"In garlic, regenerative practices improve long-term profitability. Reduce external inputs, increase on-farm nutrient cycling, and maintain soil cover. Document practices for learning and scaling. Keep records of inputs and yields each season to refine your plan.","agriculture,farming,garlic,india,red,regenerative_agriculture,stemphylium blight"
GAP,coriander,alternaria blight,What are good intercropping options with coriander to increase income?,"For coriander, GAP aligns with food safety and export requirements. Maintain field maps, input logs, and harvest records. Use clean containers and cold chain where needed. Keep records of inputs and yields each season to refine your plan.","agriculture,alternaria blight,coriander,farming,gap,india,laterite"
Insurance,cumin,alternaria blight,Which government schemes can I use for cumin cultivation and marketing?,"For cumin, explore state-specific insurance top-ups and micro-insurance. Maintain communication with insurance agents. File claims promptly with required documents. Keep records of inputs and yields each season to refine your plan.","agriculture,alternaria blight,black,cumin,farming,india,insurance"
Fertilizer,rice,brown spot,When and how should I harvest rice to get maximum yield and quality?,"In rice, apply 80–120 kg N/ha, 40–60 kg P2O5/ha, 40 kg K2O/ha. Use basal NPK (15:15:15) at 150–200 kg/ha, then top-dress urea twice. Add ZnSO4 (20–25 kg/ha) once in 2–3 years. Include 5–10 t/ha FYM before sowing. In saline soils, prefer gypsum and avoid chloride fertilizers.","agriculture,brown spot,farming,fertilizer,india,laterite,rice"
Disease,wheat,powdery mildew,What are good intercropping options with wheat to increase income?,"In wheat, powdery mildew shows white powdery growth on leaves and stems. Prevent by using certified seeds, crop rotation, and balanced NPK. For fungal diseases, spray mancozeb 0.25% or carbendazim 0.1% at first sign. Improve drainage and avoid late evening irrigation. Remove infected debris.","agriculture,disease,farming,india,powdery mildew,sandy,wheat"
Pest,maize,downy mildew,How do I move towards regenerative agriculture in maize?,"In maize, control stem borer, fall armyworm, aphids, termites with cultural methods: timely sowing, intercropping, and crop rotation. Use biopesticides (Bt, NPV) where available. Spot-spray outbreaks and avoid prophylactic sprays. Keep records of inputs and yields each season to refine your plan.","agriculture,clay,downy mildew,farming,india,maize,pest"
Irrigation,cotton,alternaria leaf spot,How do I select and treat seeds for cotton to improve germination?,"In cotton, schedule irrigation based on soil type: sandy soils need frequent light irrigation; clay soils need fewer but deeper irrigations. Use tensiometer at 15–20 cm depth; irrigate at −20 to −30 kPa. Avoid drought at flowering to prevent yield loss.","agriculture,alternaria leaf spot,cotton,farming,india,irrigation,loamy"
Weather,sugarcane,ring spot,"What are the signs of Zn, B, or S deficiency in sugarcane and how do I correct them?","For sugarcane, high humidity favors fungal diseases. Increase plant spacing, avoid overhead irrigation, and use protective fungicides before monsoon peaks. Use weather-based advisories for spray timing. Keep records of inputs and yields each season to refine your plan.","agriculture,farming,india,loamy,ring spot,sugarcane,weather"
Soil,soybean,frogeye leaf spot,What is the best fertilizer dose and schedule for soybean in red soil?,"In soybean, soil testing every 2–3 years optimizes fertilizer use. Target OC >0.8%, available P >20 kg/ha, available K >200 kg/ha. Use micronutrients (Zn, B, S) based on deficiency symptoms and soil tests. Keep records of inputs and yields each season to refine your plan.","agriculture,farming,frogeye leaf spot,india,red,soil,soybean"
Government Scheme,tomato,powdery mildew,What is the best fertilizer dose and schedule for tomato in red soil?,"In tomato, state schemes may offer seed subsidies, drip irrigation support, and power concessions. Keep Aadhaar, land records, and bank details updated for scheme benefits. Use KCC for working capital and input purchases. Keep records of inputs and yields each season to refine your plan.","agriculture,farming,government_scheme,india,powdery mildew,red,tomato"
Harvesting,potato,late blight,How do I select and treat seeds for potato to improve germination?,"In potato, timely harvest improves market price. Use mechanical threshers where possible. Dry to safe moisture, clean, and store in hermetic bags or silos to prevent pests and mold. Keep records of inputs and yields each season to refine your plan.","agriculture,clay,farming,harvesting,india,late blight,potato"
Marketing,onion,neck rot,How should I plan crop rotation with onion to improve soil health?,"For onion, MSP announcements and procurement vary by state. Register on e-NAM for better market access. FPO membership can improve bargaining power. Explore agri-infrastructure funds for storage and processing. Keep records of inputs and yields each season to refine your plan.","agriculture,clay,farming,india,marketing,neck rot,onion"
Organic Farming,chilli,bacterial leaf spot,How do I store chilli grains safely to avoid pests and mold?,"In chilli, adopt crop rotation with legumes, green manures (dhaincha, sunhemp), and mulching. Maintain field sanitation and use resistant varieties. Certification via NPOP/PGS-India adds market value. Keep records of inputs and yields each season to refine your plan.","agriculture,bacterial leaf spot,black,chilli,farming,india,organic_farming"
Yield Improvement,brinjal,little leaf virus,What GAP should I follow for brinjal to meet market and export standards?,"To improve yield in brinjal, use certified seeds, optimal plant population, and balanced NPK. Manage pests/diseases proactively and avoid water stress at flowering. Harvest at correct maturity and dry properly. Keep records of inputs and yields each season to refine your plan.","agriculture,brinjal,farming,india,little leaf virus,loamy,yield_improvement"
Seed Selection,cabbage,downy mildew,How do I implement IPM in cabbage step by step?,"In cabbage, seed rate varies by method: line sowing needs less seed than broadcasting. Calibrate seed drills for uniform spacing. Avoid old or damaged seeds. Keep records of inputs and yields each season to refine your plan.","agriculture,cabbage,downy mildew,farming,india,loamy,seed_selection"
Storage,cauliflower,downy mildew,How do I store cauliflower grains safely to avoid pests and mold?,"In cauliflower, fumigation should be done by trained personnel. Seal stores properly, use recommended doses, and observe aeration periods before sale or consumption. Keep records of inputs and yields each season to refine your plan.","agriculture,cauliflower,downy mildew,farming,india,red,storage"
Post-Harvest,okra,bacterial leaf spot,What GAP should I follow for okra to meet market and export standards?,"In okra, high moisture leads to mold and mycotoxins. Dry to safe levels, use moisture-proof liners, and keep bags off the floor on pallets. Inspect regularly for pests and dampness. Keep records of inputs and yields each season to refine your plan.","agriculture,bacterial leaf spot,clay,farming,india,okra,post-harvest"
Mechanization,groundnut,collar rot,How do I move towards regenerative agriculture in groundnut?,"For groundnut, combine harvesters reduce field losses but require proper adjustment. Use moisture meters to decide harvest time. Store machinery under cover to extend life. Keep records of inputs and yields each season to refine your plan.","agriculture,black,collar rot,farming,groundnut,india,mechanization"
Intercropping,mustard,powdery mildew,"How can I control aphids, painted bug, leaf miner in mustard using IPM and reduce chemical sprays?","In mustard, intercropping with aromatic or medicinal plants can add income. Ensure market linkages and proper spacing. Manage water and nutrients for both crops. Keep records of inputs and yields each season to refine your plan.","agriculture,farming,india,intercropping,loamy,mustard,powdery mildew"
Crop Rotation,sunflower,rust,How do I select and treat seeds for sunflower to improve germination?,"In sunflower, plan rotations around water availability. Use drought-tolerant crops in dry years and high-value crops in wet years. Maintain soil cover year-round. Keep records of inputs and yields each season to refine your plan.","agriculture,clay,crop_rotation,farming,india,rust,sunflower"
Water Conservation,bajra,rust,How do I select and treat seeds for bajra to improve germination?,"Conserve water in bajra with mulching, zero-till, and micro-irrigation. Schedule irrigation based on soil moisture. Avoid flood irrigation in sandy soils. Keep records of inputs and yields each season to refine your plan.","agriculture,bajra,farming,india,red,rust,water_conservation"
Micronutrients,jowar,grain mold,How do I store jowar grains safely to avoid pests and mold?,Mn deficiency in jowar causes grey speck and reduced growth. Use MnSO4 foliar (0.2–0.3%) at tillering/vegetative stage. Maintain balanced NPK to improve micronutrient efficiency. Keep records of inputs and yields each season to refine your plan.,"agriculture,black,farming,grain mold,india,jowar,micronutrients"
NPK Management,ragi,helminthosporium leaf spot,Which machines or implements are useful for ragi to save labor and time?,"In ragi, high K improves water use efficiency and disease resistance. Apply K in splits; avoid late heavy K. Use SOP or MOP based on crop and soil Cl tolerance. Keep records of inputs and yields each season to refine your plan.","agriculture,black,farming,helminthosporium leaf spot,india,npk_management,ragi"
IPM,gram,wilt,What water conservation practices work best for gram in my area?,"In gram, cultural practices (timely sowing, intercropping, crop rotation) reduce pest pressure. Preserve natural enemies by avoiding broad-spectrum sprays. Use spot treatments for outbreaks. Keep records of inputs and yields each season to refine your plan.","agriculture,alluvial,farming,gram,india,ipm,wilt"
Weed Management,pigeon pea,sterility mosaic,How do I move towards regenerative agriculture in pigeon pea?,"For pigeon pea, timely weeding (first 30 days) is critical. Use mechanical weeding or recommended herbicides. Avoid late weeding that damages roots. Maintain crop geometry for canopy closure. Keep records of inputs and yields each season to refine your plan.","agriculture,alluvial,farming,india,pigeon pea,sterility mosaic,weed_management"
Protected Cultivation,green gram,anthracnose,What is the best fertilizer dose and schedule for green gram in black soil?,"For green gram, greenhouses enable year-round production. Use insect-proof nets, drip irrigation, and balanced fertigation. Train labor on climate management and IPM. Keep records of inputs and yields each season to refine your plan.","agriculture,anthracnose,black,farming,green gram,india,protected_cultivation"
Greenhouse,black gram,bacterial leaf spot,"How can I control pod borer, aphids, whitefly, thrips in black gram using IPM and reduce chemical sprays?","Protected cultivation (shade nets, low tunnels) in black gram reduces pest and weather damage. Use drip fertigation and mulch. Monitor temperature and humidity to prevent diseases. Keep records of inputs and yields each season to refine your plan.","agriculture,bacterial leaf spot,black gram,farming,greenhouse,india,sandy"
Hydroponics,banana,banana bunchy top virus,What is a good NPK plan for banana to avoid lodging and disease?,"Protected cultivation (shade nets, low tunnels) in banana reduces pest and weather damage. Use drip fertigation and mulch. Monitor temperature and humidity to prevent diseases. Keep records of inputs and yields each season to refine your plan.","agriculture,banana,banana bunchy top virus,clay,farming,hydroponics,india"
Carbon Farming,mango,bacterial canker,What carbon farming practices can I adopt in mango fields?,"For mango, integrate livestock and manure management to recycle nutrients and carbon. Use compost and biochar where feasible. Monitor soil health indicators. Keep records of inputs and yields each season to refine your plan.","agriculture,bacterial canker,carbon_farming,farming,india,mango,sandy"
GAP,grapes,anthracnose,What weather conditions harm grapes and how do I protect my crop?,"For grapes, GAP aligns with food safety and export requirements. Maintain field maps, input logs, and harvest records. Use clean containers and cold chain where needed. Keep records of inputs and yields each season to refine your plan.","agriculture,anthracnose,farming,gap,grapes,india,red"
Insurance,pomegranate,fruit rot,"What are the signs of Zn, B, or S deficiency in pomegranate and how do I correct them?","For pomegranate, insurance complements good agronomy. Keep plot-wise records and photos of damage. Understand exclusions and claim processes. Pay premiums on time. Keep records of inputs and yields each season to refine your plan.","agriculture,farming,fruit rot,india,insurance,pomegranate,sandy"
Fertilizer,citrus,leaf miner damage,What water conservation practices work best for citrus in my area?,"In citrus, balanced NPK (e.g., 100:50:50) improves yield and resilience. Apply full P and K at sowing; split N in 2–3 doses. Foliar 19:19:19 (2–3 g/L) at flowering boosts fruit set. Add 4–5 t/ha compost + 20 kg/ha ZnSO4 in Zn-deficient black soils. Avoid late heavy N to reduce lodging and pest risk.","agriculture,citrus,farming,fertilizer,india,leaf miner damage,sandy"
Disease,turmeric,leaf blotch,How should I plan crop rotation with turmeric to improve soil health?,"Control leaf blotch in turmeric with integrated measures: resistant varieties, seed treatment (thiram/carbendazim 2 g/kg), and timely sprays. Avoid excessive nitrogen which increases susceptibility. Use biocontrol (Trichoderma 4–5 g/kg seed) for soil-borne diseases. Keep records of inputs and yields each season to refine your plan.","agriculture,disease,farming,india,leaf blotch,sandy,turmeric"
Pest,ginger,leaf spot,What GAP should I follow for ginger to meet market and export standards?,"In ginger, control rhizome scale, thrips, shoot borer with cultural methods: timely sowing, intercropping, and crop rotation. Use biopesticides (Bt, NPV) where available. Spot-spray outbreaks and avoid prophylactic sprays. Keep records of inputs and yields each season to refine your plan.","agriculture,alluvial,farming,ginger,india,leaf spot,pest"
Irrigation,garlic,downy mildew,What GAP should I follow for garlic to meet market and export standards?,"For garlic, maintain soil moisture at 50–60% field capacity. Use drip or furrow irrigation to save 20–30% water. Avoid waterlogging; ensure drainage in heavy soils. Critical stages: sowing, flowering, and pod/fruit set. In summer, irrigate every 5–7 days; in winter, every 8–10 days.","agriculture,downy mildew,farming,garlic,india,irrigation,red"
Weather,coriander,downy mildew,How does crop insurance work for coriander and how do I claim?,"In coriander, unexpected hail can damage canopy. Ensure good K nutrition for resilience. After hail, apply broad-spectrum fungicide to prevent secondary infections and maintain drainage. Keep records of inputs and yields each season to refine your plan.","agriculture,coriander,downy mildew,farming,india,laterite,weather"
Soil,cumin,alternaria blight,What water conservation practices work best for cumin in my area?,"In cumin, soil testing every 2–3 years optimizes fertilizer use. Target OC >0.8%, available P >20 kg/ha, available K >200 kg/ha. Use micronutrients (Zn, B, S) based on deficiency symptoms and soil tests. Keep records of inputs and yields each season to refine your plan.","agriculture,alternaria blight,cumin,farming,india,red,soil"
Government Scheme,rice,sheath blight,How do I set up protected cultivation or greenhouse for rice?,"In rice, agri-business ideas can access credit via NABARD and agri-clinics schemes. Explore FPO formation, common facility centers, and market linkage programs. Check state horticulture missions for post-harvest support. Keep records of inputs and yields each season to refine your plan.","agriculture,farming,government_scheme,india,red,rice,sheath blight"
Harvesting,wheat,rust,"How can I control aphids, armyworm, termites, grasshoppers in wheat using IPM and reduce chemical sprays?","In wheat, early harvest reduces field losses and aflatoxin risk. Dry on clean tarps; avoid direct soil contact. Use moisture meters to ensure safe storage levels. Store in fumigated, rodent-proof structures. Keep records of inputs and yields each season to refine your plan.","agriculture,farming,harvesting,india,laterite,rust,wheat"
Marketing,maize,stem borer damage,What is a good NPK plan for maize to avoid lodging and disease?,"In maize, state schemes may offer seed subsidies, drip irrigation support, and power concessions. Keep Aadhaar, land records, and bank details updated for scheme benefits. Use KCC for working capital and input purchases. Keep records of inputs and yields each season to refine your plan.","agriculture,farming,india,maize,marketing,red,stem borer damage"
Organic Farming,cotton,leaf curl virus,Which irrigation method saves the most water for cotton without reducing yield?,"For organic cotton, use Jeevamrut, Panchagavya, and Amritpani as foliar sprays. Manage weeds mechanically and through mulching. Build soil health with diverse rotations and cover crops. Keep records of inputs and yields each season to refine your plan.","agriculture,cotton,farming,india,leaf curl virus,organic_farming,sandy"
Yield Improvement,sugarcane,leaf scald,Which government schemes can I use for sugarcane cultivation and marketing?,"For sugarcane, target 10–15% higher yield by adopting improved varieties, micro-irrigation, and INM. Ensure timely sowing, proper spacing, and timely weeding. Use foliar nutrients at critical stages. Keep records of inputs and yields each season to refine your plan.","agriculture,black,farming,india,leaf scald,sugarcane,yield_improvement"
Seed Selection,soybean,bacterial pustule,Which irrigation method saves the most water for soybean without reducing yield?,"In soybean, seed rate varies by method: line sowing needs less seed than broadcasting. Calibrate seed drills for uniform spacing. Avoid old or damaged seeds. Keep records of inputs and yields each season to refine your plan.","agriculture,bacterial pustule,farming,india,sandy,seed_selection,soybean"
Storage,tomato,bacterial wilt,"What soil type and pH are ideal for tomato, and how do I improve my soil?","Store tomato grains at 12–14% moisture in clean, dry, rodent-proof structures. Treat storage area with malathion dust. Use hermetic bags or PICS bags for pulses. Fumigate with aluminum phosphide if needed, following safety protocols. Keep records of inputs and yields each season to refine your plan.","agriculture,bacterial wilt,clay,farming,india,storage,tomato"
Post-Harvest,potato,late blight,How can I increase yield in potato with better agronomy and protection?,"For potato, maintain ventilation in stores. Use insect-proof screens. In humid areas, prefer hermetic storage. Avoid storing near chemicals or fertilizers to prevent contamination. Keep records of inputs and yields each season to refine your plan.","agriculture,farming,india,late blight,laterite,post-harvest,potato"
Mechanization,onion,downy mildew,How do I select and treat seeds for onion to improve germination?,"In onion, drip fertigation systems improve input efficiency. Use filters and pressure regulators; flush lines regularly. Schedule irrigation based on soil moisture and crop stage. Keep records of inputs and yields each season to refine your plan.","agriculture,downy mildew,farming,india,laterite,mechanization,onion"
Intercropping,chilli,leaf curl virus,How do I implement IPM in chilli step by step?,"Intercropping chilli with legumes improves soil N and reduces pest pressure. Use compatible row ratios (e.g., 2:1 or 4:2). Manage nutrients and irrigation for both crops. Keep records of inputs and yields each season to refine your plan.","agriculture,chilli,farming,india,intercropping,leaf curl virus,loamy"
Crop Rotation,brinjal,alternaria leaf spot,How should I plan crop rotation with brinjal to improve soil health?,"For brinjal, avoid continuous monoculture. Rotate with cereals/legumes to balance nutrients. Use residue incorporation and cover crops to build organic matter. Keep records of inputs and yields each season to refine your plan.","agriculture,alternaria leaf spot,brinjal,clay,crop_rotation,farming,india"
Water Conservation,cabbage,downy mildew,Which irrigation method saves the most water for cabbage without reducing yield?,"Conserve water in cabbage with mulching, zero-till, and micro-irrigation. Schedule irrigation based on soil moisture. Avoid flood irrigation in sandy soils. Keep records of inputs and yields each season to refine your plan.","agriculture,cabbage,downy mildew,farming,india,laterite,water_conservation"
Micronutrients,cauliflower,alternaria leaf spot,"What are the signs of Zn, B, or S deficiency in cauliflower and how do I correct them?","S deficiency in cauliflower leads to pale young leaves. Use SSP or gypsum to supply S (20–40 kg/ha). In high-rainfall areas, split S applications to reduce leaching. Keep records of inputs and yields each season to refine your plan.","agriculture,alternaria leaf spot,black,cauliflower,farming,india,micronutrients"
NPK Management,okra,yellow vein mosaic,"What are the signs of Zn, B, or S deficiency in okra and how do I correct them?","In okra, excessive N without K increases lodging and disease. Maintain K at 50–60 kg/ha for stalk strength. Use 19:19:19 foliar at flowering for fruit set. Add FYM 5–10 t/ha for long-term soil health. Keep records of inputs and yields each season to refine your plan.","agriculture,black,farming,india,npk_management,okra,yellow vein mosaic"
IPM,groundnut,bud necrosis virus,What GAP should I follow for groundnut to meet market and export standards?,"For groundnut, IPM starts with monitoring: pheromone traps, field scouting, and ETL-based sprays. Use biocontrol (Trichogramma, NPV) and botanicals (neem) early. Rotate insecticide groups to delay resistance. Keep records of inputs and yields each season to refine your plan.","agriculture,bud necrosis virus,farming,groundnut,india,ipm,red"
Weed Management,mustard,powdery mildew,"What are the signs of Zn, B, or S deficiency in mustard and how do I correct them?","In mustard, avoid waterlogging which favors weeds. Use narrow row spacing and early canopy closure to suppress weeds. Scout fields regularly and remove weeds before seed set. Keep records of inputs and yields each season to refine your plan.","agriculture,black,farming,india,mustard,powdery mildew,weed_management"
Protected Cultivation,sunflower,sclerotinia head rot,How do I move towards regenerative agriculture in sunflower?,"Protected cultivation (shade nets, low tunnels) in sunflower reduces pest and weather damage. Use drip fertigation and mulch. Monitor temperature and humidity to prevent diseases. Keep records of inputs and yields each season to refine your plan.","agriculture,farming,india,laterite,protected_cultivation,sclerotinia head rot,sunflower"
Greenhouse,bajra,blast,What weather conditions harm bajra and how do I protect my crop?,"In bajra, protected cultivation reduces pesticide use. Combine with biological controls and hygiene. Plan crop cycles to match market demand. Keep records of inputs and yields each season to refine your plan.","agriculture,bajra,blast,farming,greenhouse,india,sandy"
Hydroponics,jowar,leaf blight,How do I manage leaf blight in jowar? What are the symptoms and spray schedule?,"Protected cultivation (shade nets, low tunnels) in jowar reduces pest and weather damage. Use drip fertigation and mulch. Monitor temperature and humidity to prevent diseases. Keep records of inputs and yields each season to refine your plan.","agriculture,farming,hydroponics,india,jowar,leaf blight,red"
Carbon Farming,ragi,smut,When and how should I harvest ragi to get maximum yield and quality?,"For ragi, integrate livestock and manure management to recycle nutrients and carbon. Use compost and biochar where feasible. Monitor soil health indicators. Keep records of inputs and yields each season to refine your plan.","agriculture,carbon_farming,farming,india,ragi,red,smut"
Regenerative Agriculture,gram,alternaria blight,What GAP should I follow for gram to meet market and export standards?,"In gram, combine traditional knowledge with modern science for regenerative outcomes. Use participatory trials and share results with neighbors. Seek technical support from agriculture departments. Keep records of inputs and yields each season to refine your plan.","agriculture,alternaria blight,farming,gram,india,regenerative_agriculture,sandy"
GAP,pigeon pea,phytophthora blight,How do I practice organic farming in pigeon pea without losing yield?,"In pigeon pea, GAP improves product quality and reduces residues. Implement standard operating procedures for spraying, harvesting, and packing. Seek certification where markets demand it. Keep records of inputs and yields each season to refine your plan.","agriculture,farming,gap,india,phytophthora blight,pigeon pea,sandy"
Insurance,green gram,yellow mosaic virus,How do I manage yellow mosaic virus in green gram? What are the symptoms and spray schedule?,"For green gram, explore state-specific insurance top-ups and micro-insurance. Maintain communication with insurance agents. File claims promptly with required documents. Keep records of inputs and yields each season to refine your plan.","agriculture,black,farming,green gram,india,insurance,yellow mosaic virus"
Fertilizer,black gram,bacterial leaf spot,How do I select and treat seeds for black gram to improve germination?,"Use 60–100 kg N/ha for black gram depending on rainfall and soil. Apply basal NPK (12:32:16 or 15:15:15) at 150–200 kg/ha at sowing, then top-dress urea in 2–3 splits. Include 20–25 kg/ha ZnSO4 where soils are alkaline. For irrigated conditions, split N at vegetative, flowering, and pod/fruit setting. In rainfed areas, use slow-release N and mulch to reduce losses.","agriculture,bacterial leaf spot,black gram,farming,fertilizer,india,loamy"
Disease,banana,panama wilt,What is the best fertilizer dose and schedule for banana in alluvial soil?,"In banana, panama wilt spreads in warm, humid conditions. Use protective sprays (mancozeb 0.25%) before monsoon peaks. Combine with resistant varieties and avoid overhead irrigation. Rotate with non-host crops to break disease cycles. Keep records of inputs and yields each season to refine your plan.","agriculture,alluvial,banana,disease,farming,india,panama wilt"
Pest,mango,anthracnose,What carbon farming practices can I adopt in mango fields?,"For mango, integrate mechanical (handpicking), biological (Trichogramma), and chemical controls. Avoid tank mixes that harm beneficials. Follow label doses and pre-harvest intervals. Keep records of inputs and yields each season to refine your plan.","agriculture,alluvial,anthracnose,farming,india,mango,pest"
Irrigation,papaya,stem canker,"What soil type and pH are ideal for papaya, and how do I improve my soil?","For papaya, maintain soil moisture at 50–60% field capacity. Use drip or furrow irrigation to save 20–30% water. Avoid waterlogging; ensure drainage in heavy soils. Critical stages: sowing, flowering, and pod/fruit set. In summer, irrigate every 5–7 days; in winter, every 8–10 days.","agriculture,farming,india,irrigation,papaya,red,stem canker"
Weather,grapes,powdery mildew,How do I set up protected cultivation or greenhouse for grapes?,"In drought-prone areas, select short-duration grapes varieties. Use mulching, zero-till, and deficit irrigation. Apply 2% KNO3 foliar to mitigate heat stress. Avoid late sowing in rainfed zones. Keep records of inputs and yields each season to refine your plan.","agriculture,farming,grapes,india,powdery mildew,red,weather"
Soil,pomegranate,bacterial blight,"What soil type and pH are ideal for pomegranate, and how do I improve my soil?","In pomegranate, soil testing every 2–3 years optimizes fertilizer use. Target OC >0.8%, available P >20 kg/ha, available K >200 kg/ha. Use micronutrients (Zn, B, S) based on deficiency symptoms and soil tests. Keep records of inputs and yields each season to refine your plan.","agriculture,bacterial blight,farming,india,laterite,pomegranate,soil"
Government Scheme,citrus,anthracnose,How do I select and treat seeds for citrus to improve germination?,"In citrus, state schemes may offer seed subsidies, drip irrigation support, and power concessions. Keep Aadhaar, land records, and bank details updated for scheme benefits. Use KCC for working capital and input purchases. Keep records of inputs and yields each season to refine your plan.","agriculture,anthracnose,citrus,farming,government_scheme,india,laterite"
Harvesting,turmeric,rhizome rot,What are good intercropping options with turmeric to increase income?,"For turmeric, harvest at correct stage to maintain quality. Handle gently to avoid bruising. Sort and grade immediately; pack in clean, dry containers. Avoid evening harvest in high humidity to reduce disease. Keep records of inputs and yields each season to refine your plan.","agriculture,farming,harvesting,india,rhizome rot,sandy,turmeric"
Marketing,ginger,bacterial wilt,How do I implement IPM in ginger step by step?,"In ginger, state schemes may offer seed subsidies, drip irrigation support, and power concessions. Keep Aadhaar, land records, and bank details updated for scheme benefits. Use KCC for working capital and input purchases. Keep records of inputs and yields each season to refine your plan.","agriculture,alluvial,bacterial wilt,farming,ginger,india,marketing"
Organic Farming,garlic,downy mildew,How do I manage downy mildew in garlic? What are the symptoms and spray schedule?,"For organic garlic, use Jeevamrut, Panchagavya, and Amritpani as foliar sprays. Manage weeds mechanically and through mulching. Build soil health with diverse rotations and cover crops. Keep records of inputs and yields each season to refine your plan.","agriculture,downy mildew,farming,garlic,india,laterite,organic_farming"
Yield Improvement,coriander,alternaria blight,Which government schemes can I use for coriander cultivation and marketing?,"For coriander, target 10–15% higher yield by adopting improved varieties, micro-irrigation, and INM. Ensure timely sowing, proper spacing, and timely weeding. Use foliar nutrients at critical stages. Keep records of inputs and yields each season to refine your plan.","agriculture,alternaria blight,coriander,farming,india,laterite,yield_improvement"
Seed Selection,cumin,downy mildew,How do I manage downy mildew in cumin? What are the symptoms and spray schedule?,"For cumin, select seeds from healthy plants, free from disease. Maintain seed purity and avoid mixing varieties. Use seed replacement every 2–3 years for best results. Keep records of inputs and yields each season to refine your plan.","agriculture,cumin,downy mildew,farming,india,loamy,seed_selection"
Storage,rice,blast,What carbon farming practices can I adopt in rice fields?,"In rice, high moisture leads to mold and mycotoxins. Dry to safe levels, use moisture-proof liners, and keep bags off the floor on pallets. Inspect regularly for pests and dampness. Keep records of inputs and yields each season to refine your plan.","agriculture,black,blast,farming,india,rice,storage"
Post-Harvest,wheat,alternaria leaf blight,How does crop insurance work for wheat and how do I claim?,"In wheat, fumigation should be done by trained personnel. Seal stores properly, use recommended doses, and observe aeration periods before sale or consumption. Keep records of inputs and yields each season to refine your plan.","agriculture,alternaria leaf blight,farming,india,laterite,post-harvest,wheat"
Mechanization,maize,turcicum leaf blight,How do I manage turcicum leaf blight in maize? What are the symptoms and spray schedule?,"In maize, drip fertigation systems improve input efficiency. Use filters and pressure regulators; flush lines regularly. Schedule irrigation based on soil moisture and crop stage. Keep records of inputs and yields each season to refine your plan.","agriculture,farming,india,loamy,maize,mechanization,turcicum leaf blight"
Intercropping,cotton,bacterial blight,What are good intercropping options with cotton to increase income?,"For cotton, relay cropping or sequential cropping maximizes land use. Maintain soil fertility with FYM and biofertilizers. Use crop-specific herbicides carefully. Keep records of inputs and yields each season to refine your plan.","agriculture,bacterial blight,cotton,farming,india,intercropping,laterite"
Crop Rotation,sugarcane,ring spot,How do I select and treat seeds for sugarcane to improve germination?,"In sugarcane, rotation reduces soil-borne diseases and weeds. Select crops with different nutrient demands. Maintain field records to plan rotations effectively. Keep records of inputs and yields each season to refine your plan.","agriculture,crop_rotation,farming,india,red,ring spot,sugarcane"
Micronutrients,tomato,powdery mildew,Which machines or implements are useful for tomato to save labor and time?,Mn deficiency in tomato causes grey speck and reduced growth. Use MnSO4 foliar (0.2–0.3%) at tillering/vegetative stage. Maintain balanced NPK to improve micronutrient efficiency. Keep records of inputs and yields each season to refine your plan.,"agriculture,farming,india,loamy,micronutrients,powdery mildew,tomato"
NPK Management,potato,scab,"What soil type and pH are ideal for potato, and how do I improve my soil?","In potato, high K improves water use efficiency and disease resistance. Apply K in splits; avoid late heavy K. Use SOP or MOP based on crop and soil Cl tolerance. Keep records of inputs and yields each season to refine your plan.","agriculture,farming,india,npk_management,potato,red,scab"
IPM,onion,downy mildew,When and how should I harvest onion to get maximum yield and quality?,"In onion, cultural practices (timely sowing, intercropping, crop rotation) reduce pest pressure. Preserve natural enemies by avoiding broad-spectrum sprays. Use spot treatments for outbreaks. Keep records of inputs and yields each season to refine your plan.","agriculture,downy mildew,farming,india,ipm,onion,red"
Weed Management,chilli,bacterial leaf spot,What are effective weed control methods for chilli that are safe and cheap?,"Weeds in chilli compete for light, water, and nutrients. Use pre-emergence herbicides (pendimethalin 1.0–1.5 kg/ha) followed by one hand weeding at 25–30 DAS. Mulching and intercropping also suppress weeds. Keep records of inputs and yields each season to refine your plan.","agriculture,bacterial leaf spot,black,chilli,farming,india,weed_management"
Protected Cultivation,brinjal,alternaria leaf spot,How do I set up protected cultivation or greenhouse for brinjal?,"For brinjal, greenhouses enable year-round production. Use insect-proof nets, drip irrigation, and balanced fertigation. Train labor on climate management and IPM. Keep records of inputs and yields each season to refine your plan.","agriculture,alternaria leaf spot,brinjal,farming,india,protected_cultivation,red"
Greenhouse,cabbage,powdery mildew,"What are the signs of Zn, B, or S deficiency in cabbage and how do I correct them?","Protected cultivation (shade nets, low tunnels) in cabbage reduces pest and weather damage. Use drip fertigation and mulch. Monitor temperature and humidity to prevent diseases. Keep records of inputs and yields each season to refine your plan.","agriculture,alluvial,cabbage,farming,greenhouse,india,powdery mildew"
Hydroponics,cauliflower,black rot,What are good intercropping options with cauliflower to increase income?,"For cauliflower, polyhouses improve yield and quality. Install fans and foggers for climate control. Use reflective mulch and trellising for better light distribution. Keep records of inputs and yields each season to refine your plan.","agriculture,black rot,cauliflower,farming,hydroponics,india,laterite"
Carbon Farming,okra,root-knot nematode,Which government schemes can I use for okra cultivation and marketing?,"In okra, precision fertilizer use reduces N2O emissions. Use urease inhibitors and split N applications. Combine with renewable energy for irrigation. Keep records of inputs and yields each season to refine your plan.","agriculture,alluvial,carbon_farming,farming,india,okra,root-knot nematode"
Regenerative Agriculture,groundnut,bud necrosis virus,What is the best fertilizer dose and schedule for groundnut in clay soil?,"In groundnut, combine traditional knowledge with modern science for regenerative outcomes. Use participatory trials and share results with neighbors. Seek technical support from agriculture departments. Keep records of inputs and yields each season to refine your plan.","agriculture,bud necrosis virus,clay,farming,groundnut,india,regenerative_agriculture"
GAP,mustard,powdery mildew,What are effective weed control methods for mustard that are safe and cheap?,"Good Agricultural Practices (GAP) in mustard include record-keeping, safe pesticide use, and traceability. Follow pre-harvest intervals and maintain field hygiene. Adopt GAP for market access and premiums. Keep records of inputs and yields each season to refine your plan.","agriculture,farming,gap,india,loamy,mustard,powdery mildew"
Insurance,sunflower,head rot,"How can I control aphids, capitulum borer, leaf miner in sunflower using IPM and reduce chemical sprays?","In sunflower, combine insurance with savings and credit for resilience. Diversify crops and income sources. Seek advisory on risk reduction and insurance options. Keep records of inputs and yields each season to refine your plan.","agriculture,farming,head rot,india,insurance,red,sunflower"
Fertilizer,bajra,leaf spot,How does crop insurance work for bajra and how do I claim?,"For bajra, start with a soil test. In most alluvial/loamy soils, apply 80–120 kg N/ha, 40–60 kg P2O5/ha, and 40–60 kg K2O/ha in splits. At sowing, place full P and K plus 1/3 N near the seed. Top-dress remaining N at tillering/vegetative stage and again at flowering. Add 5–10 t/ha FYM or compost before sowing. Use ZnSO4 (20–25 kg/ha) if deficient. Avoid excessive urea to prevent lodging and disease.","agriculture,bajra,farming,fertilizer,india,leaf spot,loamy"
Disease,jowar,grain mold,How does crop insurance work for jowar and how do I claim?,"In jowar, grain mold shows discoloration and moldy growth on grains. Prevent by using certified seeds, crop rotation, and balanced NPK. For fungal diseases, spray mancozeb 0.25% or carbendazim 0.1% at first sign. Improve drainage and avoid late evening irrigation. Remove infected debris.","agriculture,disease,farming,grain mold,india,jowar,loamy"
Pest,ragi,smut,What are good intercropping options with ragi to increase income?,"In ragi, control stem borer, aphids, leaf miner with cultural methods: timely sowing, intercropping, and crop rotation. Use biopesticides (Bt, NPV) where available. Spot-spray outbreaks and avoid prophylactic sprays. Keep records of inputs and yields each season to refine your plan.","agriculture,clay,farming,india,pest,ragi,smut"
Irrigation,gram,botrytis grey mold,How do I implement IPM in gram step by step?,"For gram, maintain even moisture. Deficit at flowering reduces yield by 20–30%. Use alternate furrow irrigation or drip to improve water use efficiency. In water-scarce areas, adopt zero-till and mulching to conserve moisture. Keep records of inputs and yields each season to refine your plan.","agriculture,alluvial,botrytis grey mold,farming,gram,india,irrigation"
Weather,pigeon pea,pod borer damage,How do I select and treat seeds for pigeon pea to improve germination?,"In pigeon pea, avoid sowing during heatwaves (>38°C). Use early-morning irrigation and mulch to reduce heat stress. For cold waves, ensure adequate soil moisture and avoid late nitrogen. Watch IMD advisories for rainfall and temperature. Keep records of inputs and yields each season to refine your plan.","agriculture,farming,india,loamy,pigeon pea,pod borer damage,weather"
Soil,green gram,yellow mosaic virus,How do I implement IPM in green gram step by step?,"For green gram, aim for soil pH 6.5–7.5. In acidic soils, apply lime (2–5 t/ha) 2–3 months before sowing. In alkaline soils, use gypsum (2–5 t/ha) and sulfur amendments. Build organic carbon (>0.75%) with FYM/compost and green manures. Keep records of inputs and yields each season to refine your plan.","agriculture,alluvial,farming,green gram,india,soil,yellow mosaic virus"
Government Scheme,black gram,bacterial leaf spot,What carbon farming practices can I adopt in black gram fields?,"For black gram, PMFBY provides yield-based insurance at low premium. Enroll through banks or CSC before sowing. Maintain plot-wise records and cooperate during crop cutting experiments for claim settlement. Keep records of inputs and yields each season to refine your plan.","agriculture,bacterial leaf spot,black gram,farming,government_scheme,india,loamy"
Harvesting,banana,panama wilt,"What are the signs of Zn, B, or S deficiency in banana and how do I correct them?","For banana, harvest in dry weather. Use sharp sickles or mechanical harvesters to minimize losses. Dry produce to safe moisture (grains 12–14%, pulses 10–12%) before storage. Clean and grade before marketing. Keep records of inputs and yields each season to refine your plan.","agriculture,banana,farming,harvesting,india,laterite,panama wilt"
Marketing,mango,anthracnose,How do I select and treat seeds for mango to improve germination?,"In mango, state schemes may offer seed subsidies, drip irrigation support, and power concessions. Keep Aadhaar, land records, and bank details updated for scheme benefits. Use KCC for working capital and input purchases. Keep records of inputs and yields each season to refine your plan.","agriculture,anthracnose,farming,india,mango,marketing,sandy"
Organic Farming,papaya,anthracnose,"What are the signs of Zn, B, or S deficiency in papaya and how do I correct them?","For organic papaya, use Jeevamrut, Panchagavya, and Amritpani as foliar sprays. Manage weeds mechanically and through mulching. Build soil health with diverse rotations and cover crops. Keep records of inputs and yields each season to refine your plan.","agriculture,anthracnose,black,farming,india,organic_farming,papaya"
Yield Improvement,grapes,anthracnose,How do I select and treat seeds for grapes to improve germination?,"To improve yield in grapes, use certified seeds, optimal plant population, and balanced NPK. Manage pests/diseases proactively and avoid water stress at flowering. Harvest at correct maturity and dry properly. Keep records of inputs and yields each season to refine your plan.","agriculture,alluvial,anthracnose,farming,grapes,india,yield_improvement"
Seed Selection,pomegranate,anthracnose,How do I practice organic farming in pomegranate without losing yield?,"For pomegranate, seed treatment reduces seed-borne diseases. Use hot water treatment or solarization for some crops. Label bags with variety, lot, and date. Keep records of inputs and yields each season to refine your plan.","agriculture,anthracnose,farming,india,pomegranate,red,seed_selection"
Storage,citrus,powdery mildew,What GAP should I follow for citrus to meet market and export standards?,"For citrus, maintain ventilation in stores. Use insect-proof screens. In humid areas, prefer hermetic storage. Avoid storing near chemicals or fertilizers to prevent contamination. Keep records of inputs and yields each season to refine your plan.","agriculture,alluvial,citrus,farming,india,powdery mildew,storage"
Post-Harvest,turmeric,thrips damage,Which irrigation method saves the most water for turmeric without reducing yield?,"For turmeric, ensure produce is dry and clean before storage. Avoid mixing old and new stock. Use neem leaves or botanicals in small stores. Monitor temperature and humidity; aerate if needed. Keep records of inputs and yields each season to refine your plan.","agriculture,farming,india,post-harvest,sandy,thrips damage,turmeric"
Mechanization,ginger,leaf spot,What are effective weed control methods for ginger that are safe and cheap?,"In ginger, drip fertigation systems improve input efficiency. Use filters and pressure regulators; flush lines regularly. Schedule irrigation based on soil moisture and crop stage. Keep records of inputs and yields each season to refine your plan.","agriculture,farming,ginger,india,leaf spot,mechanization,red"
Intercropping,garlic,stemphylium blight,What is a good NPK plan for garlic to avoid lodging and disease?,"Intercropping garlic with legumes improves soil N and reduces pest pressure. Use compatible row ratios (e.g., 2:1 or 4:2). Manage nutrients and irrigation for both crops. Keep records of inputs and yields each season to refine your plan.","agriculture,clay,farming,garlic,india,intercropping,stemphylium blight"
Crop Rotation,coriander,downy mildew,What weather conditions harm coriander and how do I protect my crop?,"Rotate coriander with non-host crops (e.g., legumes) to break disease and pest cycles. Include green manures to improve soil health. Plan 2–3 year rotations based on soil and water availability. Keep records of inputs and yields each season to refine your plan.","agriculture,clay,coriander,crop_rotation,downy mildew,farming,india"
Water Conservation,cumin,downy mildew,Which machines or implements are useful for cumin to save labor and time?,"For cumin, line canals and use pipes to reduce conveyance losses. Adopt laser leveling for uniform water distribution. Train farmers on efficient irrigation practices. Keep records of inputs and yields each season to refine your plan.","agriculture,cumin,downy mildew,farming,india,sandy,water_conservation"
Micronutrients,rice,brown spot,Which machines or implements are useful for rice to save labor and time?,Mn deficiency in rice causes grey speck and reduced growth. Use MnSO4 foliar (0.2–0.3%) at tillering/vegetative stage. Maintain balanced NPK to improve micronutrient efficiency. Keep records of inputs and yields each season to refine your plan.,"agriculture,brown spot,clay,farming,india,micronutrients,rice"
NPK Management,wheat,rust,When and how should I harvest wheat to get maximum yield and quality?,"In wheat, excessive N without K increases lodging and disease. Maintain K at 50–60 kg/ha for stalk strength. Use 19:19:19 foliar at flowering for fruit set. Add FYM 5–10 t/ha for long-term soil health. Keep records of inputs and yields each season to refine your plan.","agriculture,farming,india,npk_management,red,rust,wheat"
IPM,maize,stem borer damage,How do I manage stem borer damage in maize? What are the symptoms and spray schedule?,"In maize, light traps and bird perches help manage nocturnal pests. Maintain field hygiene and remove weed hosts. Use need-based sprays only when ETL is crossed. Keep records of inputs and yields each season to refine your plan.","agriculture,farming,india,ipm,maize,red,stem borer damage"
Weed Management,cotton,boll rot,How do I move towards regenerative agriculture in cotton?,"For cotton, timely weeding (first 30 days) is critical. Use mechanical weeding or recommended herbicides. Avoid late weeding that damages roots. Maintain crop geometry for canopy closure. Keep records of inputs and yields each season to refine your plan.","agriculture,alluvial,boll rot,cotton,farming,india,weed_management"
Protected Cultivation,sugarcane,ratoon stunting disease,How can I increase yield in sugarcane with better agronomy and protection?,"In sugarcane, protected cultivation reduces pesticide use. Combine with biological controls and hygiene. Plan crop cycles to match market demand. Keep records of inputs and yields each season to refine your plan.","agriculture,alluvial,farming,india,protected_cultivation,ratoon stunting disease,sugarcane"
Greenhouse,soybean,rust,"What soil type and pH are ideal for soybean, and how do I improve my soil?","Protected cultivation (shade nets, low tunnels) in soybean reduces pest and weather damage. Use drip fertigation and mulch. Monitor temperature and humidity to prevent diseases. Keep records of inputs and yields each season to refine your plan.","agriculture,farming,greenhouse,india,rust,sandy,soybean"
Hydroponics,tomato,late blight,How do I select and treat seeds for tomato to improve germination?,"In tomato, protected cultivation reduces pesticide use. Combine with biological controls and hygiene. Plan crop cycles to match market demand. Keep records of inputs and yields each season to refine your plan.","agriculture,alluvial,farming,hydroponics,india,late blight,tomato"
Carbon Farming,potato,mosaic virus,How do I select and treat seeds for potato to improve germination?,"In potato, precision fertilizer use reduces N2O emissions. Use urease inhibitors and split N applications. Combine with renewable energy for irrigation. Keep records of inputs and yields each season to refine your plan.","agriculture,carbon_farming,farming,india,mosaic virus,potato,red"
Regenerative Agriculture,onion,stemphylium blight,What is a good NPK plan for onion to avoid lodging and disease?,"For onion, integrate trees, shrubs, and perennials to enhance resilience. Use organic amendments and biological pest control. Build local knowledge and community practices. Keep records of inputs and yields each season to refine your plan.","agriculture,alluvial,farming,india,onion,regenerative_agriculture,stemphylium blight"
GAP,chilli,leaf curl virus,How do I move towards regenerative agriculture in chilli?,"Good Agricultural Practices (GAP) in chilli include record-keeping, safe pesticide use, and traceability. Follow pre-harvest intervals and maintain field hygiene. Adopt GAP for market access and premiums. Keep records of inputs and yields each season to refine your plan.","agriculture,chilli,farming,gap,india,leaf curl virus,sandy"
Insurance,brinjal,little leaf virus,How do I implement IPM in brinjal step by step?,"Crop insurance (PMFBY) for brinjal covers yield losses due to weather, pests, and diseases. Enroll before sowing through banks or CSC. Cooperate during crop cutting experiments for claim settlement. Keep records of inputs and yields each season to refine your plan.","agriculture,black,brinjal,farming,india,insurance,little leaf virus"
Fertilizer,cabbage,downy mildew,How should I plan crop rotation with cabbage to improve soil health?,"Use 60–100 kg N/ha for cabbage depending on rainfall and soil. Apply basal NPK (12:32:16 or 15:15:15) at 150–200 kg/ha at sowing, then top-dress urea in 2–3 splits. Include 20–25 kg/ha ZnSO4 where soils are alkaline. For irrigated conditions, split N at vegetative, flowering, and pod/fruit setting. In rainfed areas, use slow-release N and mulch to reduce losses.","agriculture,cabbage,clay,downy mildew,farming,fertilizer,india"
Disease,cauliflower,downy mildew,How do I store cauliflower grains safely to avoid pests and mold?,"Control downy mildew in cauliflower with integrated measures: resistant varieties, seed treatment (thiram/carbendazim 2 g/kg), and timely sprays. Avoid excessive nitrogen which increases susceptibility. Use biocontrol (Trichoderma 4–5 g/kg seed) for soil-borne diseases. Keep records of inputs and yields each season to refine your plan.","agriculture,cauliflower,disease,downy mildew,farming,india,sandy"
Pest,okra,bacterial leaf spot,What are effective weed control methods for okra that are safe and cheap?,"For okra, integrate mechanical (handpicking), biological (Trichogramma), and chemical controls. Avoid tank mixes that harm beneficials. Follow label doses and pre-harvest intervals. Keep records of inputs and yields each season to refine your plan.","agriculture,bacterial leaf spot,farming,india,okra,pest,sandy"
Irrigation,groundnut,leaf spot,How does crop insurance work for groundnut and how do I claim?,"For groundnut, maintain soil moisture at 50–60% field capacity. Use drip or furrow irrigation to save 20–30% water. Avoid waterlogging; ensure drainage in heavy soils. Critical stages: sowing, flowering, and pod/fruit set. In summer, irrigate every 5–7 days; in winter, every 8–10 days.","agriculture,clay,farming,groundnut,india,irrigation,leaf spot"
Weather,mustard,aphid damage,How do I set up protected cultivation or greenhouse for mustard?,"Heavy rain during flowering of mustard causes pollen wash and yield loss. Ensure drainage, use raised beds, and avoid late nitrogen. If lodging risk exists, reduce N and increase K. Keep records of inputs and yields each season to refine your plan.","agriculture,aphid damage,farming,india,mustard,red,weather"
Soil,sunflower,sclerotinia head rot,What is the best fertilizer dose and schedule for sunflower in clay soil?,"For sunflower, aim for soil pH 6.5–7.5. In acidic soils, apply lime (2–5 t/ha) 2–3 months before sowing. In alkaline soils, use gypsum (2–5 t/ha) and sulfur amendments. Build organic carbon (>0.75%) with FYM/compost and green manures. Keep records of inputs and yields each season to refine your plan.","agriculture,clay,farming,india,sclerotinia head rot,soil,sunflower"
Government Scheme,bajra,rust,How do I practice organic farming in bajra without losing yield?,"In bajra, state schemes may offer seed subsidies, drip irrigation support, and power concessions. Keep Aadhaar, land records, and bank details updated for scheme benefits. Use KCC for working capital and input purchases. Keep records of inputs and yields each season to refine your plan.","agriculture,bajra,farming,government_scheme,india,loamy,rust"
Harvesting,jowar,leaf blight,What is a good NPK plan for jowar to avoid lodging and disease?,"For jowar, harvest at correct stage to maintain quality. Handle gently to avoid bruising. Sort and grade immediately; pack in clean, dry containers. Avoid evening harvest in high humidity to reduce disease. Keep records of inputs and yields each season to refine your plan.","agriculture,farming,harvesting,india,jowar,laterite,leaf blight"
Marketing,ragi,smut,How can I increase yield in ragi with better agronomy and protection?,"In ragi, state schemes may offer seed subsidies, drip irrigation support, and power concessions. Keep Aadhaar, land records, and bank details updated for scheme benefits. Use KCC for working capital and input purchases. Keep records of inputs and yields each season to refine your plan.","agriculture,farming,india,marketing,ragi,red,smut"
Yield Improvement,pigeon pea,pod borer damage,What is the best fertilizer dose and schedule for pigeon pea in black soil?,"In pigeon pea, precision practices (line sowing, fertigation, leaf color chart for N) raise yields. Use crop-specific advisories and weather-based inputs. Maintain field records for next season planning. Keep records of inputs and yields each season to refine your plan.","agriculture,black,farming,india,pigeon pea,pod borer damage,yield_improvement"
Seed Selection,green gram,anthracnose,How do I set up protected cultivation or greenhouse for green gram?,"In green gram, procure seeds from certified agencies. Check germination before sowing; aim for >85%. Avoid storage in humid conditions. Keep records of inputs and yields each season to refine your plan.","agriculture,anthracnose,farming,green gram,india,loamy,seed_selection"
Storage,black gram,bacterial leaf spot,How do I practice organic farming in black gram without losing yield?,"Store black gram grains at 12–14% moisture in clean, dry, rodent-proof structures. Treat storage area with malathion dust. Use hermetic bags or PICS bags for pulses. Fumigate with aluminum phosphide if needed, following safety protocols. Keep records of inputs and yields each season to refine your plan.","agriculture,alluvial,bacterial leaf spot,black gram,farming,india,storage"
Post-Harvest,banana,bacterial wilt,"What are the signs of Zn, B, or S deficiency in banana and how do I correct them?","In banana, high moisture leads to mold and mycotoxins. Dry to safe levels, use moisture-proof liners, and keep bags off the floor on pallets. Inspect regularly for pests and dampness. Keep records of inputs and yields each season to refine your plan.","agriculture,bacterial wilt,banana,black,farming,india,post-harvest"
Mechanization,mango,bacterial canker,Which government schemes can I use for mango cultivation and marketing?,"For mango, combine harvesters reduce field losses but require proper adjustment. Use moisture meters to decide harvest time. Store machinery under cover to extend life. Keep records of inputs and yields each season to refine your plan.","agriculture,bacterial canker,clay,farming,india,mango,mechanization"
Intercropping,papaya,anthracnose,"How can I control fruit fly, aphids, mites, whitefly in papaya using IPM and reduce chemical sprays?","In papaya, intercropping with aromatic or medicinal plants can add income. Ensure market linkages and proper spacing. Manage water and nutrients for both crops. Keep records of inputs and yields each season to refine your plan.","agriculture,anthracnose,farming,india,intercropping,papaya,red"
Crop Rotation,grapes,powdery mildew,What water conservation practices work best for grapes in my area?,"For grapes, integrate livestock or agroforestry in rotations for diversification. Use manure and compost to recycle nutrients. Monitor soil tests to adjust rotations. Keep records of inputs and yields each season to refine your plan.","agriculture,black,crop_rotation,farming,grapes,india,powdery mildew"
Water Conservation,pomegranate,leaf spot,"How can I control fruit fly, thrips, mealybug, aphids in pomegranate using IPM and reduce chemical sprays?","Conserve water in pomegranate with mulching, zero-till, and micro-irrigation. Schedule irrigation based on soil moisture. Avoid flood irrigation in sandy soils. Keep records of inputs and yields each season to refine your plan.","agriculture,farming,india,leaf spot,pomegranate,sandy,water_conservation"
Micronutrients,citrus,anthracnose,Which government schemes can I use for citrus cultivation and marketing?,Fe deficiency in citrus shows as interveinal chlorosis in young leaves. Apply Fe-EDDHA foliar (0.5%) or chelated Fe with irrigation. Improve drainage and avoid high pH soils. Keep records of inputs and yields each season to refine your plan.,"agriculture,alluvial,anthracnose,citrus,farming,india,micronutrients"
IPM,ginger,thrips damage,How should I plan crop rotation with ginger to improve soil health?,"In ginger, cultural practices (timely sowing, intercropping, crop rotation) reduce pest pressure. Preserve natural enemies by avoiding broad-spectrum sprays. Use spot treatments for outbreaks. Keep records of inputs and yields each season to refine your plan.","agriculture,farming,ginger,india,ipm,sandy,thrips damage"
Weed Management,garlic,bacterial soft rot,How do I move towards regenerative agriculture in garlic?,"For garlic, timely weeding (first 30 days) is critical. Use mechanical weeding or recommended herbicides. Avoid late weeding that damages roots. Maintain crop geometry for canopy closure. Keep records of inputs and yields each season to refine your plan.","agriculture,bacterial soft rot,farming,garlic,india,sandy,weed_management"
Protected Cultivation,coriander,downy mildew,How do I select and treat seeds for coriander to improve germination?,"In coriander, hydroponics saves water and nutrients. Maintain EC and pH in recommended ranges. Use sterile media and prevent root diseases with sanitation. Keep records of inputs and yields each season to refine your plan.","agriculture,coriander,downy mildew,farming,india,protected_cultivation,sandy"
Greenhouse,cumin,aphid damage,What weather conditions harm cumin and how do I protect my crop?,"In cumin, protected cultivation reduces pesticide use. Combine with biological controls and hygiene. Plan crop cycles to match market demand. Keep records of inputs and yields each season to refine your plan.","agriculture,alluvial,aphid damage,cumin,farming,greenhouse,india"
Hydroponics,rice,brown spot,"What soil type and pH are ideal for rice, and how do I improve my soil?","For rice, polyhouses improve yield and quality. Install fans and foggers for climate control. Use reflective mulch and trellising for better light distribution. Keep records of inputs and yields each season to refine your plan.","agriculture,alluvial,brown spot,farming,hydroponics,india,rice"
Carbon Farming,wheat,powdery mildew,Which government schemes can I use for wheat cultivation and marketing?,"In wheat, precision fertilizer use reduces N2O emissions. Use urease inhibitors and split N applications. Combine with renewable energy for irrigation. Keep records of inputs and yields each season to refine your plan.","agriculture,carbon_farming,farming,india,powdery mildew,sandy,wheat"
Regenerative Agriculture,maize,turcicum leaf blight,"What are the signs of Zn, B, or S deficiency in maize and how do I correct them?","Regenerative agriculture in maize focuses on soil health, biodiversity, and water. Use cover crops, minimal tillage, and diverse rotations. Track outcomes with soil tests and yield records. Keep records of inputs and yields each season to refine your plan.","agriculture,farming,india,maize,regenerative_agriculture,sandy,turcicum leaf blight"
GAP,cotton,leaf curl virus,How do I store cotton grains safely to avoid pests and mold?,"In cotton, GAP improves product quality and reduces residues. Implement standard operating procedures for spraying, harvesting, and packing. Seek certification where markets demand it. Keep records of inputs and yields each season to refine your plan.","agriculture,alluvial,cotton,farming,gap,india,leaf curl virus"
Insurance,sugarcane,leaf scald,"What are the signs of Zn, B, or S deficiency in sugarcane and how do I correct them?","In sugarcane, weather-based insurance can provide quick payouts. Link with local meteorological data. Use insurance as part of risk management, not a substitute for good practices. Keep records of inputs and yields each season to refine your plan.","agriculture,clay,farming,india,insurance,leaf scald,sugarcane"
Fertilizer,soybean,frogeye leaf spot,How do I practice organic farming in soybean without losing yield?,"For soybean, target 120–150 kg N/ha in high-yield zones. Use 50% N at sowing, 25% at tillering, 25% at panicle initiation. Apply 60 kg P2O5 and 40–60 kg K2O basally. In acidic soils, liming (2–5 t/ha) improves P availability. Use 10–15 t/ha FYM for soil health. Foliar 2% urea at flowering can help under stress.","agriculture,farming,fertilizer,frogeye leaf spot,india,loamy,soybean"
Disease,tomato,early blight,How do I manage early blight in tomato? What are the symptoms and spray schedule?,"Manage early blight in tomato by removing infected plants, improving drainage, and balanced nutrition. Use copper-based fungicides for bacterial diseases; avoid heavy N. Practice 2–3 year rotations and seed treatment to reduce primary inoculum. Keep records of inputs and yields each season to refine your plan.","agriculture,disease,early blight,farming,india,laterite,tomato"
Pest,potato,scab,Which irrigation method saves the most water for potato without reducing yield?,"In potato, pests like aphids, whitefly, cutworm, tuber moth cause yield loss. Use sticky traps for whiteflies/aphids. Apply recommended insecticides at correct doses. Maintain field hygiene and remove weed hosts. Keep records of inputs and yields each season to refine your plan.","agriculture,farming,india,loamy,pest,potato,scab"
Irrigation,onion,downy mildew,"What soil type and pH are ideal for onion, and how do I improve my soil?","For onion, maintain even moisture. Deficit at flowering reduces yield by 20–30%. Use alternate furrow irrigation or drip to improve water use efficiency. In water-scarce areas, adopt zero-till and mulching to conserve moisture. Keep records of inputs and yields each season to refine your plan.","agriculture,downy mildew,farming,india,irrigation,loamy,onion"
Weather,chilli,dieback,What are effective weed control methods for chilli that are safe and cheap?,"In chilli, avoid sowing during heatwaves (>38°C). Use early-morning irrigation and mulch to reduce heat stress. For cold waves, ensure adequate soil moisture and avoid late nitrogen. Watch IMD advisories for rainfall and temperature. Keep records of inputs and yields each season to refine your plan.","agriculture,alluvial,chilli,dieback,farming,india,weather"
Soil,brinjal,bacterial wilt,When and how should I harvest brinjal to get maximum yield and quality?,"In brinjal, soil testing every 2–3 years optimizes fertilizer use. Target OC >0.8%, available P >20 kg/ha, available K >200 kg/ha. Use micronutrients (Zn, B, S) based on deficiency symptoms and soil tests. Keep records of inputs and yields each season to refine your plan.","agriculture,bacterial wilt,brinjal,farming,india,red,soil"
Government Scheme,cabbage,clubroot,How can I increase yield in cabbage with better agronomy and protection?,"For cabbage, MSP announcements and procurement vary by state. Register on e-NAM for better market access. FPO membership can improve bargaining power. Explore agri-infrastructure funds for storage and processing. Keep records of inputs and yields each season to refine your plan.","agriculture,cabbage,clubroot,farming,government_scheme,india,loamy"
Harvesting,cauliflower,alternaria leaf spot,How do I move towards regenerative agriculture in cauliflower?,"For cauliflower, harvest in dry weather. Use sharp sickles or mechanical harvesters to minimize losses. Dry produce to safe moisture (grains 12–14%, pulses 10–12%) before storage. Clean and grade before marketing. Keep records of inputs and yields each season to refine your plan.","agriculture,alternaria leaf spot,cauliflower,clay,farming,harvesting,india"
Marketing,okra,yellow vein mosaic,"What are the signs of Zn, B, or S deficiency in okra and how do I correct them?","For okra, MSP announcements and procurement vary by state. Register on e-NAM for better market access. FPO membership can improve bargaining power. Explore agri-infrastructure funds for storage and processing. Keep records of inputs and yields each season to refine your plan.","agriculture,farming,india,laterite,marketing,okra,yellow vein mosaic"
Organic Farming,groundnut,stem rot,How do I manage stem rot in groundnut? What are the symptoms and spray schedule?,"For organic groundnut, use well-decomposed FYM (10–15 t/ha), vermicompost (2–3 t/ha), and biofertilizers (Rhizobium, PSB, Azotobacter). Avoid synthetic fertilizers and pesticides. Use neem-based products and botanicals for pest control. Keep records of inputs and yields each season to refine your plan.","agriculture,farming,groundnut,india,organic_farming,sandy,stem rot"
Yield Improvement,mustard,aphid damage,When and how should I harvest mustard to get maximum yield and quality?,"For mustard, target 10–15% higher yield by adopting improved varieties, micro-irrigation, and INM. Ensure timely sowing, proper spacing, and timely weeding. Use foliar nutrients at critical stages. Keep records of inputs and yields each season to refine your plan.","agriculture,alluvial,aphid damage,farming,india,mustard,yield_improvement"
Seed Selection,sunflower,sclerotinia head rot,What weather conditions harm sunflower and how do I protect my crop?,"For sunflower, seed treatment reduces seed-borne diseases. Use hot water treatment or solarization for some crops. Label bags with variety, lot, and date. Keep records of inputs and yields each season to refine your plan.","agriculture,clay,farming,india,sclerotinia head rot,seed_selection,sunflower"
Storage,bajra,downy mildew,What water conservation practices work best for bajra in my area?,"For bajra, maintain ventilation in stores. Use insect-proof screens. In humid areas, prefer hermetic storage. Avoid storing near chemicals or fertilizers to prevent contamination. Keep records of inputs and yields each season to refine your plan.","agriculture,bajra,downy mildew,farming,india,red,storage"
Post-Harvest,jowar,leaf blight,What are effective weed control methods for jowar that are safe and cheap?,"For jowar, maintain ventilation in stores. Use insect-proof screens. In humid areas, prefer hermetic storage. Avoid storing near chemicals or fertilizers to prevent contamination. Keep records of inputs and yields each season to refine your plan.","agriculture,farming,india,jowar,laterite,leaf blight,post-harvest"
Mechanization,ragi,rust,How do I manage rust in ragi? What are the symptoms and spray schedule?,"For ragi, post-harvest mechanization (threshers, graders, dryers) improves quality and reduces losses. Clean and maintain equipment after each season. Keep records of inputs and yields each season to refine your plan.","agriculture,black,farming,india,mechanization,ragi,rust"
Intercropping,gram,dry root rot,What is a good NPK plan for gram to avoid lodging and disease?,"Intercropping gram with legumes improves soil N and reduces pest pressure. Use compatible row ratios (e.g., 2:1 or 4:2). Manage nutrients and irrigation for both crops. Keep records of inputs and yields each season to refine your plan.","agriculture,dry root rot,farming,gram,india,intercropping,sandy"
Crop Rotation,pigeon pea,phytophthora blight,Which machines or implements are useful for pigeon pea to save labor and time?,"For pigeon pea, avoid continuous monoculture. Rotate with cereals/legumes to balance nutrients. Use residue incorporation and cover crops to build organic matter. Keep records of inputs and yields each season to refine your plan.","agriculture,clay,crop_rotation,farming,india,phytophthora blight,pigeon pea"
Water Conservation,green gram,powdery mildew,What is the best fertilizer dose and schedule for green gram in sandy soil?,"For green gram, use alternate wetting and drying (AWD) where feasible. Recycle field drainage and harvest rainwater in ponds. Maintain field bunds and channels. Keep records of inputs and yields each season to refine your plan.","agriculture,farming,green gram,india,powdery mildew,sandy,water_conservation"
Micronutrients,black gram,yellow mosaic virus,What is a good NPK plan for black gram to avoid lodging and disease?,"S deficiency in black gram leads to pale young leaves. Use SSP or gypsum to supply S (20–40 kg/ha). In high-rainfall areas, split S applications to reduce leaching. Keep records of inputs and yields each season to refine your plan.","agriculture,black gram,farming,india,micronutrients,sandy,yellow mosaic virus"
NPK Management,banana,sigatoka leaf spot,How do I implement IPM in banana step by step?,"For banana, integrated nutrient management combines FYM, biofertilizers, and mineral fertilizers. Target OC >0.8%, balanced NPK, and micronutrients based on soil tests. Avoid blanket recommendations. Keep records of inputs and yields each season to refine your plan.","agriculture,banana,black,farming,india,npk_management,sigatoka leaf spot"
IPM,mango,dieback,What weather conditions harm mango and how do I protect my crop?,"For mango, IPM starts with monitoring: pheromone traps, field scouting, and ETL-based sprays. Use biocontrol (Trichogramma, NPV) and botanicals (neem) early. Rotate insecticide groups to delay resistance. Keep records of inputs and yields each season to refine your plan.","agriculture,alluvial,dieback,farming,india,ipm,mango"
Weed Management,papaya,ring spot virus,How do I practice organic farming in papaya without losing yield?,"For papaya, hand weeding is effective but labor-intensive. Combine with pre-emergence sprays and mulching. Keep field borders clean to reduce weed seed bank. Keep records of inputs and yields each season to refine your plan.","agriculture,alluvial,farming,india,papaya,ring spot virus,weed_management"
Protected Cultivation,grapes,botrytis bunch rot,Which machines or implements are useful for grapes to save labor and time?,"In grapes, hydroponics saves water and nutrients. Maintain EC and pH in recommended ranges. Use sterile media and prevent root diseases with sanitation. Keep records of inputs and yields each season to refine your plan.","agriculture,botrytis bunch rot,farming,grapes,india,loamy,protected_cultivation"
Greenhouse,pomegranate,fruit rot,"How can I control fruit fly, thrips, mealybug, aphids in pomegranate using IPM and reduce chemical sprays?","In pomegranate, hydroponics saves water and nutrients. Maintain EC and pH in recommended ranges. Use sterile media and prevent root diseases with sanitation. Keep records of inputs and yields each season to refine your plan.","agriculture,farming,fruit rot,greenhouse,india,pomegranate,sandy"
Hydroponics,citrus,anthracnose,How does crop insurance work for citrus and how do I claim?,"For citrus, greenhouses enable year-round production. Use insect-proof nets, drip irrigation, and balanced fertigation. Train labor on climate management and IPM. Keep records of inputs and yields each season to refine your plan.","agriculture,alluvial,anthracnose,citrus,farming,hydroponics,india"
Carbon Farming,turmeric,leaf blotch,How do I implement IPM in turmeric step by step?,"Carbon farming in turmeric includes no-till, cover crops, and residue retention. Measure soil organic carbon and adopt practices that increase it. Explore carbon credits via verified programs. Keep records of inputs and yields each season to refine your plan.","agriculture,carbon_farming,clay,farming,india,leaf blotch,turmeric"
Regenerative Agriculture,ginger,bacterial wilt,What GAP should I follow for ginger to meet market and export standards?,"For ginger, integrate trees, shrubs, and perennials to enhance resilience. Use organic amendments and biological pest control. Build local knowledge and community practices. Keep records of inputs and yields each season to refine your plan.","agriculture,bacterial wilt,farming,ginger,india,red,regenerative_agriculture"
GAP,garlic,downy mildew,What is the best fertilizer dose and schedule for garlic in sandy soil?,"In garlic, GAP reduces risks and builds buyer trust. Regularly audit practices and update SOPs. Engage with buyers to understand quality standards. Keep records of inputs and yields each season to refine your plan.","agriculture,downy mildew,farming,gap,garlic,india,sandy"
Insurance,coriander,downy mildew,"What soil type and pH are ideal for coriander, and how do I improve my soil?","In coriander, weather-based insurance can provide quick payouts. Link with local meteorological data. Use insurance as part of risk management, not a substitute for good practices. Keep records of inputs and yields each season to refine your plan.","agriculture,coriander,downy mildew,farming,india,insurance,red"
Fertilizer,cumin,alternaria blight,How do I set up protected cultivation or greenhouse for cumin?,"In cumin, balanced NPK (e.g., 100:50:50) improves yield and resilience. Apply full P and K at sowing; split N in 2–3 doses. Foliar 19:19:19 (2–3 g/L) at flowering boosts fruit set. Add 4–5 t/ha compost + 20 kg/ha ZnSO4 in Zn-deficient black soils. Avoid late heavy N to reduce lodging and pest risk.","agriculture,alternaria blight,cumin,farming,fertilizer,india,laterite"
Disease,rice,sheath blight,How do I manage sheath blight in rice? What are the symptoms and spray schedule?,"Manage sheath blight in rice by removing infected plants, improving drainage, and balanced nutrition. Use copper-based fungicides for bacterial diseases; avoid heavy N. Practice 2–3 year rotations and seed treatment to reduce primary inoculum. Keep records of inputs and yields each season to refine your plan.","agriculture,disease,farming,india,loamy,rice,sheath blight"
Pest,wheat,rust,"What soil type and pH are ideal for wheat, and how do I improve my soil?","Common pests in wheat include aphids, armyworm, termites, grasshoppers. Monitor with pheromone traps (10–12/ha). Use need-based sprays: emamectin benzoate or spinosad for larvae; imidacloprid for sucking pests. Preserve natural enemies; avoid broad-spectrum sprays early. Keep records of inputs and yields each season to refine your plan.","agriculture,farming,india,pest,rust,sandy,wheat"
Irrigation,maize,stem borer damage,"What soil type and pH are ideal for maize, and how do I improve my soil?","For maize, maintain even moisture. Deficit at flowering reduces yield by 20–30%. Use alternate furrow irrigation or drip to improve water use efficiency. In water-scarce areas, adopt zero-till and mulching to conserve moisture. Keep records of inputs and yields each season to refine your plan.","agriculture,farming,india,irrigation,maize,sandy,stem borer damage"
Weather,cotton,alternaria leaf spot,"What soil type and pH are ideal for cotton, and how do I improve my soil?","In cotton, unexpected hail can damage canopy. Ensure good K nutrition for resilience. After hail, apply broad-spectrum fungicide to prevent secondary infections and maintain drainage. Keep records of inputs and yields each season to refine your plan.","agriculture,alternaria leaf spot,cotton,farming,india,laterite,weather"
Soil,sugarcane,ratoon stunting disease,How do I move towards regenerative agriculture in sugarcane?,"For sugarcane, aim for soil pH 6.5–7.5. In acidic soils, apply lime (2–5 t/ha) 2–3 months before sowing. In alkaline soils, use gypsum (2–5 t/ha) and sulfur amendments. Build organic carbon (>0.75%) with FYM/compost and green manures. Keep records of inputs and yields each season to refine your plan.","agriculture,farming,india,laterite,ratoon stunting disease,soil,sugarcane"
Government Scheme,soybean,bacterial pustule,What carbon farming practices can I adopt in soybean fields?,"Farmers growing soybean can benefit from PM-KISAN (₹6,000/year), Kisan Credit Card (subsidized interest), and Soil Health Card (free soil testing). Check with your local agriculture office or CSC for enrollment. Crop insurance under PMFBY is also available. Keep records of inputs and yields each season to refine your plan.","agriculture,bacterial pustule,farming,government_scheme,india,sandy,soybean"
Harvesting,tomato,bacterial wilt,What carbon farming practices can I adopt in tomato fields?,"Harvest tomato at physiological maturity: grains at 20–22% moisture, pods when 80–90% brown. Avoid delayed harvest to reduce shattering and field losses. Use combine harvesters where feasible; dry grains to 12–14% before storage. Keep records of inputs and yields each season to refine your plan.","agriculture,bacterial wilt,farming,harvesting,india,laterite,tomato"
Marketing,potato,scab,What water conservation practices work best for potato in my area?,"In potato, agri-business ideas can access credit via NABARD and agri-clinics schemes. Explore FPO formation, common facility centers, and market linkage programs. Check state horticulture missions for post-harvest support. Keep records of inputs and yields each season to refine your plan.","agriculture,alluvial,farming,india,marketing,potato,scab"
Organic Farming,onion,downy mildew,"What soil type and pH are ideal for onion, and how do I improve my soil?","For onion, organic yields improve over 2–3 years as soil health builds. Use seed treatment with Trichoderma and biofertilizers. Avoid contamination from conventional inputs and maintain buffer zones. Keep records of inputs and yields each season to refine your plan.","agriculture,downy mildew,farming,india,laterite,onion,organic_farming"
Yield Improvement,chilli,dieback,How do I practice organic farming in chilli without losing yield?,"To improve yield in chilli, use certified seeds, optimal plant population, and balanced NPK. Manage pests/diseases proactively and avoid water stress at flowering. Harvest at correct maturity and dry properly. Keep records of inputs and yields each season to refine your plan.","agriculture,black,chilli,dieback,farming,india,yield_improvement"
Seed Selection,brinjal,fruit rot,When and how should I harvest brinjal to get maximum yield and quality?,"In brinjal, procure seeds from certified agencies. Check germination before sowing; aim for >85%. Avoid storage in humid conditions. Keep records of inputs and yields each season to refine your plan.","agriculture,brinjal,farming,fruit rot,india,laterite,seed_selection"
Storage,cabbage,downy mildew,Which government schemes can I use for cabbage cultivation and marketing?,"In cabbage, fumigation should be done by trained personnel. Seal stores properly, use recommended doses, and observe aeration periods before sale or consumption. Keep records of inputs and yields each season to refine your plan.","agriculture,cabbage,clay,downy mildew,farming,india,storage"
Post-Harvest,cauliflower,downy mildew,How do I move towards regenerative agriculture in cauliflower?,"For cauliflower, maintain ventilation in stores. Use insect-proof screens. In humid areas, prefer hermetic storage. Avoid storing near chemicals or fertilizers to prevent contamination. Keep records of inputs and yields each season to refine your plan.","agriculture,alluvial,cauliflower,downy mildew,farming,india,post-harvest"
Mechanization,okra,bacterial leaf spot,How do I manage bacterial leaf spot in okra? What are the symptoms and spray schedule?,"For okra, post-harvest mechanization (threshers, graders, dryers) improves quality and reduces losses. Clean and maintain equipment after each season. Keep records of inputs and yields each season to refine your plan.","agriculture,bacterial leaf spot,farming,india,mechanization,okra,red"
Intercropping,groundnut,bud necrosis virus,How do I move towards regenerative agriculture in groundnut?,"For groundnut, relay cropping or sequential cropping maximizes land use. Maintain soil fertility with FYM and biofertilizers. Use crop-specific herbicides carefully. Keep records of inputs and yields each season to refine your plan.","agriculture,bud necrosis virus,farming,groundnut,india,intercropping,red"
Crop Rotation,mustard,downy mildew,What is the best fertilizer dose and schedule for mustard in red soil?,"Rotate mustard with non-host crops (e.g., legumes) to break disease and pest cycles. Include green manures to improve soil health. Plan 2–3 year rotations based on soil and water availability. Keep records of inputs and yields each season to refine your plan.","agriculture,crop_rotation,downy mildew,farming,india,mustard,red"
Micronutrients,bajra,smut,How does crop insurance work for bajra and how do I claim?,Mn deficiency in bajra causes grey speck and reduced growth. Use MnSO4 foliar (0.2–0.3%) at tillering/vegetative stage. Maintain balanced NPK to improve micronutrient efficiency. Keep records of inputs and yields each season to refine your plan.,"agriculture,bajra,black,farming,india,micronutrients,smut"
NPK Management,jowar,grain mold,What GAP should I follow for jowar to meet market and export standards?,"Balanced NPK in jowar improves yield and stress tolerance. Use soil test-based doses; typical ranges: N 80–120, P2O5 40–60, K2O 40–60 kg/ha. Split N in 2–3 doses; place P and K basally near seed. Keep records of inputs and yields each season to refine your plan.","agriculture,farming,grain mold,india,jowar,npk_management,sandy"
IPM,ragi,smut,How do I store ragi grains safely to avoid pests and mold?,"In ragi, light traps and bird perches help manage nocturnal pests. Maintain field hygiene and remove weed hosts. Use need-based sprays only when ETL is crossed. Keep records of inputs and yields each season to refine your plan.","agriculture,farming,india,ipm,ragi,sandy,smut"
Weed Management,gram,ascochyta blight,How can I increase yield in gram with better agronomy and protection?,"Weeds in gram compete for light, water, and nutrients. Use pre-emergence herbicides (pendimethalin 1.0–1.5 kg/ha) followed by one hand weeding at 25–30 DAS. Mulching and intercropping also suppress weeds. Keep records of inputs and yields each season to refine your plan.","agriculture,alluvial,ascochyta blight,farming,gram,india,weed_management"
Protected Cultivation,pigeon pea,wilt,What weather conditions harm pigeon pea and how do I protect my crop?,"Protected cultivation (shade nets, low tunnels) in pigeon pea reduces pest and weather damage. Use drip fertigation and mulch. Monitor temperature and humidity to prevent diseases. Keep records of inputs and yields each season to refine your plan.","agriculture,clay,farming,india,pigeon pea,protected_cultivation,wilt"
Greenhouse,green gram,anthracnose,What carbon farming practices can I adopt in green gram fields?,"In green gram, hydroponics saves water and nutrients. Maintain EC and pH in recommended ranges. Use sterile media and prevent root diseases with sanitation. Keep records of inputs and yields each season to refine your plan.","agriculture,alluvial,anthracnose,farming,green gram,greenhouse,india"
Hydroponics,black gram,alternaria leaf spot,"What soil type and pH are ideal for black gram, and how do I improve my soil?","Protected cultivation (shade nets, low tunnels) in black gram reduces pest and weather damage. Use drip fertigation and mulch. Monitor temperature and humidity to prevent diseases. Keep records of inputs and yields each season to refine your plan.","agriculture,alternaria leaf spot,black gram,farming,hydroponics,india,sandy"
Carbon Farming,banana,panama wilt,"How can I control pseudostem borer, rhizome weevil, aphids, thrips in banana using IPM and reduce chemical sprays?","For banana, agroforestry and perennial systems sequester more carbon. Use diverse rotations and organic amendments. Maintain records for potential carbon income. Keep records of inputs and yields each season to refine your plan.","agriculture,banana,black,carbon_farming,farming,india,panama wilt"
Regenerative Agriculture,mango,bacterial canker,How can I increase yield in mango with better agronomy and protection?,"In mango, combine traditional knowledge with modern science for regenerative outcomes. Use participatory trials and share results with neighbors. Seek technical support from agriculture departments. Keep records of inputs and yields each season to refine your plan.","agriculture,alluvial,bacterial canker,farming,india,mango,regenerative_agriculture"
GAP,papaya,anthracnose,Which irrigation method saves the most water for papaya without reducing yield?,"In papaya, GAP improves product quality and reduces residues. Implement standard operating procedures for spraying, harvesting, and packing. Seek certification where markets demand it. Keep records of inputs and yields each season to refine your plan.","agriculture,anthracnose,farming,gap,india,papaya,sandy"
Insurance,grapes,anthracnose,"What soil type and pH are ideal for grapes, and how do I improve my soil?","For grapes, explore state-specific insurance top-ups and micro-insurance. Maintain communication with insurance agents. File claims promptly with required documents. Keep records of inputs and yields each season to refine your plan.","agriculture,anthracnose,farming,grapes,india,insurance,red"
Fertilizer,pomegranate,fruit rot,Which government schemes can I use for pomegranate cultivation and marketing?,"For pomegranate, target 120–150 kg N/ha in high-yield zones. Use 50% N at sowing, 25% at tillering, 25% at panicle initiation. Apply 60 kg P2O5 and 40–60 kg K2O basally. In acidic soils, liming (2–5 t/ha) improves P availability. Use 10–15 t/ha FYM for soil health. Foliar 2% urea at flowering can help under stress.","agriculture,farming,fertilizer,fruit rot,india,laterite,pomegranate"
Disease,citrus,anthracnose,What are effective weed control methods for citrus that are safe and cheap?,"Control anthracnose in citrus with integrated measures: resistant varieties, seed treatment (thiram/carbendazim 2 g/kg), and timely sprays. Avoid excessive nitrogen which increases susceptibility. Use biocontrol (Trichoderma 4–5 g/kg seed) for soil-borne diseases. Keep records of inputs and yields each season to refine your plan.","agriculture,anthracnose,citrus,clay,disease,farming,india"
Pest,turmeric,rhizome rot,How do I move towards regenerative agriculture in turmeric?,"Common pests in turmeric include rhizome scale, thrips, shoot borer. Monitor with pheromone traps (10–12/ha). Use need-based sprays: emamectin benzoate or spinosad for larvae; imidacloprid for sucking pests. Preserve natural enemies; avoid broad-spectrum sprays early. Keep records of inputs and yields each season to refine your plan.","agriculture,farming,india,pest,red,rhizome rot,turmeric"
Irrigation,ginger,bacterial wilt,What are effective weed control methods for ginger that are safe and cheap?,"In ginger, avoid water stress during pod/fruit development. Use deficit irrigation (70–80% ET) in vegetative stage, then full irrigation at flowering and fruit set. Drain fields within 24 hours after heavy rain to prevent root rot. Keep records of inputs and yields each season to refine your plan.","agriculture,bacterial wilt,black,farming,ginger,india,irrigation"
Weather,garlic,rust,How should I plan crop rotation with garlic to improve soil health?,"For garlic, high humidity favors fungal diseases. Increase plant spacing, avoid overhead irrigation, and use protective fungicides before monsoon peaks. Use weather-based advisories for spray timing. Keep records of inputs and yields each season to refine your plan.","agriculture,clay,farming,garlic,india,rust,weather"
Soil,coriander,stem gall,How do I implement IPM in coriander step by step?,"In coriander, soil testing every 2–3 years optimizes fertilizer use. Target OC >0.8%, available P >20 kg/ha, available K >200 kg/ha. Use micronutrients (Zn, B, S) based on deficiency symptoms and soil tests. Keep records of inputs and yields each season to refine your plan.","agriculture,coriander,farming,india,loamy,soil,stem gall"
Government Scheme,cumin,aphid damage,What carbon farming practices can I adopt in cumin fields?,"For cumin, MSP announcements and procurement vary by state. Register on e-NAM for better market access. FPO membership can improve bargaining power. Explore agri-infrastructure funds for storage and processing. Keep records of inputs and yields each season to refine your plan.","agriculture,aphid damage,black,cumin,farming,government_scheme,india"
Harvesting,rice,tungro virus,"What soil type and pH are ideal for rice, and how do I improve my soil?","For rice, harvest at correct stage to maintain quality. Handle gently to avoid bruising. Sort and grade immediately; pack in clean, dry containers. Avoid evening harvest in high humidity to reduce disease. Keep records of inputs and yields each season to refine your plan.","agriculture,farming,harvesting,india,laterite,rice,tungro virus"
Marketing,wheat,karnal bunt,Which irrigation method saves the most water for wheat without reducing yield?,"In wheat, state schemes may offer seed subsidies, drip irrigation support, and power concessions. Keep Aadhaar, land records, and bank details updated for scheme benefits. Use KCC for working capital and input purchases. Keep records of inputs and yields each season to refine your plan.","agriculture,black,farming,india,karnal bunt,marketing,wheat"
Yield Improvement,cotton,bacterial blight,How should I plan crop rotation with cotton to improve soil health?,"For cotton, target 10–15% higher yield by adopting improved varieties, micro-irrigation, and INM. Ensure timely sowing, proper spacing, and timely weeding. Use foliar nutrients at critical stages. Keep records of inputs and yields each season to refine your plan.","agriculture,bacterial blight,cotton,farming,india,sandy,yield_improvement"
Seed Selection,sugarcane,ratoon stunting disease,Which machines or implements are useful for sugarcane to save labor and time?,"In sugarcane, procure seeds from certified agencies. Check germination before sowing; aim for >85%. Avoid storage in humid conditions. Keep records of inputs and yields each season to refine your plan.","agriculture,farming,india,loamy,ratoon stunting disease,seed_selection,sugarcane"
Storage,soybean,yellow mosaic virus,What carbon farming practices can I adopt in soybean fields?,"For soybean, ensure produce is dry and clean before storage. Avoid mixing old and new stock. Use neem leaves or botanicals in small stores. Monitor temperature and humidity; aerate if needed. Keep records of inputs and yields each season to refine your plan.","agriculture,farming,india,laterite,soybean,storage,yellow mosaic virus"
Post-Harvest,tomato,leaf curl virus,What carbon farming practices can I adopt in tomato fields?,"For tomato, maintain ventilation in stores. Use insect-proof screens. In humid areas, prefer hermetic storage. Avoid storing near chemicals or fertilizers to prevent contamination. Keep records of inputs and yields each season to refine your plan.","agriculture,alluvial,farming,india,leaf curl virus,post-harvest,tomato"
Intercropping,onion,purple blotch,How do I set up protected cultivation or greenhouse for onion?,"For onion, intercropping with short-duration vegetables increases land productivity. Plan sowing dates to avoid competition. Use balanced fertilizers and timely weeding. Keep records of inputs and yields each season to refine your plan.","agriculture,black,farming,india,intercropping,onion,purple blotch"
Crop Rotation,chilli,dieback,How do I select and treat seeds for chilli to improve germination?,"For chilli, integrate livestock or agroforestry in rotations for diversification. Use manure and compost to recycle nutrients. Monitor soil tests to adjust rotations. Keep records of inputs and yields each season to refine your plan.","agriculture,chilli,clay,crop_rotation,dieback,farming,india"
Water Conservation,brinjal,bacterial wilt,How does crop insurance work for brinjal and how do I claim?,"For brinjal, line canals and use pipes to reduce conveyance losses. Adopt laser leveling for uniform water distribution. Train farmers on efficient irrigation practices. Keep records of inputs and yields each season to refine your plan.","agriculture,bacterial wilt,black,brinjal,farming,india,water_conservation"
Micronutrients,cabbage,alternaria leaf spot,"What are the signs of Zn, B, or S deficiency in cabbage and how do I correct them?","S deficiency in cabbage leads to pale young leaves. Use SSP or gypsum to supply S (20–40 kg/ha). In high-rainfall areas, split S applications to reduce leaching. Keep records of inputs and yields each season to refine your plan.","agriculture,alternaria leaf spot,cabbage,farming,india,micronutrients,red"
NPK Management,cauliflower,black rot,How do I store cauliflower grains safely to avoid pests and mold?,"For cauliflower, integrated nutrient management combines FYM, biofertilizers, and mineral fertilizers. Target OC >0.8%, balanced NPK, and micronutrients based on soil tests. Avoid blanket recommendations. Keep records of inputs and yields each season to refine your plan.","agriculture,black rot,cauliflower,farming,india,loamy,npk_management"
IPM,okra,anthracnose,How do I store okra grains safely to avoid pests and mold?,"For okra, IPM starts with monitoring: pheromone traps, field scouting, and ETL-based sprays. Use biocontrol (Trichogramma, NPV) and botanicals (neem) early. Rotate insecticide groups to delay resistance. Keep records of inputs and yields each season to refine your plan.","agriculture,anthracnose,farming,india,ipm,laterite,okra"
Weed Management,groundnut,bud necrosis virus,How should I plan crop rotation with groundnut to improve soil health?,"For groundnut, hand weeding is effective but labor-intensive. Combine with pre-emergence sprays and mulching. Keep field borders clean to reduce weed seed bank. Keep records of inputs and yields each season to refine your plan.","agriculture,bud necrosis virus,farming,groundnut,india,laterite,weed_management"
Protected Cultivation,mustard,alternaria leaf spot,How do I select and treat seeds for mustard to improve germination?,"For mustard, polyhouses improve yield and quality. Install fans and foggers for climate control. Use reflective mulch and trellising for better light distribution. Keep records of inputs and yields each season to refine your plan.","agriculture,alternaria leaf spot,clay,farming,india,mustard,protected_cultivation"
Greenhouse,sunflower,alternaria leaf spot,How do I select and treat seeds for sunflower to improve germination?,"Protected cultivation (shade nets, low tunnels) in sunflower reduces pest and weather damage. Use drip fertigation and mulch. Monitor temperature and humidity to prevent diseases. Keep records of inputs and yields each season to refine your plan.","agriculture,alternaria leaf spot,black,farming,greenhouse,india,sunflower"
Hydroponics,bajra,downy mildew,What are effective weed control methods for bajra that are safe and cheap?,"Protected cultivation (shade nets, low tunnels) in bajra reduces pest and weather damage. Use drip fertigation and mulch. Monitor temperature and humidity to prevent diseases. Keep records of inputs and yields each season to refine your plan.","agriculture,bajra,downy mildew,farming,hydroponics,india,laterite"
Carbon Farming,jowar,rust,What is the best fertilizer dose and schedule for jowar in loamy soil?,"Carbon farming in jowar includes no-till, cover crops, and residue retention. Measure soil organic carbon and adopt practices that increase it. Explore carbon credits via verified programs. Keep records of inputs and yields each season to refine your plan.","agriculture,carbon_farming,farming,india,jowar,loamy,rust"
Regenerative Agriculture,ragi,bacterial leaf streak,How do I set up protected cultivation or greenhouse for ragi?,"In ragi, regenerative practices improve long-term profitability. Reduce external inputs, increase on-farm nutrient cycling, and maintain soil cover. Document practices for learning and scaling. Keep records of inputs and yields each season to refine your plan.","agriculture,bacterial leaf streak,farming,india,loamy,ragi,regenerative_agriculture"
GAP,gram,alternaria blight,When and how should I harvest gram to get maximum yield and quality?,"For gram, GAP aligns with food safety and export requirements. Maintain field maps, input logs, and harvest records. Use clean containers and cold chain where needed. Keep records of inputs and yields each season to refine your plan.","agriculture,alternaria blight,farming,gap,gram,india,loamy"
Insurance,pigeon pea,phytophthora blight,How do I manage phytophthora blight in pigeon pea? What are the symptoms and spray schedule?,"For pigeon pea, insurance complements good agronomy. Keep plot-wise records and photos of damage. Understand exclusions and claim processes. Pay premiums on time. Keep records of inputs and yields each season to refine your plan.","agriculture,alluvial,farming,india,insurance,phytophthora blight,pigeon pea"
Fertilizer,green gram,alternaria leaf spot,What are good intercropping options with green gram to increase income?,"In green gram, apply 80–120 kg N/ha, 40–60 kg P2O5/ha, 40 kg K2O/ha. Use basal NPK (15:15:15) at 150–200 kg/ha, then top-dress urea twice. Add ZnSO4 (20–25 kg/ha) once in 2–3 years. Include 5–10 t/ha FYM before sowing. In saline soils, prefer gypsum and avoid chloride fertilizers.","agriculture,alluvial,alternaria leaf spot,farming,fertilizer,green gram,india"
Disease,black gram,bacterial leaf spot,How do I move towards regenerative agriculture in black gram?,"For bacterial leaf spot in black gram, early detection is key. Symptoms include small water-soaked spots turning necrotic. Spray recommended fungicides (e.g., propiconazole, tebuconazole) at label doses. Practice field sanitation, avoid water stagnation, and maintain plant spacing for airflow. Keep records of inputs and yields each season to refine your plan.","agriculture,bacterial leaf spot,black gram,disease,farming,india,laterite"
Irrigation,mango,anthracnose,What is a good NPK plan for mango to avoid lodging and disease?,"In mango, schedule irrigation based on soil type: sandy soils need frequent light irrigation; clay soils need fewer but deeper irrigations. Use tensiometer at 15–20 cm depth; irrigate at −20 to −30 kPa. Avoid drought at flowering to prevent yield loss.","agriculture,alluvial,anthracnose,farming,india,irrigation,mango"
Weather,papaya,bacterial leaf spot,What is a good NPK plan for papaya to avoid lodging and disease?,"In papaya, avoid sowing during heatwaves (>38°C). Use early-morning irrigation and mulch to reduce heat stress. For cold waves, ensure adequate soil moisture and avoid late nitrogen. Watch IMD advisories for rainfall and temperature. Keep records of inputs and yields each season to refine your plan.","agriculture,bacterial leaf spot,farming,india,loamy,papaya,weather"
Soil,grapes,downy mildew,How do I select and treat seeds for grapes to improve germination?,"For grapes, aim for soil pH 6.5–7.5. In acidic soils, apply lime (2–5 t/ha) 2–3 months before sowing. In alkaline soils, use gypsum (2–5 t/ha) and sulfur amendments. Build organic carbon (>0.75%) with FYM/compost and green manures. Keep records of inputs and yields each season to refine your plan.","agriculture,downy mildew,farming,grapes,india,red,soil"
Government Scheme,pomegranate,fruit rot,Which government schemes can I use for pomegranate cultivation and marketing?,"In pomegranate, agri-business ideas can access credit via NABARD and agri-clinics schemes. Explore FPO formation, common facility centers, and market linkage programs. Check state horticulture missions for post-harvest support. Keep records of inputs and yields each season to refine your plan.","agriculture,black,farming,fruit rot,government_scheme,india,pomegranate"
Harvesting,citrus,greening (huanglongbing),"What soil type and pH are ideal for citrus, and how do I improve my soil?","For citrus, harvest at correct stage to maintain quality. Handle gently to avoid bruising. Sort and grade immediately; pack in clean, dry containers. Avoid evening harvest in high humidity to reduce disease. Keep records of inputs and yields each season to refine your plan.","agriculture,citrus,farming,greening (huanglongbing),harvesting,india,red"
Organic Farming,ginger,soft rot,What are effective weed control methods for ginger that are safe and cheap?,"For organic ginger, use well-decomposed FYM (10–15 t/ha), vermicompost (2–3 t/ha), and biofertilizers (Rhizobium, PSB, Azotobacter). Avoid synthetic fertilizers and pesticides. Use neem-based products and botanicals for pest control. Keep records of inputs and yields each season to refine your plan.","agriculture,clay,farming,ginger,india,organic_farming,soft rot"
Yield Improvement,garlic,stemphylium blight,How does crop insurance work for garlic and how do I claim?,"For garlic, integrate agronomy and protection: quality seeds, seed treatment, balanced fertilizers, and need-based sprays. Avoid late sowing and water stress during reproductive stages. Keep records of inputs and yields each season to refine your plan.","agriculture,black,farming,garlic,india,stemphylium blight,yield_improvement"
Seed Selection,coriander,alternaria blight,How should I plan crop rotation with coriander to improve soil health?,"In coriander, procure seeds from certified agencies. Check germination before sowing; aim for >85%. Avoid storage in humid conditions. Keep records of inputs and yields each season to refine your plan.","agriculture,alternaria blight,coriander,farming,india,sandy,seed_selection"
Storage,cumin,powdery mildew,What is the best fertilizer dose and schedule for cumin in laterite soil?,"In cumin, fumigation should be done by trained personnel. Seal stores properly, use recommended doses, and observe aeration periods before sale or consumption. Keep records of inputs and yields each season to refine your plan.","agriculture,cumin,farming,india,laterite,powdery mildew,storage"
Post-Harvest,rice,blast,What are effective weed control methods for rice that are safe and cheap?,"In rice, fumigation should be done by trained personnel. Seal stores properly, use recommended doses, and observe aeration periods before sale or consumption. Keep records of inputs and yields each season to refine your plan.","agriculture,blast,farming,india,loamy,post-harvest,rice"
Mechanization,wheat,karnal bunt,How does crop insurance work for wheat and how do I claim?,"In wheat, use power tillers or tractors with appropriate implements. Adopt zero-till where feasible to save time and fuel. Train operators on safe handling and maintenance. Keep records of inputs and yields each season to refine your plan.","agriculture,farming,india,karnal bunt,loamy,mechanization,wheat"
Intercropping,maize,fusarium stalk rot,What GAP should I follow for maize to meet market and export standards?,"For maize, intercropping with short-duration vegetables increases land productivity. Plan sowing dates to avoid competition. Use balanced fertilizers and timely weeding. Keep records of inputs and yields each season to refine your plan.","agriculture,farming,fusarium stalk rot,india,intercropping,maize,red"
Crop Rotation,cotton,boll rot,What carbon farming practices can I adopt in cotton fields?,"In cotton, plan rotations around water availability. Use drought-tolerant crops in dry years and high-value crops in wet years. Maintain soil cover year-round. Keep records of inputs and yields each season to refine your plan.","agriculture,boll rot,cotton,crop_rotation,farming,india,laterite"
Water Conservation,sugarcane,ring spot,Which machines or implements are useful for sugarcane to save labor and time?,"For sugarcane, line canals and use pipes to reduce conveyance losses. Adopt laser leveling for uniform water distribution. Train farmers on efficient irrigation practices. Keep records of inputs and yields each season to refine your plan.","agriculture,alluvial,farming,india,ring spot,sugarcane,water_conservation"
Micronutrients,soybean,rust,How do I move towards regenerative agriculture in soybean?,B deficiency in soybean causes poor fruit set and hollow stems. Apply borax (10–15 kg/ha) or foliar 0.2% boron at flowering. Avoid overuse; excess B is toxic. Keep records of inputs and yields each season to refine your plan.,"agriculture,farming,india,loamy,micronutrients,rust,soybean"
NPK Management,tomato,bacterial wilt,"What are the signs of Zn, B, or S deficiency in tomato and how do I correct them?","For tomato, P fixation in alkaline soils reduces efficiency. Band P near roots, use SSP or DAP, and maintain pH 6.5–7.5 with amendments. Add Zn and S where deficient. Keep records of inputs and yields each season to refine your plan.","agriculture,bacterial wilt,farming,india,laterite,npk_management,tomato"
IPM,potato,mosaic virus,"How can I control aphids, whitefly, cutworm, tuber moth in potato using IPM and reduce chemical sprays?","In potato, cultural practices (timely sowing, intercropping, crop rotation) reduce pest pressure. Preserve natural enemies by avoiding broad-spectrum sprays. Use spot treatments for outbreaks. Keep records of inputs and yields each season to refine your plan.","agriculture,clay,farming,india,ipm,mosaic virus,potato"
Weed Management,onion,bacterial rot,How do I move towards regenerative agriculture in onion?,"In onion, avoid waterlogging which favors weeds. Use narrow row spacing and early canopy closure to suppress weeds. Scout fields regularly and remove weeds before seed set. Keep records of inputs and yields each season to refine your plan.","agriculture,bacterial rot,farming,india,loamy,onion,weed_management"
Protected Cultivation,chilli,leaf curl virus,How do I move towards regenerative agriculture in chilli?,"In chilli, protected cultivation reduces pesticide use. Combine with biological controls and hygiene. Plan crop cycles to match market demand. Keep records of inputs and yields each season to refine your plan.","agriculture,chilli,clay,farming,india,leaf curl virus,protected_cultivation"
Greenhouse,brinjal,little leaf virus,What GAP should I follow for brinjal to meet market and export standards?,"In brinjal, protected cultivation reduces pesticide use. Combine with biological controls and hygiene. Plan crop cycles to match market demand. Keep records of inputs and yields each season to refine your plan.","agriculture,brinjal,farming,greenhouse,india,little leaf virus,sandy"
Hydroponics,cabbage,downy mildew,When and how should I harvest cabbage to get maximum yield and quality?,"In cabbage, protected cultivation reduces pesticide use. Combine with biological controls and hygiene. Plan crop cycles to match market demand. Keep records of inputs and yields each season to refine your plan.","agriculture,cabbage,downy mildew,farming,hydroponics,india,red"
Carbon Farming,cauliflower,alternaria leaf spot,What is a good NPK plan for cauliflower to avoid lodging and disease?,"For cauliflower, agroforestry and perennial systems sequester more carbon. Use diverse rotations and organic amendments. Maintain records for potential carbon income. Keep records of inputs and yields each season to refine your plan.","agriculture,alternaria leaf spot,carbon_farming,cauliflower,farming,india,sandy"
Regenerative Agriculture,okra,powdery mildew,What are good intercropping options with okra to increase income?,"In okra, regenerative practices improve long-term profitability. Reduce external inputs, increase on-farm nutrient cycling, and maintain soil cover. Document practices for learning and scaling. Keep records of inputs and yields each season to refine your plan.","agriculture,farming,india,loamy,okra,powdery mildew,regenerative_agriculture"
GAP,groundnut,leaf spot,What is a good NPK plan for groundnut to avoid lodging and disease?,"In groundnut, GAP reduces risks and builds buyer trust. Regularly audit practices and update SOPs. Engage with buyers to understand quality standards. Keep records of inputs and yields each season to refine your plan.","agriculture,clay,farming,gap,groundnut,india,leaf spot"
Fertilizer,sunflower,sclerotinia head rot,What are effective weed control methods for sunflower that are safe and cheap?,"For sunflower, start with a soil test. In most alluvial/loamy soils, apply 80–120 kg N/ha, 40–60 kg P2O5/ha, and 40–60 kg K2O/ha in splits. At sowing, place full P and K plus 1/3 N near the seed. Top-dress remaining N at tillering/vegetative stage and again at flowering. Add 5–10 t/ha FYM or compost before sowing. Use ZnSO4 (20–25 kg/ha) if deficient. Avoid excessive urea to prevent lodging and disease.","agriculture,alluvial,farming,fertilizer,india,sclerotinia head rot,sunflower"
Disease,bajra,leaf spot,What is the best fertilizer dose and schedule for bajra in black soil?,"In bajra, leaf spot spreads in warm, humid conditions. Use protective sprays (mancozeb 0.25%) before monsoon peaks. Combine with resistant varieties and avoid overhead irrigation. Rotate with non-host crops to break disease cycles. Keep records of inputs and yields each season to refine your plan.","agriculture,bajra,black,disease,farming,india,leaf spot"
Pest,jowar,anthracnose,What carbon farming practices can I adopt in jowar fields?,"Common pests in jowar include shoot fly, stem borer, aphids, midge. Monitor with pheromone traps (10–12/ha). Use need-based sprays: emamectin benzoate or spinosad for larvae; imidacloprid for sucking pests. Preserve natural enemies; avoid broad-spectrum sprays early. Keep records of inputs and yields each season to refine your plan.","agriculture,anthracnose,black,farming,india,jowar,pest"
Irrigation,ragi,helminthosporium leaf spot,How does crop insurance work for ragi and how do I claim?,"Use 4–6 irrigations for ragi depending on soil and rainfall. First irrigation 20–25 days after sowing, then at tillering, flowering, and grain filling. Drip/fertigation saves 30–40% water and improves uniformity. Mulching reduces evaporation. Avoid late heavy irrigation to prevent lodging.","agriculture,alluvial,farming,helminthosporium leaf spot,india,irrigation,ragi"
Weather,gram,ascochyta blight,Which government schemes can I use for gram cultivation and marketing?,"Heavy rain during flowering of gram causes pollen wash and yield loss. Ensure drainage, use raised beds, and avoid late nitrogen. If lodging risk exists, reduce N and increase K. Keep records of inputs and yields each season to refine your plan.","agriculture,ascochyta blight,farming,gram,india,sandy,weather"
Soil,pigeon pea,wilt,How do I practice organic farming in pigeon pea without losing yield?,"For pigeon pea, aim for soil pH 6.5–7.5. In acidic soils, apply lime (2–5 t/ha) 2–3 months before sowing. In alkaline soils, use gypsum (2–5 t/ha) and sulfur amendments. Build organic carbon (>0.75%) with FYM/compost and green manures. Keep records of inputs and yields each season to refine your plan.","agriculture,farming,india,pigeon pea,sandy,soil,wilt"
Government Scheme,green gram,bacterial leaf spot,What is a good NPK plan for green gram to avoid lodging and disease?,"For green gram, PMFBY provides yield-based insurance at low premium. Enroll through banks or CSC before sowing. Maintain plot-wise records and cooperate during crop cutting experiments for claim settlement. Keep records of inputs and yields each season to refine your plan.","agriculture,bacterial leaf spot,black,farming,government_scheme,green gram,india"
Harvesting,black gram,powdery mildew,What carbon farming practices can I adopt in black gram fields?,"In black gram, timely harvest improves market price. Use mechanical threshers where possible. Dry to safe moisture, clean, and store in hermetic bags or silos to prevent pests and mold. Keep records of inputs and yields each season to refine your plan.","agriculture,black gram,farming,harvesting,india,loamy,powdery mildew"
Marketing,banana,sigatoka leaf spot,How do I set up protected cultivation or greenhouse for banana?,"In banana, agri-business ideas can access credit via NABARD and agri-clinics schemes. Explore FPO formation, common facility centers, and market linkage programs. Check state horticulture missions for post-harvest support. Keep records of inputs and yields each season to refine your plan.","agriculture,banana,farming,india,marketing,sandy,sigatoka leaf spot"
Organic Farming,mango,spongy tissue,Which machines or implements are useful for mango to save labor and time?,"For organic mango, use Jeevamrut, Panchagavya, and Amritpani as foliar sprays. Manage weeds mechanically and through mulching. Build soil health with diverse rotations and cover crops. Keep records of inputs and yields each season to refine your plan.","agriculture,farming,india,mango,organic_farming,red,spongy tissue"
Yield Improvement,papaya,ring spot virus,How do I implement IPM in papaya step by step?,"For papaya, integrate agronomy and protection: quality seeds, seed treatment, balanced fertilizers, and need-based sprays. Avoid late sowing and water stress during reproductive stages. Keep records of inputs and yields each season to refine your plan.","agriculture,farming,india,laterite,papaya,ring spot virus,yield_improvement"
Seed Selection,grapes,anthracnose,How do I manage anthracnose in grapes? What are the symptoms and spray schedule?,"Use certified seeds of grapes for uniform germination and higher yield. Treat seeds with thiram/carbendazim (2 g/kg) or bio-agents (Trichoderma 4–5 g/kg). Store seeds in cool, dry place in moisture-proof bags. Keep records of inputs and yields each season to refine your plan.","agriculture,anthracnose,farming,grapes,india,loamy,seed_selection"
Post-Harvest,citrus,greening (huanglongbing),How do I move towards regenerative agriculture in citrus?,"In citrus, high moisture leads to mold and mycotoxins. Dry to safe levels, use moisture-proof liners, and keep bags off the floor on pallets. Inspect regularly for pests and dampness. Keep records of inputs and yields each season to refine your plan.","agriculture,citrus,farming,greening (huanglongbing),india,post-harvest,sandy"
Mechanization,turmeric,thrips damage,What GAP should I follow for turmeric to meet market and export standards?,"For turmeric, post-harvest mechanization (threshers, graders, dryers) improves quality and reduces losses. Clean and maintain equipment after each season. Keep records of inputs and yields each season to refine your plan.","agriculture,farming,india,loamy,mechanization,thrips damage,turmeric"
Intercropping,ginger,bacterial wilt,What GAP should I follow for ginger to meet market and export standards?,"For ginger, intercropping with short-duration vegetables increases land productivity. Plan sowing dates to avoid competition. Use balanced fertilizers and timely weeding. Keep records of inputs and yields each season to refine your plan.","agriculture,bacterial wilt,clay,farming,ginger,india,intercropping"
Crop Rotation,garlic,bacterial soft rot,What weather conditions harm garlic and how do I protect my crop?,"Rotate garlic with non-host crops (e.g., legumes) to break disease and pest cycles. Include green manures to improve soil health. Plan 2–3 year rotations based on soil and water availability. Keep records of inputs and yields each season to refine your plan.","agriculture,bacterial soft rot,crop_rotation,farming,garlic,india,laterite"
Water Conservation,coriander,stem gall,What GAP should I follow for coriander to meet market and export standards?,"In coriander, avoid over-irrigation which leaches nutrients and promotes diseases. Use tensiometers or soil moisture sensors for precise scheduling. Maintain drainage to prevent waterlogging. Keep records of inputs and yields each season to refine your plan.","agriculture,coriander,farming,india,red,stem gall,water_conservation"
Micronutrients,cumin,alternaria blight,How do I manage alternaria blight in cumin? What are the symptoms and spray schedule?,Fe deficiency in cumin shows as interveinal chlorosis in young leaves. Apply Fe-EDDHA foliar (0.5%) or chelated Fe with irrigation. Improve drainage and avoid high pH soils. Keep records of inputs and yields each season to refine your plan.,"agriculture,alternaria blight,cumin,farming,india,laterite,micronutrients"
NPK Management,rice,bacterial leaf blight,Which government schemes can I use for rice cultivation and marketing?,"In rice, excessive N without K increases lodging and disease. Maintain K at 50–60 kg/ha for stalk strength. Use 19:19:19 foliar at flowering for fruit set. Add FYM 5–10 t/ha for long-term soil health. Keep records of inputs and yields each season to refine your plan.","agriculture,bacterial leaf blight,farming,india,loamy,npk_management,rice"
IPM,wheat,powdery mildew,Which government schemes can I use for wheat cultivation and marketing?,"For wheat, IPM starts with monitoring: pheromone traps, field scouting, and ETL-based sprays. Use biocontrol (Trichogramma, NPV) and botanicals (neem) early. Rotate insecticide groups to delay resistance. Keep records of inputs and yields each season to refine your plan.","agriculture,farming,india,ipm,loamy,powdery mildew,wheat"
Weed Management,maize,banded leaf and sheath blight,How do I move towards regenerative agriculture in maize?,"For maize, timely weeding (first 30 days) is critical. Use mechanical weeding or recommended herbicides. Avoid late weeding that damages roots. Maintain crop geometry for canopy closure. Keep records of inputs and yields each season to refine your plan.","agriculture,banded leaf and sheath blight,farming,india,laterite,maize,weed_management"
Protected Cultivation,cotton,boll rot,"What are the signs of Zn, B, or S deficiency in cotton and how do I correct them?","In cotton, protected cultivation reduces pesticide use. Combine with biological controls and hygiene. Plan crop cycles to match market demand. Keep records of inputs and yields each season to refine your plan.","agriculture,boll rot,cotton,farming,india,protected_cultivation,red"
Greenhouse,sugarcane,red rot,How do I set up protected cultivation or greenhouse for sugarcane?,"In sugarcane, protected cultivation reduces pesticide use. Combine with biological controls and hygiene. Plan crop cycles to match market demand. Keep records of inputs and yields each season to refine your plan.","agriculture,clay,farming,greenhouse,india,red rot,sugarcane"
Hydroponics,soybean,frogeye leaf spot,How should I plan crop rotation with soybean to improve soil health?,"In soybean, protected cultivation reduces pesticide use. Combine with biological controls and hygiene. Plan crop cycles to match market demand. Keep records of inputs and yields each season to refine your plan.","agriculture,farming,frogeye leaf spot,hydroponics,india,laterite,soybean"
Carbon Farming,tomato,bacterial wilt,How do I move towards regenerative agriculture in tomato?,"In tomato, reduced tillage and mulching improve SOC and water retention. Avoid burning residues; incorporate or use for mulch. Align with national carbon initiatives. Keep records of inputs and yields each season to refine your plan.","agriculture,bacterial wilt,black,carbon_farming,farming,india,tomato"
Regenerative Agriculture,potato,scab,What weather conditions harm potato and how do I protect my crop?,"In potato, combine traditional knowledge with modern science for regenerative outcomes. Use participatory trials and share results with neighbors. Seek technical support from agriculture departments. Keep records of inputs and yields each season to refine your plan.","agriculture,farming,india,potato,red,regenerative_agriculture,scab"
GAP,onion,purple blotch,Which machines or implements are useful for onion to save labor and time?,"For onion, GAP covers seed quality, soil health, water management, and worker safety. Use protective gear, calibrate sprayers, and keep input records. Train labor on safe handling. Keep records of inputs and yields each season to refine your plan.","agriculture,clay,farming,gap,india,onion,purple blotch"
Insurance,chilli,powdery mildew,What are good intercropping options with chilli to increase income?,"For chilli, explore state-specific insurance top-ups and micro-insurance. Maintain communication with insurance agents. File claims promptly with required documents. Keep records of inputs and yields each season to refine your plan.","agriculture,chilli,farming,india,insurance,loamy,powdery mildew"
Fertilizer,brinjal,fruit rot,How do I store brinjal grains safely to avoid pests and mold?,"Use 60–100 kg N/ha for brinjal depending on rainfall and soil. Apply basal NPK (12:32:16 or 15:15:15) at 150–200 kg/ha at sowing, then top-dress urea in 2–3 splits. Include 20–25 kg/ha ZnSO4 where soils are alkaline. For irrigated conditions, split N at vegetative, flowering, and pod/fruit setting. In rainfed areas, use slow-release N and mulch to reduce losses.","agriculture,alluvial,brinjal,farming,fertilizer,fruit rot,india"
Disease,cabbage,alternaria leaf spot,What is a good NPK plan for cabbage to avoid lodging and disease?,"For alternaria leaf spot in cabbage, early detection is key. Symptoms include leaf spots and wilting. Spray recommended fungicides (e.g., propiconazole, tebuconazole) at label doses. Practice field sanitation, avoid water stagnation, and maintain plant spacing for airflow. Keep records of inputs and yields each season to refine your plan.","agriculture,alluvial,alternaria leaf spot,cabbage,disease,farming,india"
Pest,cauliflower,downy mildew,What water conservation practices work best for cauliflower in my area?,"For cauliflower, integrate mechanical (handpicking), biological (Trichogramma), and chemical controls. Avoid tank mixes that harm beneficials. Follow label doses and pre-harvest intervals. Keep records of inputs and yields each season to refine your plan.","agriculture,cauliflower,clay,downy mildew,farming,india,pest"
Irrigation,okra,anthracnose,How does crop insurance work for okra and how do I claim?,"For okra, maintain soil moisture at 50–60% field capacity. Use drip or furrow irrigation to save 20–30% water. Avoid waterlogging; ensure drainage in heavy soils. Critical stages: sowing, flowering, and pod/fruit set. In summer, irrigate every 5–7 days; in winter, every 8–10 days.","agriculture,anthracnose,farming,india,irrigation,loamy,okra"
Weather,groundnut,leaf spot,What is a good NPK plan for groundnut to avoid lodging and disease?,"For groundnut, high humidity favors fungal diseases. Increase plant spacing, avoid overhead irrigation, and use protective fungicides before monsoon peaks. Use weather-based advisories for spray timing. Keep records of inputs and yields each season to refine your plan.","agriculture,farming,groundnut,india,leaf spot,sandy,weather"
Soil,mustard,white rust,What water conservation practices work best for mustard in my area?,"In mustard, heavy clay soils need raised beds and proper drainage. Sandy soils benefit from mulching and frequent light irrigations. Loamy soils are ideal; maintain OC with crop residues and manures. Keep records of inputs and yields each season to refine your plan.","agriculture,farming,india,mustard,sandy,soil,white rust"
Government Scheme,sunflower,rust,What carbon farming practices can I adopt in sunflower fields?,"In sunflower, state schemes may offer seed subsidies, drip irrigation support, and power concessions. Keep Aadhaar, land records, and bank details updated for scheme benefits. Use KCC for working capital and input purchases. Keep records of inputs and yields each season to refine your plan.","agriculture,black,farming,government_scheme,india,rust,sunflower"
Harvesting,bajra,blast,"What soil type and pH are ideal for bajra, and how do I improve my soil?","For bajra, harvest at correct stage to maintain quality. Handle gently to avoid bruising. Sort and grade immediately; pack in clean, dry containers. Avoid evening harvest in high humidity to reduce disease. Keep records of inputs and yields each season to refine your plan.","agriculture,bajra,blast,clay,farming,harvesting,india"
Marketing,jowar,downy mildew,What GAP should I follow for jowar to meet market and export standards?,"In jowar, state schemes may offer seed subsidies, drip irrigation support, and power concessions. Keep Aadhaar, land records, and bank details updated for scheme benefits. Use KCC for working capital and input purchases. Keep records of inputs and yields each season to refine your plan.","agriculture,downy mildew,farming,india,jowar,loamy,marketing"
Organic Farming,ragi,blast,How does crop insurance work for ragi and how do I claim?,"For organic ragi, use Jeevamrut, Panchagavya, and Amritpani as foliar sprays. Manage weeds mechanically and through mulching. Build soil health with diverse rotations and cover crops. Keep records of inputs and yields each season to refine your plan.","agriculture,blast,farming,india,loamy,organic_farming,ragi"
Yield Improvement,gram,alternaria blight,Which machines or implements are useful for gram to save labor and time?,"For gram, integrate agronomy and protection: quality seeds, seed treatment, balanced fertilizers, and need-based sprays. Avoid late sowing and water stress during reproductive stages. Keep records of inputs and yields each season to refine your plan.","agriculture,alternaria blight,clay,farming,gram,india,yield_improvement"
Seed Selection,pigeon pea,alternaria blight,How do I practice organic farming in pigeon pea without losing yield?,"For pigeon pea, select seeds from healthy plants, free from disease. Maintain seed purity and avoid mixing varieties. Use seed replacement every 2–3 years for best results. Keep records of inputs and yields each season to refine your plan.","agriculture,alternaria blight,black,farming,india,pigeon pea,seed_selection"
Storage,green gram,anthracnose,Which irrigation method saves the most water for green gram without reducing yield?,"Store green gram grains at 12–14% moisture in clean, dry, rodent-proof structures. Treat storage area with malathion dust. Use hermetic bags or PICS bags for pulses. Fumigate with aluminum phosphide if needed, following safety protocols. Keep records of inputs and yields each season to refine your plan.","agriculture,anthracnose,farming,green gram,india,loamy,storage"
Post-Harvest,black gram,yellow mosaic virus,What are good intercropping options with black gram to increase income?,"In black gram, fumigation should be done by trained personnel. Seal stores properly, use recommended doses, and observe aeration periods before sale or consumption. Keep records of inputs and yields each season to refine your plan.","agriculture,black gram,clay,farming,india,post-harvest,yellow mosaic virus"
Mechanization,banana,panama wilt,Which irrigation method saves the most water for banana without reducing yield?,"In banana, use power tillers or tractors with appropriate implements. Adopt zero-till where feasible to save time and fuel. Train operators on safe handling and maintenance. Keep records of inputs and yields each season to refine your plan.","agriculture,banana,farming,india,mechanization,panama wilt,sandy"
Intercropping,mango,powdery mildew,What carbon farming practices can I adopt in mango fields?,"For mango, relay cropping or sequential cropping maximizes land use. Maintain soil fertility with FYM and biofertilizers. Use crop-specific herbicides carefully. Keep records of inputs and yields each season to refine your plan.","agriculture,clay,farming,india,intercropping,mango,powdery mildew"
Crop Rotation,papaya,ring spot virus,What are good intercropping options with papaya to increase income?,"For papaya, integrate livestock or agroforestry in rotations for diversification. Use manure and compost to recycle nutrients. Monitor soil tests to adjust rotations. Keep records of inputs and yields each season to refine your plan.","agriculture,crop_rotation,farming,india,papaya,red,ring spot virus"
Water Conservation,grapes,downy mildew,What carbon farming practices can I adopt in grapes fields?,"For grapes, use alternate wetting and drying (AWD) where feasible. Recycle field drainage and harvest rainwater in ponds. Maintain field bunds and channels. Keep records of inputs and yields each season to refine your plan.","agriculture,downy mildew,farming,grapes,india,sandy,water_conservation"
Micronutrients,pomegranate,bacterial blight,How do I move towards regenerative agriculture in pomegranate?,"S deficiency in pomegranate leads to pale young leaves. Use SSP or gypsum to supply S (20–40 kg/ha). In high-rainfall areas, split S applications to reduce leaching. Keep records of inputs and yields each season to refine your plan.","agriculture,bacterial blight,farming,india,laterite,micronutrients,pomegranate"
NPK Management,citrus,citrus canker,Which irrigation method saves the most water for citrus without reducing yield?,"Balanced NPK in citrus improves yield and stress tolerance. Use soil test-based doses; typical ranges: N 80–120, P2O5 40–60, K2O 40–60 kg/ha. Split N in 2–3 doses; place P and K basally near seed. Keep records of inputs and yields each season to refine your plan.","agriculture,black,citrus,citrus canker,farming,india,npk_management"
IPM,turmeric,leaf blotch,Which government schemes can I use for turmeric cultivation and marketing?,"For turmeric, integrate pheromone traps (10–12/ha), NSKE 5%, and targeted insecticides. Avoid prophylactic sprays. Train labor on safe handling and PPE use. Keep records of inputs and yields each season to refine your plan.","agriculture,clay,farming,india,ipm,leaf blotch,turmeric"
Weed Management,ginger,soft rot,How do I store ginger grains safely to avoid pests and mold?,"In ginger, integrate cultural (crop rotation, cover crops), mechanical (hoeing), and chemical weed control. Use herbicide-tolerant varieties where available. Rotate herbicide modes of action to prevent resistance. Keep records of inputs and yields each season to refine your plan.","agriculture,farming,ginger,india,loamy,soft rot,weed_management"
Protected Cultivation,garlic,rust,How can I increase yield in garlic with better agronomy and protection?,"For garlic, polyhouses improve yield and quality. Install fans and foggers for climate control. Use reflective mulch and trellising for better light distribution. Keep records of inputs and yields each season to refine your plan.","agriculture,farming,garlic,india,laterite,protected_cultivation,rust"
Greenhouse,coriander,alternaria blight,What is the best fertilizer dose and schedule for coriander in alluvial soil?,"For coriander, polyhouses improve yield and quality. Install fans and foggers for climate control. Use reflective mulch and trellising for better light distribution. Keep records of inputs and yields each season to refine your plan.","agriculture,alluvial,alternaria blight,coriander,farming,greenhouse,india"
Hydroponics,cumin,alternaria blight,What is the best fertilizer dose and schedule for cumin in loamy soil?,"In cumin, protected cultivation reduces pesticide use. Combine with biological controls and hygiene. Plan crop cycles to match market demand. Keep records of inputs and yields each season to refine your plan.","agriculture,alternaria blight,cumin,farming,hydroponics,india,loamy"
Carbon Farming,rice,blast,What GAP should I follow for rice to meet market and export standards?,"In rice, precision fertilizer use reduces N2O emissions. Use urease inhibitors and split N applications. Combine with renewable energy for irrigation. Keep records of inputs and yields each season to refine your plan.","agriculture,blast,carbon_farming,clay,farming,india,rice"
Regenerative Agriculture,wheat,rust,Which irrigation method saves the most water for wheat without reducing yield?,"In wheat, regenerative practices improve long-term profitability. Reduce external inputs, increase on-farm nutrient cycling, and maintain soil cover. Document practices for learning and scaling. Keep records of inputs and yields each season to refine your plan.","agriculture,farming,india,regenerative_agriculture,rust,sandy,wheat"
GAP,maize,fusarium stalk rot,How do I practice organic farming in maize without losing yield?,"In maize, GAP improves product quality and reduces residues. Implement standard operating procedures for spraying, harvesting, and packing. Seek certification where markets demand it. Keep records of inputs and yields each season to refine your plan.","agriculture,black,farming,fusarium stalk rot,gap,india,maize"
Insurance,cotton,bacterial blight,How do I practice organic farming in cotton without losing yield?,"For cotton, explore state-specific insurance top-ups and micro-insurance. Maintain communication with insurance agents. File claims promptly with required documents. Keep records of inputs and yields each season to refine your plan.","agriculture,bacterial blight,black,cotton,farming,india,insurance"
Disease,soybean,rust,What are good intercropping options with soybean to increase income?,"Control rust in soybean with integrated measures: resistant varieties, seed treatment (thiram/carbendazim 2 g/kg), and timely sprays. Avoid excessive nitrogen which increases susceptibility. Use biocontrol (Trichoderma 4–5 g/kg seed) for soil-borne diseases. Keep records of inputs and yields each season to refine your plan.","agriculture,disease,farming,india,red,rust,soybean"
Pest,tomato,late blight,How do I implement IPM in tomato step by step?,"For tomato, integrate mechanical (handpicking), biological (Trichogramma), and chemical controls. Avoid tank mixes that harm beneficials. Follow label doses and pre-harvest intervals. Keep records of inputs and yields each season to refine your plan.","agriculture,farming,india,late blight,pest,sandy,tomato"
Irrigation,potato,bacterial wilt,"How can I control aphids, whitefly, cutworm, tuber moth in potato using IPM and reduce chemical sprays?","In potato, schedule irrigation based on soil type: sandy soils need frequent light irrigation; clay soils need fewer but deeper irrigations. Use tensiometer at 15–20 cm depth; irrigate at −20 to −30 kPa. Avoid drought at flowering to prevent yield loss.","agriculture,bacterial wilt,farming,india,irrigation,potato,sandy"
Weather,onion,neck rot,What are good intercropping options with onion to increase income?,"In onion, unexpected hail can damage canopy. Ensure good K nutrition for resilience. After hail, apply broad-spectrum fungicide to prevent secondary infections and maintain drainage. Keep records of inputs and yields each season to refine your plan.","agriculture,black,farming,india,neck rot,onion,weather"
Soil,chilli,bacterial leaf spot,How do I manage bacterial leaf spot in chilli? What are the symptoms and spray schedule?,"Best soils for chilli are deep, well-drained loamy to clay loam with pH 6.0–7.5. In black soils, ensure good drainage to avoid root diseases. In red soils, add 4–6 t/ha FYM and 20–25 kg/ha ZnSO4. In sandy soils, increase organic matter and use split fertilizer doses.","agriculture,bacterial leaf spot,black,chilli,farming,india,soil"
Government Scheme,brinjal,mosaic,How do I implement IPM in brinjal step by step?,"In brinjal, agri-business ideas can access credit via NABARD and agri-clinics schemes. Explore FPO formation, common facility centers, and market linkage programs. Check state horticulture missions for post-harvest support. Keep records of inputs and yields each season to refine your plan.","agriculture,brinjal,farming,government_scheme,india,loamy,mosaic"
Harvesting,cabbage,powdery mildew,How do I practice organic farming in cabbage without losing yield?,"For cabbage, harvest in dry weather. Use sharp sickles or mechanical harvesters to minimize losses. Dry produce to safe moisture (grains 12–14%, pulses 10–12%) before storage. Clean and grade before marketing. Keep records of inputs and yields each season to refine your plan.","agriculture,black,cabbage,farming,harvesting,india,powdery mildew"
Marketing,cauliflower,alternaria leaf spot,What are effective weed control methods for cauliflower that are safe and cheap?,"In cauliflower, agri-business ideas can access credit via NABARD and agri-clinics schemes. Explore FPO formation, common facility centers, and market linkage programs. Check state horticulture missions for post-harvest support. Keep records of inputs and yields each season to refine your plan.","agriculture,alternaria leaf spot,cauliflower,farming,india,marketing,red"
Organic Farming,okra,powdery mildew,What weather conditions harm okra and how do I protect my crop?,"In okra, adopt crop rotation with legumes, green manures (dhaincha, sunhemp), and mulching. Maintain field sanitation and use resistant varieties. Certification via NPOP/PGS-India adds market value. Keep records of inputs and yields each season to refine your plan.","agriculture,farming,india,okra,organic_farming,powdery mildew,red"
Yield Improvement,groundnut,collar rot,Which government schemes can I use for groundnut cultivation and marketing?,"For groundnut, target 10–15% higher yield by adopting improved varieties, micro-irrigation, and INM. Ensure timely sowing, proper spacing, and timely weeding. Use foliar nutrients at critical stages. Keep records of inputs and yields each season to refine your plan.","agriculture,clay,collar rot,farming,groundnut,india,yield_improvement"
Seed Selection,mustard,alternaria leaf spot,What carbon farming practices can I adopt in mustard fields?,"In mustard, procure seeds from certified agencies. Check germination before sowing; aim for >85%. Avoid storage in humid conditions. Keep records of inputs and yields each season to refine your plan.","agriculture,alternaria leaf spot,farming,india,mustard,red,seed_selection"
Storage,sunflower,downy mildew,How does crop insurance work for sunflower and how do I claim?,"In sunflower, fumigation should be done by trained personnel. Seal stores properly, use recommended doses, and observe aeration periods before sale or consumption. Keep records of inputs and yields each season to refine your plan.","agriculture,clay,downy mildew,farming,india,storage,sunflower"
Post-Harvest,bajra,blast,What are good intercropping options with bajra to increase income?,"Store bajra grains at 12–14% moisture in clean, dry, rodent-proof structures. Treat storage area with malathion dust. Use hermetic bags or PICS bags for pulses. Fumigate with aluminum phosphide if needed, following safety protocols. Keep records of inputs and yields each season to refine your plan.","agriculture,bajra,blast,farming,india,post-harvest,sandy"
Mechanization,jowar,downy mildew,Which irrigation method saves the most water for jowar without reducing yield?,"For jowar, combine harvesters reduce field losses but require proper adjustment. Use moisture meters to decide harvest time. Store machinery under cover to extend life. Keep records of inputs and yields each season to refine your plan.","agriculture,downy mildew,farming,india,jowar,mechanization,sandy"
Intercropping,ragi,blast,What GAP should I follow for ragi to meet market and export standards?,"In ragi, intercropping with aromatic or medicinal plants can add income. Ensure market linkages and proper spacing. Manage water and nutrients for both crops. Keep records of inputs and yields each season to refine your plan.","agriculture,blast,farming,india,intercropping,ragi,red"
Crop Rotation,gram,botrytis grey mold,What is a good NPK plan for gram to avoid lodging and disease?,"For gram, avoid continuous monoculture. Rotate with cereals/legumes to balance nutrients. Use residue incorporation and cover crops to build organic matter. Keep records of inputs and yields each season to refine your plan.","agriculture,alluvial,botrytis grey mold,crop_rotation,farming,gram,india"
Water Conservation,pigeon pea,sterility mosaic,How do I practice organic farming in pigeon pea without losing yield?,"In pigeon pea, avoid over-irrigation which leaches nutrients and promotes diseases. Use tensiometers or soil moisture sensors for precise scheduling. Maintain drainage to prevent waterlogging. Keep records of inputs and yields each season to refine your plan.","agriculture,black,farming,india,pigeon pea,sterility mosaic,water_conservation"
Micronutrients,green gram,powdery mildew,"What are the signs of Zn, B, or S deficiency in green gram and how do I correct them?",Fe deficiency in green gram shows as interveinal chlorosis in young leaves. Apply Fe-EDDHA foliar (0.5%) or chelated Fe with irrigation. Improve drainage and avoid high pH soils. Keep records of inputs and yields each season to refine your plan.,"agriculture,farming,green gram,india,micronutrients,powdery mildew,red"
NPK Management,black gram,alternaria leaf spot,What water conservation practices work best for black gram in my area?,"For black gram, P fixation in alkaline soils reduces efficiency. Band P near roots, use SSP or DAP, and maintain pH 6.5–7.5 with amendments. Add Zn and S where deficient. Keep records of inputs and yields each season to refine your plan.","agriculture,alluvial,alternaria leaf spot,black gram,farming,india,npk_management"
IPM,banana,banana bunchy top virus,How should I plan crop rotation with banana to improve soil health?,"For banana, integrate pheromone traps (10–12/ha), NSKE 5%, and targeted insecticides. Avoid prophylactic sprays. Train labor on safe handling and PPE use. Keep records of inputs and yields each season to refine your plan.","agriculture,banana,banana bunchy top virus,farming,india,ipm,red"
Weed Management,mango,bacterial canker,"What are the signs of Zn, B, or S deficiency in mango and how do I correct them?","For mango, hand weeding is effective but labor-intensive. Combine with pre-emergence sprays and mulching. Keep field borders clean to reduce weed seed bank. Keep records of inputs and yields each season to refine your plan.","agriculture,bacterial canker,clay,farming,india,mango,weed_management"
Protected Cultivation,papaya,powdery mildew,"What are the signs of Zn, B, or S deficiency in papaya and how do I correct them?","For papaya, greenhouses enable year-round production. Use insect-proof nets, drip irrigation, and balanced fertigation. Train labor on climate management and IPM. Keep records of inputs and yields each season to refine your plan.","agriculture,black,farming,india,papaya,powdery mildew,protected_cultivation"
Greenhouse,grapes,powdery mildew,What GAP should I follow for grapes to meet market and export standards?,"For grapes, polyhouses improve yield and quality. Install fans and foggers for climate control. Use reflective mulch and trellising for better light distribution. Keep records of inputs and yields each season to refine your plan.","agriculture,farming,grapes,greenhouse,india,powdery mildew,sandy"
Hydroponics,pomegranate,leaf spot,What is a good NPK plan for pomegranate to avoid lodging and disease?,"For pomegranate, greenhouses enable year-round production. Use insect-proof nets, drip irrigation, and balanced fertigation. Train labor on climate management and IPM. Keep records of inputs and yields each season to refine your plan.","agriculture,clay,farming,hydroponics,india,leaf spot,pomegranate"
Carbon Farming,citrus,powdery mildew,How can I increase yield in citrus with better agronomy and protection?,"For citrus, integrate livestock and manure management to recycle nutrients and carbon. Use compost and biochar where feasible. Monitor soil health indicators. Keep records of inputs and yields each season to refine your plan.","agriculture,carbon_farming,citrus,farming,india,laterite,powdery mildew"
Regenerative Agriculture,turmeric,anthracnose,How do I practice organic farming in turmeric without losing yield?,"For turmeric, regenerative systems need patient investment. Start with pilot plots, measure soil carbon and yields, and scale gradually. Engage with FPOs for collective action. Keep records of inputs and yields each season to refine your plan.","agriculture,anthracnose,clay,farming,india,regenerative_agriculture,turmeric"
GAP,ginger,thrips damage,What weather conditions harm ginger and how do I protect my crop?,"In ginger, GAP reduces risks and builds buyer trust. Regularly audit practices and update SOPs. Engage with buyers to understand quality standards. Keep records of inputs and yields each season to refine your plan.","agriculture,black,farming,gap,ginger,india,thrips damage"
Insurance,garlic,white rot,Which government schemes can I use for garlic cultivation and marketing?,"For garlic, insurance complements good agronomy. Keep plot-wise records and photos of damage. Understand exclusions and claim processes. Pay premiums on time. Keep records of inputs and yields each season to refine your plan.","agriculture,clay,farming,garlic,india,insurance,white rot"
Disease,cumin,alternaria blight,Which machines or implements are useful for cumin to save labor and time?,"In cumin, alternaria blight shows leaf spots and wilting. Prevent by using certified seeds, crop rotation, and balanced NPK. For fungal diseases, spray mancozeb 0.25% or carbendazim 0.1% at first sign. Improve drainage and avoid late evening irrigation. Remove infected debris.","agriculture,alternaria blight,black,cumin,disease,farming,india"
Pest,rice,sheath blight,How do I implement IPM in rice step by step?,"For rice, integrate mechanical (handpicking), biological (Trichogramma), and chemical controls. Avoid tank mixes that harm beneficials. Follow label doses and pre-harvest intervals. Keep records of inputs and yields each season to refine your plan.","agriculture,farming,india,loamy,pest,rice,sheath blight"
Irrigation,wheat,powdery mildew,What are good intercropping options with wheat to increase income?,"In wheat, schedule irrigation based on soil type: sandy soils need frequent light irrigation; clay soils need fewer but deeper irrigations. Use tensiometer at 15–20 cm depth; irrigate at −20 to −30 kPa. Avoid drought at flowering to prevent yield loss.","agriculture,black,farming,india,irrigation,powdery mildew,wheat"
Weather,maize,fusarium stalk rot,How do I select and treat seeds for maize to improve germination?,"Heavy rain during flowering of maize causes pollen wash and yield loss. Ensure drainage, use raised beds, and avoid late nitrogen. If lodging risk exists, reduce N and increase K. Keep records of inputs and yields each season to refine your plan.","agriculture,farming,fusarium stalk rot,india,loamy,maize,weather"
Soil,cotton,pink bollworm damage,How do I store cotton grains safely to avoid pests and mold?,"In cotton, heavy clay soils need raised beds and proper drainage. Sandy soils benefit from mulching and frequent light irrigations. Loamy soils are ideal; maintain OC with crop residues and manures. Keep records of inputs and yields each season to refine your plan.","agriculture,cotton,farming,india,laterite,pink bollworm damage,soil"
Government Scheme,sugarcane,ratoon stunting disease,How can I increase yield in sugarcane with better agronomy and protection?,"In sugarcane, agri-business ideas can access credit via NABARD and agri-clinics schemes. Explore FPO formation, common facility centers, and market linkage programs. Check state horticulture missions for post-harvest support. Keep records of inputs and yields each season to refine your plan.","agriculture,farming,government_scheme,india,ratoon stunting disease,red,sugarcane"
Harvesting,soybean,sudden death syndrome,How do I implement IPM in soybean step by step?,"In soybean, early harvest reduces field losses and aflatoxin risk. Dry on clean tarps; avoid direct soil contact. Use moisture meters to ensure safe storage levels. Store in fumigated, rodent-proof structures. Keep records of inputs and yields each season to refine your plan.","agriculture,black,farming,harvesting,india,soybean,sudden death syndrome"
Marketing,tomato,powdery mildew,What carbon farming practices can I adopt in tomato fields?,"For tomato, MSP announcements and procurement vary by state. Register on e-NAM for better market access. FPO membership can improve bargaining power. Explore agri-infrastructure funds for storage and processing. Keep records of inputs and yields each season to refine your plan.","agriculture,black,farming,india,marketing,powdery mildew,tomato"
Organic Farming,potato,scab,What weather conditions harm potato and how do I protect my crop?,"For potato, organic yields improve over 2–3 years as soil health builds. Use seed treatment with Trichoderma and biofertilizers. Avoid contamination from conventional inputs and maintain buffer zones. Keep records of inputs and yields each season to refine your plan.","agriculture,farming,india,organic_farming,potato,sandy,scab"
Yield Improvement,onion,downy mildew,What weather conditions harm onion and how do I protect my crop?,"For onion, target 10–15% higher yield by adopting improved varieties, micro-irrigation, and INM. Ensure timely sowing, proper spacing, and timely weeding. Use foliar nutrients at critical stages. Keep records of inputs and yields each season to refine your plan.","agriculture,downy mildew,farming,india,laterite,onion,yield_improvement"
Seed Selection,chilli,dieback,What carbon farming practices can I adopt in chilli fields?,"For chilli, select seeds from healthy plants, free from disease. Maintain seed purity and avoid mixing varieties. Use seed replacement every 2–3 years for best results. Keep records of inputs and yields each season to refine your plan.","agriculture,chilli,dieback,farming,india,loamy,seed_selection"
Storage,brinjal,alternaria leaf spot,How do I manage alternaria leaf spot in brinjal? What are the symptoms and spray schedule?,"For brinjal, ensure produce is dry and clean before storage. Avoid mixing old and new stock. Use neem leaves or botanicals in small stores. Monitor temperature and humidity; aerate if needed. Keep records of inputs and yields each season to refine your plan.","agriculture,alluvial,alternaria leaf spot,brinjal,farming,india,storage"
Post-Harvest,cabbage,clubroot,Which irrigation method saves the most water for cabbage without reducing yield?,"In cabbage, high moisture leads to mold and mycotoxins. Dry to safe levels, use moisture-proof liners, and keep bags off the floor on pallets. Inspect regularly for pests and dampness. Keep records of inputs and yields each season to refine your plan.","agriculture,cabbage,clubroot,farming,india,post-harvest,red"
Mechanization,cauliflower,alternaria leaf spot,How do I manage alternaria leaf spot in cauliflower? What are the symptoms and spray schedule?,"In cauliflower, use power tillers or tractors with appropriate implements. Adopt zero-till where feasible to save time and fuel. Train operators on safe handling and maintenance. Keep records of inputs and yields each season to refine your plan.","agriculture,alternaria leaf spot,cauliflower,farming,india,mechanization,red"
Intercropping,okra,root-knot nematode,What is a good NPK plan for okra to avoid lodging and disease?,"For okra, relay cropping or sequential cropping maximizes land use. Maintain soil fertility with FYM and biofertilizers. Use crop-specific herbicides carefully. Keep records of inputs and yields each season to refine your plan.","agriculture,clay,farming,india,intercropping,okra,root-knot nematode"
Crop Rotation,groundnut,bud necrosis virus,How do I manage bud necrosis virus in groundnut? What are the symptoms and spray schedule?,"Rotate groundnut with non-host crops (e.g., legumes) to break disease and pest cycles. Include green manures to improve soil health. Plan 2–3 year rotations based on soil and water availability. Keep records of inputs and yields each season to refine your plan.","agriculture,bud necrosis virus,crop_rotation,farming,groundnut,india,laterite"
Water Conservation,mustard,downy mildew,How do I move towards regenerative agriculture in mustard?,"In mustard, avoid over-irrigation which leaches nutrients and promotes diseases. Use tensiometers or soil moisture sensors for precise scheduling. Maintain drainage to prevent waterlogging. Keep records of inputs and yields each season to refine your plan.","agriculture,black,downy mildew,farming,india,mustard,water_conservation"
Micronutrients,sunflower,alternaria leaf spot,What GAP should I follow for sunflower to meet market and export standards?,"S deficiency in sunflower leads to pale young leaves. Use SSP or gypsum to supply S (20–40 kg/ha). In high-rainfall areas, split S applications to reduce leaching. Keep records of inputs and yields each season to refine your plan.","agriculture,alternaria leaf spot,clay,farming,india,micronutrients,sunflower"
NPK Management,bajra,leaf spot,How should I plan crop rotation with bajra to improve soil health?,"In bajra, excessive N without K increases lodging and disease. Maintain K at 50–60 kg/ha for stalk strength. Use 19:19:19 foliar at flowering for fruit set. Add FYM 5–10 t/ha for long-term soil health. Keep records of inputs and yields each season to refine your plan.","agriculture,bajra,farming,india,leaf spot,loamy,npk_management"
IPM,jowar,leaf blight,How do I implement IPM in jowar step by step?,"For jowar, combine mechanical (handpicking), biological (parasitoids), and chemical controls. Calibrate sprayers; apply at correct growth stage. Follow pre-harvest intervals and safety norms. Keep records of inputs and yields each season to refine your plan.","agriculture,farming,india,ipm,jowar,leaf blight,sandy"
Weed Management,ragi,bacterial leaf streak,Which irrigation method saves the most water for ragi without reducing yield?,"In ragi, avoid waterlogging which favors weeds. Use narrow row spacing and early canopy closure to suppress weeds. Scout fields regularly and remove weeds before seed set. Keep records of inputs and yields each season to refine your plan.","agriculture,bacterial leaf streak,farming,india,ragi,sandy,weed_management"
Protected Cultivation,gram,ascochyta blight,How do I store gram grains safely to avoid pests and mold?,"In gram, protected cultivation reduces pesticide use. Combine with biological controls and hygiene. Plan crop cycles to match market demand. Keep records of inputs and yields each season to refine your plan.","agriculture,ascochyta blight,farming,gram,india,laterite,protected_cultivation"
Greenhouse,pigeon pea,alternaria blight,What is a good NPK plan for pigeon pea to avoid lodging and disease?,"For pigeon pea, polyhouses improve yield and quality. Install fans and foggers for climate control. Use reflective mulch and trellising for better light distribution. Keep records of inputs and yields each season to refine your plan.","agriculture,alluvial,alternaria blight,farming,greenhouse,india,pigeon pea"
Hydroponics,green gram,alternaria leaf spot,What is the best fertilizer dose and schedule for green gram in loamy soil?,"In green gram, protected cultivation reduces pesticide use. Combine with biological controls and hygiene. Plan crop cycles to match market demand. Keep records of inputs and yields each season to refine your plan.","agriculture,alternaria leaf spot,farming,green gram,hydroponics,india,loamy"
Carbon Farming,black gram,yellow mosaic virus,What weather conditions harm black gram and how do I protect my crop?,"For black gram, agroforestry and perennial systems sequester more carbon. Use diverse rotations and organic amendments. Maintain records for potential carbon income. Keep records of inputs and yields each season to refine your plan.","agriculture,black gram,carbon_farming,farming,india,laterite,yellow mosaic virus"
Regenerative Agriculture,banana,panama wilt,How do I set up protected cultivation or greenhouse for banana?,"In banana, regenerative practices improve long-term profitability. Reduce external inputs, increase on-farm nutrient cycling, and maintain soil cover. Document practices for learning and scaling. Keep records of inputs and yields each season to refine your plan.","agriculture,banana,farming,india,loamy,panama wilt,regenerative_agriculture"
GAP,mango,powdery mildew,What weather conditions harm mango and how do I protect my crop?,"For mango, GAP covers seed quality, soil health, water management, and worker safety. Use protective gear, calibrate sprayers, and keep input records. Train labor on safe handling. Keep records of inputs and yields each season to refine your plan.","agriculture,farming,gap,india,mango,powdery mildew,red"
Insurance,papaya,anthracnose,How do I move towards regenerative agriculture in papaya?,"Crop insurance (PMFBY) for papaya covers yield losses due to weather, pests, and diseases. Enroll before sowing through banks or CSC. Cooperate during crop cutting experiments for claim settlement. Keep records of inputs and yields each season to refine your plan.","agriculture,anthracnose,farming,india,insurance,loamy,papaya"
Fertilizer,grapes,powdery mildew,"What are the signs of Zn, B, or S deficiency in grapes and how do I correct them?","For grapes, start with a soil test. In most alluvial/loamy soils, apply 80–120 kg N/ha, 40–60 kg P2O5/ha, and 40–60 kg K2O/ha in splits. At sowing, place full P and K plus 1/3 N near the seed. Top-dress remaining N at tillering/vegetative stage and again at flowering. Add 5–10 t/ha FYM or compost before sowing. Use ZnSO4 (20–25 kg/ha) if deficient. Avoid excessive urea to prevent lodging and disease.","agriculture,farming,fertilizer,grapes,india,laterite,powdery mildew"
Disease,pomegranate,fruit rot,How do I select and treat seeds for pomegranate to improve germination?,"In pomegranate, fruit rot spreads in warm, humid conditions. Use protective sprays (mancozeb 0.25%) before monsoon peaks. Combine with resistant varieties and avoid overhead irrigation. Rotate with non-host crops to break disease cycles. Keep records of inputs and yields each season to refine your plan.","agriculture,disease,farming,fruit rot,india,pomegranate,sandy"
Pest,citrus,greening (huanglongbing),What weather conditions harm citrus and how do I protect my crop?,"In citrus, pests like fruit fly, leaf miner, psylla, scale insects cause yield loss. Use sticky traps for whiteflies/aphids. Apply recommended insecticides at correct doses. Maintain field hygiene and remove weed hosts. Keep records of inputs and yields each season to refine your plan.","agriculture,citrus,farming,greening (huanglongbing),india,loamy,pest"
Irrigation,turmeric,rhizome rot,How do I manage rhizome rot in turmeric? What are the symptoms and spray schedule?,"Use 4–6 irrigations for turmeric depending on soil and rainfall. First irrigation 20–25 days after sowing, then at tillering, flowering, and grain filling. Drip/fertigation saves 30–40% water and improves uniformity. Mulching reduces evaporation. Avoid late heavy irrigation to prevent lodging.","agriculture,farming,india,irrigation,red,rhizome rot,turmeric"
Weather,ginger,thrips damage,What weather conditions harm ginger and how do I protect my crop?,"Heavy rain during flowering of ginger causes pollen wash and yield loss. Ensure drainage, use raised beds, and avoid late nitrogen. If lodging risk exists, reduce N and increase K. Keep records of inputs and yields each season to refine your plan.","agriculture,farming,ginger,india,loamy,thrips damage,weather"
Soil,garlic,stemphylium blight,How should I plan crop rotation with garlic to improve soil health?,"For garlic, aim for soil pH 6.5–7.5. In acidic soils, apply lime (2–5 t/ha) 2–3 months before sowing. In alkaline soils, use gypsum (2–5 t/ha) and sulfur amendments. Build organic carbon (>0.75%) with FYM/compost and green manures. Keep records of inputs and yields each season to refine your plan.","agriculture,black,farming,garlic,india,soil,stemphylium blight"
Government Scheme,coriander,powdery mildew,Which government schemes can I use for coriander cultivation and marketing?,"For coriander, MSP announcements and procurement vary by state. Register on e-NAM for better market access. FPO membership can improve bargaining power. Explore agri-infrastructure funds for storage and processing. Keep records of inputs and yields each season to refine your plan.","agriculture,coriander,farming,government_scheme,india,powdery mildew,red"
Harvesting,cumin,aphid damage,What water conservation practices work best for cumin in my area?,"In cumin, timely harvest improves market price. Use mechanical threshers where possible. Dry to safe moisture, clean, and store in hermetic bags or silos to prevent pests and mold. Keep records of inputs and yields each season to refine your plan.","agriculture,aphid damage,cumin,farming,harvesting,india,laterite"
Marketing,rice,blast,What GAP should I follow for rice to meet market and export standards?,"In rice, state schemes may offer seed subsidies, drip irrigation support, and power concessions. Keep Aadhaar, land records, and bank details updated for scheme benefits. Use KCC for working capital and input purchases. Keep records of inputs and yields each season to refine your plan.","agriculture,blast,farming,india,marketing,rice,sandy"
Organic Farming,wheat,rust,How can I increase yield in wheat with better agronomy and protection?,"For wheat, organic yields improve over 2–3 years as soil health builds. Use seed treatment with Trichoderma and biofertilizers. Avoid contamination from conventional inputs and maintain buffer zones. Keep records of inputs and yields each season to refine your plan.","agriculture,farming,india,organic_farming,red,rust,wheat"
Yield Improvement,maize,downy mildew,How do I select and treat seeds for maize to improve germination?,"For maize, target 10–15% higher yield by adopting improved varieties, micro-irrigation, and INM. Ensure timely sowing, proper spacing, and timely weeding. Use foliar nutrients at critical stages. Keep records of inputs and yields each season to refine your plan.","agriculture,clay,downy mildew,farming,india,maize,yield_improvement"
Seed Selection,cotton,leaf curl virus,What are effective weed control methods for cotton that are safe and cheap?,"In cotton, procure seeds from certified agencies. Check germination before sowing; aim for >85%. Avoid storage in humid conditions. Keep records of inputs and yields each season to refine your plan.","agriculture,clay,cotton,farming,india,leaf curl virus,seed_selection"
Post-Harvest,soybean,sudden death syndrome,Which machines or implements are useful for soybean to save labor and time?,"In soybean, high moisture leads to mold and mycotoxins. Dry to safe levels, use moisture-proof liners, and keep bags off the floor on pallets. Inspect regularly for pests and dampness. Keep records of inputs and yields each season to refine your plan.","agriculture,farming,india,post-harvest,sandy,soybean,sudden death syndrome"
Mechanization,tomato,late blight,What carbon farming practices can I adopt in tomato fields?,"For tomato, combine harvesters reduce field losses but require proper adjustment. Use moisture meters to decide harvest time. Store machinery under cover to extend life. Keep records of inputs and yields each season to refine your plan.","agriculture,farming,india,late blight,mechanization,sandy,tomato"
Intercropping,potato,mosaic virus,How should I plan crop rotation with potato to improve soil health?,"Intercropping potato with legumes improves soil N and reduces pest pressure. Use compatible row ratios (e.g., 2:1 or 4:2). Manage nutrients and irrigation for both crops. Keep records of inputs and yields each season to refine your plan.","agriculture,farming,india,intercropping,loamy,mosaic virus,potato"
Crop Rotation,onion,downy mildew,How do I implement IPM in onion step by step?,"For onion, avoid continuous monoculture. Rotate with cereals/legumes to balance nutrients. Use residue incorporation and cover crops to build organic matter. Keep records of inputs and yields each season to refine your plan.","agriculture,crop_rotation,downy mildew,farming,india,laterite,onion"
Water Conservation,chilli,anthracnose,When and how should I harvest chilli to get maximum yield and quality?,"In chilli, avoid over-irrigation which leaches nutrients and promotes diseases. Use tensiometers or soil moisture sensors for precise scheduling. Maintain drainage to prevent waterlogging. Keep records of inputs and yields each season to refine your plan.","agriculture,anthracnose,black,chilli,farming,india,water_conservation"
Micronutrients,brinjal,mosaic,What are effective weed control methods for brinjal that are safe and cheap?,B deficiency in brinjal causes poor fruit set and hollow stems. Apply borax (10–15 kg/ha) or foliar 0.2% boron at flowering. Avoid overuse; excess B is toxic. Keep records of inputs and yields each season to refine your plan.,"agriculture,brinjal,farming,india,micronutrients,mosaic,sandy"
NPK Management,cabbage,powdery mildew,What weather conditions harm cabbage and how do I protect my crop?,"In cabbage, high K improves water use efficiency and disease resistance. Apply K in splits; avoid late heavy K. Use SOP or MOP based on crop and soil Cl tolerance. Keep records of inputs and yields each season to refine your plan.","agriculture,black,cabbage,farming,india,npk_management,powdery mildew"
IPM,cauliflower,powdery mildew,How do I manage powdery mildew in cauliflower? What are the symptoms and spray schedule?,"For cauliflower, integrate pheromone traps (10–12/ha), NSKE 5%, and targeted insecticides. Avoid prophylactic sprays. Train labor on safe handling and PPE use. Keep records of inputs and yields each season to refine your plan.","agriculture,cauliflower,farming,india,ipm,loamy,powdery mildew"
Weed Management,okra,root-knot nematode,"What soil type and pH are ideal for okra, and how do I improve my soil?","Weeds in okra compete for light, water, and nutrients. Use pre-emergence herbicides (pendimethalin 1.0–1.5 kg/ha) followed by one hand weeding at 25–30 DAS. Mulching and intercropping also suppress weeds. Keep records of inputs and yields each season to refine your plan.","agriculture,clay,farming,india,okra,root-knot nematode,weed_management"
Protected Cultivation,groundnut,bud necrosis virus,"How can I control aphids, thrips, leaf miner, white grub in groundnut using IPM and reduce chemical sprays?","In groundnut, protected cultivation reduces pesticide use. Combine with biological controls and hygiene. Plan crop cycles to match market demand. Keep records of inputs and yields each season to refine your plan.","agriculture,bud necrosis virus,farming,groundnut,india,protected_cultivation,sandy"
Greenhouse,mustard,powdery mildew,What is the best fertilizer dose and schedule for mustard in clay soil?,"For mustard, polyhouses improve yield and quality. Install fans and foggers for climate control. Use reflective mulch and trellising for better light distribution. Keep records of inputs and yields each season to refine your plan.","agriculture,clay,farming,greenhouse,india,mustard,powdery mildew"
Hydroponics,sunflower,sclerotinia head rot,What is a good NPK plan for sunflower to avoid lodging and disease?,"Protected cultivation (shade nets, low tunnels) in sunflower reduces pest and weather damage. Use drip fertigation and mulch. Monitor temperature and humidity to prevent diseases. Keep records of inputs and yields each season to refine your plan.","agriculture,farming,hydroponics,india,laterite,sclerotinia head rot,sunflower"
Carbon Farming,bajra,leaf spot,How do I store bajra grains safely to avoid pests and mold?,"For bajra, integrate livestock and manure management to recycle nutrients and carbon. Use compost and biochar where feasible. Monitor soil health indicators. Keep records of inputs and yields each season to refine your plan.","agriculture,bajra,carbon_farming,farming,india,laterite,leaf spot"
Regenerative Agriculture,jowar,leaf blight,How should I plan crop rotation with jowar to improve soil health?,"In jowar, combine traditional knowledge with modern science for regenerative outcomes. Use participatory trials and share results with neighbors. Seek technical support from agriculture departments. Keep records of inputs and yields each season to refine your plan.","agriculture,alluvial,farming,india,jowar,leaf blight,regenerative_agriculture"
GAP,ragi,blast,"How can I control stem borer, aphids, leaf miner in ragi using IPM and reduce chemical sprays?","In ragi, GAP improves product quality and reduces residues. Implement standard operating procedures for spraying, harvesting, and packing. Seek certification where markets demand it. Keep records of inputs and yields each season to refine your plan.","agriculture,blast,farming,gap,india,laterite,ragi"
Insurance,gram,botrytis grey mold,How do I store gram grains safely to avoid pests and mold?,"Crop insurance (PMFBY) for gram covers yield losses due to weather, pests, and diseases. Enroll before sowing through banks or CSC. Cooperate during crop cutting experiments for claim settlement. Keep records of inputs and yields each season to refine your plan.","agriculture,botrytis grey mold,clay,farming,gram,india,insurance"
Fertilizer,pigeon pea,phytophthora blight,What are good intercropping options with pigeon pea to increase income?,"For pigeon pea, target 120–150 kg N/ha in high-yield zones. Use 50% N at sowing, 25% at tillering, 25% at panicle initiation. Apply 60 kg P2O5 and 40–60 kg K2O basally. In acidic soils, liming (2–5 t/ha) improves P availability. Use 10–15 t/ha FYM for soil health. Foliar 2% urea at flowering can help under stress.","agriculture,farming,fertilizer,india,loamy,phytophthora blight,pigeon pea"
Disease,green gram,anthracnose,What is the best fertilizer dose and schedule for green gram in red soil?,"In green gram, anthracnose shows sunken lesions with pink spore masses. Prevent by using certified seeds, crop rotation, and balanced NPK. For fungal diseases, spray mancozeb 0.25% or carbendazim 0.1% at first sign. Improve drainage and avoid late evening irrigation. Remove infected debris.","agriculture,anthracnose,disease,farming,green gram,india,red"
Pest,black gram,bacterial leaf spot,"What soil type and pH are ideal for black gram, and how do I improve my soil?","For black gram, integrate mechanical (handpicking), biological (Trichogramma), and chemical controls. Avoid tank mixes that harm beneficials. Follow label doses and pre-harvest intervals. Keep records of inputs and yields each season to refine your plan.","agriculture,bacterial leaf spot,black gram,farming,india,loamy,pest"
Irrigation,banana,panama wilt,How do I set up protected cultivation or greenhouse for banana?,"Use 4–6 irrigations for banana depending on soil and rainfall. First irrigation 20–25 days after sowing, then at tillering, flowering, and grain filling. Drip/fertigation saves 30–40% water and improves uniformity. Mulching reduces evaporation. Avoid late heavy irrigation to prevent lodging.","agriculture,banana,farming,india,irrigation,laterite,panama wilt"
Weather,mango,bacterial canker,What is a good NPK plan for mango to avoid lodging and disease?,"In mango, avoid sowing during heatwaves (>38°C). Use early-morning irrigation and mulch to reduce heat stress. For cold waves, ensure adequate soil moisture and avoid late nitrogen. Watch IMD advisories for rainfall and temperature. Keep records of inputs and yields each season to refine your plan.","agriculture,bacterial canker,farming,india,laterite,mango,weather"
Soil,papaya,powdery mildew,How do I set up protected cultivation or greenhouse for papaya?,"In papaya, heavy clay soils need raised beds and proper drainage. Sandy soils benefit from mulching and frequent light irrigations. Loamy soils are ideal; maintain OC with crop residues and manures. Keep records of inputs and yields each season to refine your plan.","agriculture,farming,india,laterite,papaya,powdery mildew,soil"
Government Scheme,grapes,anthracnose,What are good intercropping options with grapes to increase income?,"For grapes, PMFBY provides yield-based insurance at low premium. Enroll through banks or CSC before sowing. Maintain plot-wise records and cooperate during crop cutting experiments for claim settlement. Keep records of inputs and yields each season to refine your plan.","agriculture,alluvial,anthracnose,farming,government_scheme,grapes,india"
Harvesting,pomegranate,cercospora leaf spot,What water conservation practices work best for pomegranate in my area?,"In pomegranate, early harvest reduces field losses and aflatoxin risk. Dry on clean tarps; avoid direct soil contact. Use moisture meters to ensure safe storage levels. Store in fumigated, rodent-proof structures. Keep records of inputs and yields each season to refine your plan.","agriculture,alluvial,cercospora leaf spot,farming,harvesting,india,pomegranate"
Marketing,citrus,anthracnose,When and how should I harvest citrus to get maximum yield and quality?,"For citrus, PMFBY provides yield-based insurance at low premium. Enroll through banks or CSC before sowing. Maintain plot-wise records and cooperate during crop cutting experiments for claim settlement. Keep records of inputs and yields each season to refine your plan.","agriculture,anthracnose,citrus,clay,farming,india,marketing"
Organic Farming,turmeric,thrips damage,What are good intercropping options with turmeric to increase income?,"In turmeric, organic systems need strong IPM: traps, biocontrol agents, and botanicals. Ensure adequate K and micronutrients from organic sources. Plan harvest and post-harvest to maintain organic integrity. Keep records of inputs and yields each season to refine your plan.","agriculture,clay,farming,india,organic_farming,thrips damage,turmeric"
Seed Selection,garlic,rust,How do I practice organic farming in garlic without losing yield?,"In garlic, procure seeds from certified agencies. Check germination before sowing; aim for >85%. Avoid storage in humid conditions. Keep records of inputs and yields each season to refine your plan.","agriculture,alluvial,farming,garlic,india,rust,seed_selection"
Storage,coriander,bacterial leaf spot,How do I move towards regenerative agriculture in coriander?,"For coriander, maintain ventilation in stores. Use insect-proof screens. In humid areas, prefer hermetic storage. Avoid storing near chemicals or fertilizers to prevent contamination. Keep records of inputs and yields each season to refine your plan.","agriculture,bacterial leaf spot,clay,coriander,farming,india,storage"
Post-Harvest,cumin,powdery mildew,What carbon farming practices can I adopt in cumin fields?,"Store cumin grains at 12–14% moisture in clean, dry, rodent-proof structures. Treat storage area with malathion dust. Use hermetic bags or PICS bags for pulses. Fumigate with aluminum phosphide if needed, following safety protocols. Keep records of inputs and yields each season to refine your plan.","agriculture,clay,cumin,farming,india,post-harvest,powdery mildew"
Mechanization,rice,brown spot,How do I move towards regenerative agriculture in rice?,"In rice, use power tillers or tractors with appropriate implements. Adopt zero-till where feasible to save time and fuel. Train operators on safe handling and maintenance. Keep records of inputs and yields each season to refine your plan.","agriculture,brown spot,farming,india,laterite,mechanization,rice"
Intercropping,wheat,rust,Which machines or implements are useful for wheat to save labor and time?,"For wheat, relay cropping or sequential cropping maximizes land use. Maintain soil fertility with FYM and biofertilizers. Use crop-specific herbicides carefully. Keep records of inputs and yields each season to refine your plan.","agriculture,farming,india,intercropping,red,rust,wheat"
Crop Rotation,maize,banded leaf and sheath blight,What are good intercropping options with maize to increase income?,"In maize, plan rotations around water availability. Use drought-tolerant crops in dry years and high-value crops in wet years. Maintain soil cover year-round. Keep records of inputs and yields each season to refine your plan.","agriculture,banded leaf and sheath blight,clay,crop_rotation,farming,india,maize"
Water Conservation,cotton,boll rot,How do I implement IPM in cotton step by step?,"Conserve water in cotton with mulching, zero-till, and micro-irrigation. Schedule irrigation based on soil moisture. Avoid flood irrigation in sandy soils. Keep records of inputs and yields each season to refine your plan.","agriculture,boll rot,cotton,farming,india,red,water_conservation"
Micronutrients,sugarcane,red rot,"How can I control top borer, internode borer, whitefly, termites in sugarcane using IPM and reduce chemical sprays?",Fe deficiency in sugarcane shows as interveinal chlorosis in young leaves. Apply Fe-EDDHA foliar (0.5%) or chelated Fe with irrigation. Improve drainage and avoid high pH soils. Keep records of inputs and yields each season to refine your plan.,"agriculture,clay,farming,india,micronutrients,red rot,sugarcane"
NPK Management,soybean,sudden death syndrome,Which irrigation method saves the most water for soybean without reducing yield?,"Balanced NPK in soybean improves yield and stress tolerance. Use soil test-based doses; typical ranges: N 80–120, P2O5 40–60, K2O 40–60 kg/ha. Split N in 2–3 doses; place P and K basally near seed. Keep records of inputs and yields each season to refine your plan.","agriculture,farming,india,laterite,npk_management,soybean,sudden death syndrome"
IPM,tomato,bacterial wilt,What is a good NPK plan for tomato to avoid lodging and disease?,"For tomato, IPM starts with monitoring: pheromone traps, field scouting, and ETL-based sprays. Use biocontrol (Trichogramma, NPV) and botanicals (neem) early. Rotate insecticide groups to delay resistance. Keep records of inputs and yields each season to refine your plan.","agriculture,bacterial wilt,farming,india,ipm,red,tomato"
Weed Management,potato,scab,What GAP should I follow for potato to meet market and export standards?,"For potato, hand weeding is effective but labor-intensive. Combine with pre-emergence sprays and mulching. Keep field borders clean to reduce weed seed bank. Keep records of inputs and yields each season to refine your plan.","agriculture,black,farming,india,potato,scab,weed_management"
Greenhouse,chilli,leaf curl virus,What water conservation practices work best for chilli in my area?,"Protected cultivation (shade nets, low tunnels) in chilli reduces pest and weather damage. Use drip fertigation and mulch. Monitor temperature and humidity to prevent diseases. Keep records of inputs and yields each season to refine your plan.","agriculture,chilli,farming,greenhouse,india,leaf curl virus,sandy"
Hydroponics,brinjal,bacterial wilt,How do I select and treat seeds for brinjal to improve germination?,"For brinjal, polyhouses improve yield and quality. Install fans and foggers for climate control. Use reflective mulch and trellising for better light distribution. Keep records of inputs and yields each season to refine your plan.","agriculture,bacterial wilt,brinjal,farming,hydroponics,india,sandy"
Carbon Farming,cabbage,black rot,What carbon farming practices can I adopt in cabbage fields?,"In cabbage, precision fertilizer use reduces N2O emissions. Use urease inhibitors and split N applications. Combine with renewable energy for irrigation. Keep records of inputs and yields each season to refine your plan.","agriculture,black rot,cabbage,carbon_farming,farming,india,red"
Regenerative Agriculture,cauliflower,alternaria leaf spot,How do I manage alternaria leaf spot in cauliflower? What are the symptoms and spray schedule?,"In cauliflower, combine traditional knowledge with modern science for regenerative outcomes. Use participatory trials and share results with neighbors. Seek technical support from agriculture departments. Keep records of inputs and yields each season to refine your plan.","agriculture,alternaria leaf spot,cauliflower,farming,india,red,regenerative_agriculture"
GAP,okra,root-knot nematode,How do I move towards regenerative agriculture in okra?,"For okra, GAP covers seed quality, soil health, water management, and worker safety. Use protective gear, calibrate sprayers, and keep input records. Train labor on safe handling. Keep records of inputs and yields each season to refine your plan.","agriculture,farming,gap,india,loamy,okra,root-knot nematode"
Insurance,groundnut,collar rot,What carbon farming practices can I adopt in groundnut fields?,"Crop insurance (PMFBY) for groundnut covers yield losses due to weather, pests, and diseases. Enroll before sowing through banks or CSC. Cooperate during crop cutting experiments for claim settlement. Keep records of inputs and yields each season to refine your plan.","agriculture,collar rot,farming,groundnut,india,insurance,red"
Fertilizer,mustard,downy mildew,How do I set up protected cultivation or greenhouse for mustard?,"For mustard, start with a soil test. In most alluvial/loamy soils, apply 80–120 kg N/ha, 40–60 kg P2O5/ha, and 40–60 kg K2O/ha in splits. At sowing, place full P and K plus 1/3 N near the seed. Top-dress remaining N at tillering/vegetative stage and again at flowering. Add 5–10 t/ha FYM or compost before sowing. Use ZnSO4 (20–25 kg/ha) if deficient. Avoid excessive urea to prevent lodging and disease.","agriculture,downy mildew,farming,fertilizer,india,mustard,red"
Disease,sunflower,rust,Which government schemes can I use for sunflower cultivation and marketing?,"In sunflower, rust spreads in warm, humid conditions. Use protective sprays (mancozeb 0.25%) before monsoon peaks. Combine with resistant varieties and avoid overhead irrigation. Rotate with non-host crops to break disease cycles. Keep records of inputs and yields each season to refine your plan.","agriculture,black,disease,farming,india,rust,sunflower"
Pest,bajra,rust,How do I implement IPM in bajra step by step?,"In bajra, pests like shoot fly, stem borer, aphids cause yield loss. Use sticky traps for whiteflies/aphids. Apply recommended insecticides at correct doses. Maintain field hygiene and remove weed hosts. Keep records of inputs and yields each season to refine your plan.","agriculture,bajra,farming,india,pest,rust,sandy"
Irrigation,jowar,rust,Which machines or implements are useful for jowar to save labor and time?,"For jowar, maintain soil moisture at 50–60% field capacity. Use drip or furrow irrigation to save 20–30% water. Avoid waterlogging; ensure drainage in heavy soils. Critical stages: sowing, flowering, and pod/fruit set. In summer, irrigate every 5–7 days; in winter, every 8–10 days.","agriculture,farming,india,irrigation,jowar,red,rust"
Weather,ragi,blast,What are good intercropping options with ragi to increase income?,"In drought-prone areas, select short-duration ragi varieties. Use mulching, zero-till, and deficit irrigation. Apply 2% KNO3 foliar to mitigate heat stress. Avoid late sowing in rainfed zones. Keep records of inputs and yields each season to refine your plan.","agriculture,black,blast,farming,india,ragi,weather"
Soil,gram,alternaria blight,What is a good NPK plan for gram to avoid lodging and disease?,"In gram, soil testing every 2–3 years optimizes fertilizer use. Target OC >0.8%, available P >20 kg/ha, available K >200 kg/ha. Use micronutrients (Zn, B, S) based on deficiency symptoms and soil tests. Keep records of inputs and yields each season to refine your plan.","agriculture,alternaria blight,farming,gram,india,loamy,soil"
Government Scheme,pigeon pea,phytophthora blight,What water conservation practices work best for pigeon pea in my area?,"For pigeon pea, MSP announcements and procurement vary by state. Register on e-NAM for better market access. FPO membership can improve bargaining power. Explore agri-infrastructure funds for storage and processing. Keep records of inputs and yields each season to refine your plan.","agriculture,farming,government_scheme,india,phytophthora blight,pigeon pea,red"
Harvesting,green gram,alternaria leaf spot,How should I plan crop rotation with green gram to improve soil health?,"Harvest green gram at physiological maturity: grains at 20–22% moisture, pods when 80–90% brown. Avoid delayed harvest to reduce shattering and field losses. Use combine harvesters where feasible; dry grains to 12–14% before storage. Keep records of inputs and yields each season to refine your plan.","agriculture,alternaria leaf spot,farming,green gram,harvesting,india,laterite"
Marketing,black gram,anthracnose,What are effective weed control methods for black gram that are safe and cheap?,"In black gram, agri-business ideas can access credit via NABARD and agri-clinics schemes. Explore FPO formation, common facility centers, and market linkage programs. Check state horticulture missions for post-harvest support. Keep records of inputs and yields each season to refine your plan.","agriculture,anthracnose,black gram,farming,india,marketing,red"
Organic Farming,banana,panama wilt,Which irrigation method saves the most water for banana without reducing yield?,"For banana, organic yields improve over 2–3 years as soil health builds. Use seed treatment with Trichoderma and biofertilizers. Avoid contamination from conventional inputs and maintain buffer zones. Keep records of inputs and yields each season to refine your plan.","agriculture,banana,farming,india,loamy,organic_farming,panama wilt"
Yield Improvement,mango,bacterial canker,"What soil type and pH are ideal for mango, and how do I improve my soil?","In mango, precision practices (line sowing, fertigation, leaf color chart for N) raise yields. Use crop-specific advisories and weather-based inputs. Maintain field records for next season planning. Keep records of inputs and yields each season to refine your plan.","agriculture,alluvial,bacterial canker,farming,india,mango,yield_improvement"
Seed Selection,papaya,anthracnose,How should I plan crop rotation with papaya to improve soil health?,"In papaya, seed rate varies by method: line sowing needs less seed than broadcasting. Calibrate seed drills for uniform spacing. Avoid old or damaged seeds. Keep records of inputs and yields each season to refine your plan.","agriculture,anthracnose,farming,india,loamy,papaya,seed_selection"
Storage,grapes,black rot,How should I plan crop rotation with grapes to improve soil health?,"For grapes, maintain ventilation in stores. Use insect-proof screens. In humid areas, prefer hermetic storage. Avoid storing near chemicals or fertilizers to prevent contamination. Keep records of inputs and yields each season to refine your plan.","agriculture,black rot,farming,grapes,india,laterite,storage"
Post-Harvest,pomegranate,anthracnose,"What are the signs of Zn, B, or S deficiency in pomegranate and how do I correct them?","For pomegranate, maintain ventilation in stores. Use insect-proof screens. In humid areas, prefer hermetic storage. Avoid storing near chemicals or fertilizers to prevent contamination. Keep records of inputs and yields each season to refine your plan.","agriculture,anthracnose,clay,farming,india,pomegranate,post-harvest"
Mechanization,citrus,anthracnose,What is the best fertilizer dose and schedule for citrus in loamy soil?,"In citrus, drip fertigation systems improve input efficiency. Use filters and pressure regulators; flush lines regularly. Schedule irrigation based on soil moisture and crop stage. Keep records of inputs and yields each season to refine your plan.","agriculture,anthracnose,citrus,farming,india,loamy,mechanization"
Intercropping,turmeric,rhizome rot,Which irrigation method saves the most water for turmeric without reducing yield?,"For turmeric, relay cropping or sequential cropping maximizes land use. Maintain soil fertility with FYM and biofertilizers. Use crop-specific herbicides carefully. Keep records of inputs and yields each season to refine your plan.","agriculture,alluvial,farming,india,intercropping,rhizome rot,turmeric"
Crop Rotation,ginger,bacterial wilt,How do I move towards regenerative agriculture in ginger?,"For ginger, avoid continuous monoculture. Rotate with cereals/legumes to balance nutrients. Use residue incorporation and cover crops to build organic matter. Keep records of inputs and yields each season to refine your plan.","agriculture,bacterial wilt,crop_rotation,farming,ginger,india,sandy"
Water Conservation,garlic,bacterial soft rot,What is a good NPK plan for garlic to avoid lodging and disease?,"In garlic, avoid over-irrigation which leaches nutrients and promotes diseases. Use tensiometers or soil moisture sensors for precise scheduling. Maintain drainage to prevent waterlogging. Keep records of inputs and yields each season to refine your plan.","agriculture,bacterial soft rot,farming,garlic,india,laterite,water_conservation"
Micronutrients,coriander,downy mildew,How do I move towards regenerative agriculture in coriander?,"S deficiency in coriander leads to pale young leaves. Use SSP or gypsum to supply S (20–40 kg/ha). In high-rainfall areas, split S applications to reduce leaching. Keep records of inputs and yields each season to refine your plan.","agriculture,black,coriander,downy mildew,farming,india,micronutrients"
NPK Management,cumin,powdery mildew,Which irrigation method saves the most water for cumin without reducing yield?,"In cumin, high K improves water use efficiency and disease resistance. Apply K in splits; avoid late heavy K. Use SOP or MOP based on crop and soil Cl tolerance. Keep records of inputs and yields each season to refine your plan.","agriculture,alluvial,cumin,farming,india,npk_management,powdery mildew"
IPM,rice,bacterial leaf blight,What are good intercropping options with rice to increase income?,"In rice, cultural practices (timely sowing, intercropping, crop rotation) reduce pest pressure. Preserve natural enemies by avoiding broad-spectrum sprays. Use spot treatments for outbreaks. Keep records of inputs and yields each season to refine your plan.","agriculture,bacterial leaf blight,black,farming,india,ipm,rice"
Weed Management,wheat,karnal bunt,What is a good NPK plan for wheat to avoid lodging and disease?,"For wheat, timely weeding (first 30 days) is critical. Use mechanical weeding or recommended herbicides. Avoid late weeding that damages roots. Maintain crop geometry for canopy closure. Keep records of inputs and yields each season to refine your plan.","agriculture,alluvial,farming,india,karnal bunt,weed_management,wheat"
Protected Cultivation,maize,fusarium stalk rot,What weather conditions harm maize and how do I protect my crop?,"For maize, greenhouses enable year-round production. Use insect-proof nets, drip irrigation, and balanced fertigation. Train labor on climate management and IPM. Keep records of inputs and yields each season to refine your plan.","agriculture,alluvial,farming,fusarium stalk rot,india,maize,protected_cultivation"
Greenhouse,cotton,alternaria leaf spot,When and how should I harvest cotton to get maximum yield and quality?,"For cotton, greenhouses enable year-round production. Use insect-proof nets, drip irrigation, and balanced fertigation. Train labor on climate management and IPM. Keep records of inputs and yields each season to refine your plan.","agriculture,alternaria leaf spot,cotton,farming,greenhouse,india,sandy"
Hydroponics,sugarcane,smut,Which government schemes can I use for sugarcane cultivation and marketing?,"For sugarcane, greenhouses enable year-round production. Use insect-proof nets, drip irrigation, and balanced fertigation. Train labor on climate management and IPM. Keep records of inputs and yields each season to refine your plan.","agriculture,clay,farming,hydroponics,india,smut,sugarcane"
Carbon Farming,soybean,bacterial pustule,How do I store soybean grains safely to avoid pests and mold?,"In soybean, precision fertilizer use reduces N2O emissions. Use urease inhibitors and split N applications. Combine with renewable energy for irrigation. Keep records of inputs and yields each season to refine your plan.","agriculture,bacterial pustule,carbon_farming,farming,india,red,soybean"
Regenerative Agriculture,tomato,bacterial wilt,How does crop insurance work for tomato and how do I claim?,"Regenerative agriculture in tomato focuses on soil health, biodiversity, and water. Use cover crops, minimal tillage, and diverse rotations. Track outcomes with soil tests and yield records. Keep records of inputs and yields each season to refine your plan.","agriculture,bacterial wilt,farming,india,red,regenerative_agriculture,tomato"
GAP,potato,late blight,What carbon farming practices can I adopt in potato fields?,"For potato, GAP aligns with food safety and export requirements. Maintain field maps, input logs, and harvest records. Use clean containers and cold chain where needed. Keep records of inputs and yields each season to refine your plan.","agriculture,black,farming,gap,india,late blight,potato"
Insurance,onion,stemphylium blight,How does crop insurance work for onion and how do I claim?,"In onion, combine insurance with savings and credit for resilience. Diversify crops and income sources. Seek advisory on risk reduction and insurance options. Keep records of inputs and yields each season to refine your plan.","agriculture,black,farming,india,insurance,onion,stemphylium blight"
Fertilizer,chilli,anthracnose,How do I select and treat seeds for chilli to improve germination?,"In chilli, balanced NPK (e.g., 100:50:50) improves yield and resilience. Apply full P and K at sowing; split N in 2–3 doses. Foliar 19:19:19 (2–3 g/L) at flowering boosts fruit set. Add 4–5 t/ha compost + 20 kg/ha ZnSO4 in Zn-deficient black soils. Avoid late heavy N to reduce lodging and pest risk.","agriculture,anthracnose,chilli,clay,farming,fertilizer,india"
Disease,brinjal,mosaic,How do I select and treat seeds for brinjal to improve germination?,"Manage mosaic in brinjal by removing infected plants, improving drainage, and balanced nutrition. Use copper-based fungicides for bacterial diseases; avoid heavy N. Practice 2–3 year rotations and seed treatment to reduce primary inoculum. Keep records of inputs and yields each season to refine your plan.","agriculture,alluvial,brinjal,disease,farming,india,mosaic"
Pest,cabbage,alternaria leaf spot,What weather conditions harm cabbage and how do I protect my crop?,"For cabbage, integrate mechanical (handpicking), biological (Trichogramma), and chemical controls. Avoid tank mixes that harm beneficials. Follow label doses and pre-harvest intervals. Keep records of inputs and yields each season to refine your plan.","agriculture,alternaria leaf spot,cabbage,farming,india,laterite,pest"
Irrigation,cauliflower,alternaria leaf spot,How do I store cauliflower grains safely to avoid pests and mold?,"In cauliflower, avoid water stress during pod/fruit development. Use deficit irrigation (70–80% ET) in vegetative stage, then full irrigation at flowering and fruit set. Drain fields within 24 hours after heavy rain to prevent root rot. Keep records of inputs and yields each season to refine your plan.","agriculture,alternaria leaf spot,cauliflower,farming,india,irrigation,laterite"
Weather,okra,powdery mildew,Which machines or implements are useful for okra to save labor and time?,"For okra, high humidity favors fungal diseases. Increase plant spacing, avoid overhead irrigation, and use protective fungicides before monsoon peaks. Use weather-based advisories for spray timing. Keep records of inputs and yields each season to refine your plan.","agriculture,black,farming,india,okra,powdery mildew,weather"
Soil,groundnut,bud necrosis virus,How do I manage bud necrosis virus in groundnut? What are the symptoms and spray schedule?,"In groundnut, heavy clay soils need raised beds and proper drainage. Sandy soils benefit from mulching and frequent light irrigations. Loamy soils are ideal; maintain OC with crop residues and manures. Keep records of inputs and yields each season to refine your plan.","agriculture,bud necrosis virus,farming,groundnut,india,loamy,soil"
Government Scheme,mustard,downy mildew,What carbon farming practices can I adopt in mustard fields?,"For mustard, MSP announcements and procurement vary by state. Register on e-NAM for better market access. FPO membership can improve bargaining power. Explore agri-infrastructure funds for storage and processing. Keep records of inputs and yields each season to refine your plan.","agriculture,downy mildew,farming,government_scheme,india,laterite,mustard"
Harvesting,sunflower,head rot,How do I move towards regenerative agriculture in sunflower?,"In sunflower, timely harvest improves market price. Use mechanical threshers where possible. Dry to safe moisture, clean, and store in hermetic bags or silos to prevent pests and mold. Keep records of inputs and yields each season to refine your plan.","agriculture,black,farming,harvesting,head rot,india,sunflower"
Marketing,bajra,blast,How do I move towards regenerative agriculture in bajra?,"Farmers growing bajra can benefit from PM-KISAN (₹6,000/year), Kisan Credit Card (subsidized interest), and Soil Health Card (free soil testing). Check with your local agriculture office or CSC for enrollment. Crop insurance under PMFBY is also available. Keep records of inputs and yields each season to refine your plan.","agriculture,alluvial,bajra,blast,farming,india,marketing"
Organic Farming,jowar,grain mold,When and how should I harvest jowar to get maximum yield and quality?,"In jowar, organic systems need strong IPM: traps, biocontrol agents, and botanicals. Ensure adequate K and micronutrients from organic sources. Plan harvest and post-harvest to maintain organic integrity. Keep records of inputs and yields each season to refine your plan.","agriculture,farming,grain mold,india,jowar,organic_farming,sandy"
Yield Improvement,ragi,bacterial leaf streak,"What are the signs of Zn, B, or S deficiency in ragi and how do I correct them?","In ragi, yield gaps arise from poor plant stand, nutrient imbalance, and pest damage. Use soil test-based fertilizers, IPM, and timely irrigation. Record field operations for continuous improvement. Keep records of inputs and yields each season to refine your plan.","agriculture,bacterial leaf streak,black,farming,india,ragi,yield_improvement"
Seed Selection,gram,alternaria blight,Which government schemes can I use for gram cultivation and marketing?,"For gram, select seeds from healthy plants, free from disease. Maintain seed purity and avoid mixing varieties. Use seed replacement every 2–3 years for best results. Keep records of inputs and yields each season to refine your plan.","agriculture,alternaria blight,clay,farming,gram,india,seed_selection"
Storage,pigeon pea,pod borer damage,How do I store pigeon pea grains safely to avoid pests and mold?,"In pigeon pea, high moisture leads to mold and mycotoxins. Dry to safe levels, use moisture-proof liners, and keep bags off the floor on pallets. Inspect regularly for pests and dampness. Keep records of inputs and yields each season to refine your plan.","agriculture,alluvial,farming,india,pigeon pea,pod borer damage,storage"
Post-Harvest,green gram,alternaria leaf spot,"What are the signs of Zn, B, or S deficiency in green gram and how do I correct them?","In green gram, high moisture leads to mold and mycotoxins. Dry to safe levels, use moisture-proof liners, and keep bags off the floor on pallets. Inspect regularly for pests and dampness. Keep records of inputs and yields each season to refine your plan.","agriculture,alternaria leaf spot,farming,green gram,india,loamy,post-harvest"
Mechanization,black gram,yellow mosaic virus,What are effective weed control methods for black gram that are safe and cheap?,"In black gram, use power tillers or tractors with appropriate implements. Adopt zero-till where feasible to save time and fuel. Train operators on safe handling and maintenance. Keep records of inputs and yields each season to refine your plan.","agriculture,black gram,farming,india,laterite,mechanization,yellow mosaic virus"
Intercropping,banana,bacterial wilt,How does crop insurance work for banana and how do I claim?,"In banana, intercropping breaks pest cycles and improves biodiversity. Select crops with different canopy heights and root depths. Monitor for pest shifts and adjust management. Keep records of inputs and yields each season to refine your plan.","agriculture,bacterial wilt,banana,farming,india,intercropping,sandy"
Crop Rotation,mango,bacterial canker,How do I implement IPM in mango step by step?,"In mango, rotation reduces soil-borne diseases and weeds. Select crops with different nutrient demands. Maintain field records to plan rotations effectively. Keep records of inputs and yields each season to refine your plan.","agriculture,bacterial canker,clay,crop_rotation,farming,india,mango"
Water Conservation,papaya,stem canker,How should I plan crop rotation with papaya to improve soil health?,"For papaya, use alternate wetting and drying (AWD) where feasible. Recycle field drainage and harvest rainwater in ponds. Maintain field bunds and channels. Keep records of inputs and yields each season to refine your plan.","agriculture,farming,india,papaya,red,stem canker,water_conservation"
Micronutrients,grapes,botrytis bunch rot,How do I store grapes grains safely to avoid pests and mold?,"Zn deficiency in grapes shows as interveinal chlorosis and stunting. Apply ZnSO4 (20–25 kg/ha) basally or foliar 0.5% ZnSO4 + 0.25% lime. In alkaline soils, band Zn near roots for better uptake. Keep records of inputs and yields each season to refine your plan.","agriculture,botrytis bunch rot,farming,grapes,india,micronutrients,sandy"
IPM,citrus,anthracnose,How do I implement IPM in citrus step by step?,"In citrus, cultural practices (timely sowing, intercropping, crop rotation) reduce pest pressure. Preserve natural enemies by avoiding broad-spectrum sprays. Use spot treatments for outbreaks. Keep records of inputs and yields each season to refine your plan.","agriculture,anthracnose,citrus,clay,farming,india,ipm"
Weed Management,turmeric,leaf blotch,What GAP should I follow for turmeric to meet market and export standards?,"For turmeric, timely weeding (first 30 days) is critical. Use mechanical weeding or recommended herbicides. Avoid late weeding that damages roots. Maintain crop geometry for canopy closure. Keep records of inputs and yields each season to refine your plan.","agriculture,clay,farming,india,leaf blotch,turmeric,weed_management"
Protected Cultivation,ginger,leaf spot,What is the best fertilizer dose and schedule for ginger in clay soil?,"For ginger, greenhouses enable year-round production. Use insect-proof nets, drip irrigation, and balanced fertigation. Train labor on climate management and IPM. Keep records of inputs and yields each season to refine your plan.","agriculture,clay,farming,ginger,india,leaf spot,protected_cultivation"
Greenhouse,garlic,rust,"How can I control thrips, onion maggot, aphids in garlic using IPM and reduce chemical sprays?","In garlic, protected cultivation reduces pesticide use. Combine with biological controls and hygiene. Plan crop cycles to match market demand. Keep records of inputs and yields each season to refine your plan.","agriculture,farming,garlic,greenhouse,india,laterite,rust"
Hydroponics,coriander,downy mildew,"What are the signs of Zn, B, or S deficiency in coriander and how do I correct them?","For coriander, polyhouses improve yield and quality. Install fans and foggers for climate control. Use reflective mulch and trellising for better light distribution. Keep records of inputs and yields each season to refine your plan.","agriculture,coriander,downy mildew,farming,hydroponics,india,sandy"
Carbon Farming,cumin,downy mildew,What are good intercropping options with cumin to increase income?,"In cumin, precision fertilizer use reduces N2O emissions. Use urease inhibitors and split N applications. Combine with renewable energy for irrigation. Keep records of inputs and yields each season to refine your plan.","agriculture,alluvial,carbon_farming,cumin,downy mildew,farming,india"
Regenerative Agriculture,rice,blast,"What soil type and pH are ideal for rice, and how do I improve my soil?","For rice, integrate trees, shrubs, and perennials to enhance resilience. Use organic amendments and biological pest control. Build local knowledge and community practices. Keep records of inputs and yields each season to refine your plan.","agriculture,blast,farming,india,laterite,regenerative_agriculture,rice"
GAP,wheat,rust,Which government schemes can I use for wheat cultivation and marketing?,"For wheat, GAP aligns with food safety and export requirements. Maintain field maps, input logs, and harvest records. Use clean containers and cold chain where needed. Keep records of inputs and yields each season to refine your plan.","agriculture,farming,gap,india,red,rust,wheat"
Insurance,maize,stem borer damage,What GAP should I follow for maize to meet market and export standards?,"In maize, weather-based insurance can provide quick payouts. Link with local meteorological data. Use insurance as part of risk management, not a substitute for good practices. Keep records of inputs and yields each season to refine your plan.","agriculture,farming,india,insurance,laterite,maize,stem borer damage"
Fertilizer,cotton,pink bollworm damage,What is a good NPK plan for cotton to avoid lodging and disease?,"In cotton, apply 80–120 kg N/ha, 40–60 kg P2O5/ha, 40 kg K2O/ha. Use basal NPK (15:15:15) at 150–200 kg/ha, then top-dress urea twice. Add ZnSO4 (20–25 kg/ha) once in 2–3 years. Include 5–10 t/ha FYM before sowing. In saline soils, prefer gypsum and avoid chloride fertilizers.","agriculture,alluvial,cotton,farming,fertilizer,india,pink bollworm damage"
Disease,sugarcane,ring spot,Which government schemes can I use for sugarcane cultivation and marketing?,"For ring spot in sugarcane, early detection is key. Symptoms include circular chlorotic spots on leaves. Spray recommended fungicides (e.g., propiconazole, tebuconazole) at label doses. Practice field sanitation, avoid water stagnation, and maintain plant spacing for airflow. Keep records of inputs and yields each season to refine your plan.","agriculture,clay,disease,farming,india,ring spot,sugarcane"
Pest,soybean,yellow mosaic virus,"What soil type and pH are ideal for soybean, and how do I improve my soil?","In soybean, control girdle beetle, leaf folder, semilooper, aphids with cultural methods: timely sowing, intercropping, and crop rotation. Use biopesticides (Bt, NPV) where available. Spot-spray outbreaks and avoid prophylactic sprays. Keep records of inputs and yields each season to refine your plan.","agriculture,farming,india,laterite,pest,soybean,yellow mosaic virus"
Irrigation,tomato,powdery mildew,How should I plan crop rotation with tomato to improve soil health?,"In tomato, avoid water stress during pod/fruit development. Use deficit irrigation (70–80% ET) in vegetative stage, then full irrigation at flowering and fruit set. Drain fields within 24 hours after heavy rain to prevent root rot. Keep records of inputs and yields each season to refine your plan.","agriculture,farming,india,irrigation,powdery mildew,red,tomato"
Weather,potato,scab,How does crop insurance work for potato and how do I claim?,"In drought-prone areas, select short-duration potato varieties. Use mulching, zero-till, and deficit irrigation. Apply 2% KNO3 foliar to mitigate heat stress. Avoid late sowing in rainfed zones. Keep records of inputs and yields each season to refine your plan.","agriculture,farming,india,potato,red,scab,weather"
Soil,onion,neck rot,What carbon farming practices can I adopt in onion fields?,"In onion, heavy clay soils need raised beds and proper drainage. Sandy soils benefit from mulching and frequent light irrigations. Loamy soils are ideal; maintain OC with crop residues and manures. Keep records of inputs and yields each season to refine your plan.","agriculture,alluvial,farming,india,neck rot,onion,soil"
Government Scheme,chilli,powdery mildew,What GAP should I follow for chilli to meet market and export standards?,"For chilli, PMFBY provides yield-based insurance at low premium. Enroll through banks or CSC before sowing. Maintain plot-wise records and cooperate during crop cutting experiments for claim settlement. Keep records of inputs and yields each season to refine your plan.","agriculture,chilli,clay,farming,government_scheme,india,powdery mildew"
Harvesting,brinjal,fruit rot,What water conservation practices work best for brinjal in my area?,"In brinjal, early harvest reduces field losses and aflatoxin risk. Dry on clean tarps; avoid direct soil contact. Use moisture meters to ensure safe storage levels. Store in fumigated, rodent-proof structures. Keep records of inputs and yields each season to refine your plan.","agriculture,brinjal,farming,fruit rot,harvesting,india,laterite"
Marketing,cabbage,clubroot,"How can I control diamondback moth, aphids, head borer in cabbage using IPM and reduce chemical sprays?","For cabbage, MSP announcements and procurement vary by state. Register on e-NAM for better market access. FPO membership can improve bargaining power. Explore agri-infrastructure funds for storage and processing. Keep records of inputs and yields each season to refine your plan.","agriculture,cabbage,clubroot,farming,india,marketing,sandy"
Organic Farming,cauliflower,alternaria leaf spot,How do I set up protected cultivation or greenhouse for cauliflower?,"For cauliflower, organic yields improve over 2–3 years as soil health builds. Use seed treatment with Trichoderma and biofertilizers. Avoid contamination from conventional inputs and maintain buffer zones. Keep records of inputs and yields each season to refine your plan.","agriculture,alternaria leaf spot,cauliflower,farming,india,laterite,organic_farming"
Yield Improvement,okra,root-knot nematode,Which irrigation method saves the most water for okra without reducing yield?,"To improve yield in okra, use certified seeds, optimal plant population, and balanced NPK. Manage pests/diseases proactively and avoid water stress at flowering. Harvest at correct maturity and dry properly. Keep records of inputs and yields each season to refine your plan.","agriculture,farming,india,laterite,okra,root-knot nematode,yield_improvement"
Seed Selection,groundnut,rust,How do I store groundnut grains safely to avoid pests and mold?,"In groundnut, seed rate varies by method: line sowing needs less seed than broadcasting. Calibrate seed drills for uniform spacing. Avoid old or damaged seeds. Keep records of inputs and yields each season to refine your plan.","agriculture,alluvial,farming,groundnut,india,rust,seed_selection"
Storage,mustard,downy mildew,How do I practice organic farming in mustard without losing yield?,"In mustard, high moisture leads to mold and mycotoxins. Dry to safe levels, use moisture-proof liners, and keep bags off the floor on pallets. Inspect regularly for pests and dampness. Keep records of inputs and yields each season to refine your plan.","agriculture,downy mildew,farming,india,mustard,sandy,storage"
Post-Harvest,sunflower,sclerotinia head rot,How do I implement IPM in sunflower step by step?,"In sunflower, high moisture leads to mold and mycotoxins. Dry to safe levels, use moisture-proof liners, and keep bags off the floor on pallets. Inspect regularly for pests and dampness. Keep records of inputs and yields each season to refine your plan.","agriculture,farming,india,post-harvest,sandy,sclerotinia head rot,sunflower"
Mechanization,bajra,blast,What is a good NPK plan for bajra to avoid lodging and disease?,"For bajra, post-harvest mechanization (threshers, graders, dryers) improves quality and reduces losses. Clean and maintain equipment after each season. Keep records of inputs and yields each season to refine your plan.","agriculture,bajra,blast,clay,farming,india,mechanization"
Intercropping,jowar,rust,What are effective weed control methods for jowar that are safe and cheap?,"For jowar, intercropping with short-duration vegetables increases land productivity. Plan sowing dates to avoid competition. Use balanced fertilizers and timely weeding. Keep records of inputs and yields each season to refine your plan.","agriculture,farming,india,intercropping,jowar,laterite,rust"
Crop Rotation,ragi,helminthosporium leaf spot,What is the best fertilizer dose and schedule for ragi in clay soil?,"For ragi, avoid continuous monoculture. Rotate with cereals/legumes to balance nutrients. Use residue incorporation and cover crops to build organic matter. Keep records of inputs and yields each season to refine your plan.","agriculture,clay,crop_rotation,farming,helminthosporium leaf spot,india,ragi"
Water Conservation,gram,dry root rot,Which government schemes can I use for gram cultivation and marketing?,"Conserve water in gram with mulching, zero-till, and micro-irrigation. Schedule irrigation based on soil moisture. Avoid flood irrigation in sandy soils. Keep records of inputs and yields each season to refine your plan.","agriculture,dry root rot,farming,gram,india,sandy,water_conservation"
Micronutrients,pigeon pea,sterility mosaic,How do I implement IPM in pigeon pea step by step?,"Zn deficiency in pigeon pea shows as interveinal chlorosis and stunting. Apply ZnSO4 (20–25 kg/ha) basally or foliar 0.5% ZnSO4 + 0.25% lime. In alkaline soils, band Zn near roots for better uptake. Keep records of inputs and yields each season to refine your plan.","agriculture,farming,india,micronutrients,pigeon pea,red,sterility mosaic"
NPK Management,green gram,powdery mildew,How do I select and treat seeds for green gram to improve germination?,"For green gram, integrated nutrient management combines FYM, biofertilizers, and mineral fertilizers. Target OC >0.8%, balanced NPK, and micronutrients based on soil tests. Avoid blanket recommendations. Keep records of inputs and yields each season to refine your plan.","agriculture,black,farming,green gram,india,npk_management,powdery mildew"
IPM,black gram,powdery mildew,How does crop insurance work for black gram and how do I claim?,"In black gram, light traps and bird perches help manage nocturnal pests. Maintain field hygiene and remove weed hosts. Use need-based sprays only when ETL is crossed. Keep records of inputs and yields each season to refine your plan.","agriculture,black,black gram,farming,india,ipm,powdery mildew"
Weed Management,banana,banana bunchy top virus,Which irrigation method saves the most water for banana without reducing yield?,"Weeds in banana compete for light, water, and nutrients. Use pre-emergence herbicides (pendimethalin 1.0–1.5 kg/ha) followed by one hand weeding at 25–30 DAS. Mulching and intercropping also suppress weeds. Keep records of inputs and yields each season to refine your plan.","agriculture,banana,banana bunchy top virus,clay,farming,india,weed_management"
Protected Cultivation,mango,bacterial canker,"How can I control fruit fly, mealybug, scale insects, leaf webber in mango using IPM and reduce chemical sprays?","Protected cultivation (shade nets, low tunnels) in mango reduces pest and weather damage. Use drip fertigation and mulch. Monitor temperature and humidity to prevent diseases. Keep records of inputs and yields each season to refine your plan.","agriculture,bacterial canker,farming,india,loamy,mango,protected_cultivation"
Greenhouse,papaya,stem canker,How do I store papaya grains safely to avoid pests and mold?,"For papaya, greenhouses enable year-round production. Use insect-proof nets, drip irrigation, and balanced fertigation. Train labor on climate management and IPM. Keep records of inputs and yields each season to refine your plan.","agriculture,alluvial,farming,greenhouse,india,papaya,stem canker"
Hydroponics,grapes,anthracnose,How do I set up protected cultivation or greenhouse for grapes?,"For grapes, greenhouses enable year-round production. Use insect-proof nets, drip irrigation, and balanced fertigation. Train labor on climate management and IPM. Keep records of inputs and yields each season to refine your plan.","agriculture,anthracnose,farming,grapes,hydroponics,india,laterite"
Carbon Farming,pomegranate,anthracnose,What weather conditions harm pomegranate and how do I protect my crop?,"Carbon farming in pomegranate includes no-till, cover crops, and residue retention. Measure soil organic carbon and adopt practices that increase it. Explore carbon credits via verified programs. Keep records of inputs and yields each season to refine your plan.","agriculture,anthracnose,carbon_farming,farming,india,loamy,pomegranate"
Regenerative Agriculture,citrus,citrus canker,What is a good NPK plan for citrus to avoid lodging and disease?,"In citrus, regenerative practices improve long-term profitability. Reduce external inputs, increase on-farm nutrient cycling, and maintain soil cover. Document practices for learning and scaling. Keep records of inputs and yields each season to refine your plan.","agriculture,citrus,citrus canker,farming,india,regenerative_agriculture,sandy"
GAP,turmeric,bacterial leaf streak,What are good intercropping options with turmeric to increase income?,"In turmeric, GAP improves product quality and reduces residues. Implement standard operating procedures for spraying, harvesting, and packing. Seek certification where markets demand it. Keep records of inputs and yields each season to refine your plan.","agriculture,bacterial leaf streak,farming,gap,india,laterite,turmeric"
Insurance,ginger,thrips damage,"How can I control rhizome scale, thrips, shoot borer in ginger using IPM and reduce chemical sprays?","In ginger, combine insurance with savings and credit for resilience. Diversify crops and income sources. Seek advisory on risk reduction and insurance options. Keep records of inputs and yields each season to refine your plan.","agriculture,farming,ginger,india,insurance,laterite,thrips damage"
Fertilizer,garlic,downy mildew,What water conservation practices work best for garlic in my area?,"For garlic, target 120–150 kg N/ha in high-yield zones. Use 50% N at sowing, 25% at tillering, 25% at panicle initiation. Apply 60 kg P2O5 and 40–60 kg K2O basally. In acidic soils, liming (2–5 t/ha) improves P availability. Use 10–15 t/ha FYM for soil health. Foliar 2% urea at flowering can help under stress.","agriculture,downy mildew,farming,fertilizer,garlic,india,loamy"
Disease,coriander,downy mildew,Which machines or implements are useful for coriander to save labor and time?,"Manage downy mildew in coriander by removing infected plants, improving drainage, and balanced nutrition. Use copper-based fungicides for bacterial diseases; avoid heavy N. Practice 2–3 year rotations and seed treatment to reduce primary inoculum. Keep records of inputs and yields each season to refine your plan.","agriculture,coriander,disease,downy mildew,farming,india,laterite"
Pest,cumin,downy mildew,How do I select and treat seeds for cumin to improve germination?,"For cumin, integrate mechanical (handpicking), biological (Trichogramma), and chemical controls. Avoid tank mixes that harm beneficials. Follow label doses and pre-harvest intervals. Keep records of inputs and yields each season to refine your plan.","agriculture,alluvial,cumin,downy mildew,farming,india,pest"
Irrigation,rice,brown spot,Which irrigation method saves the most water for rice without reducing yield?,"For rice, maintain even moisture. Deficit at flowering reduces yield by 20–30%. Use alternate furrow irrigation or drip to improve water use efficiency. In water-scarce areas, adopt zero-till and mulching to conserve moisture. Keep records of inputs and yields each season to refine your plan.","agriculture,brown spot,clay,farming,india,irrigation,rice"
Weather,wheat,loose smut,What are effective weed control methods for wheat that are safe and cheap?,"In drought-prone areas, select short-duration wheat varieties. Use mulching, zero-till, and deficit irrigation. Apply 2% KNO3 foliar to mitigate heat stress. Avoid late sowing in rainfed zones. Keep records of inputs and yields each season to refine your plan.","agriculture,alluvial,farming,india,loose smut,weather,wheat"
Soil,maize,turcicum leaf blight,What is the best fertilizer dose and schedule for maize in alluvial soil?,"Best soils for maize are deep, well-drained loamy to clay loam with pH 6.0–7.5. In black soils, ensure good drainage to avoid root diseases. In red soils, add 4–6 t/ha FYM and 20–25 kg/ha ZnSO4. In sandy soils, increase organic matter and use split fertilizer doses.","agriculture,alluvial,farming,india,maize,soil,turcicum leaf blight"
Government Scheme,cotton,bacterial blight,How does crop insurance work for cotton and how do I claim?,"For cotton, MSP announcements and procurement vary by state. Register on e-NAM for better market access. FPO membership can improve bargaining power. Explore agri-infrastructure funds for storage and processing. Keep records of inputs and yields each season to refine your plan.","agriculture,bacterial blight,clay,cotton,farming,government_scheme,india"
Harvesting,sugarcane,ratoon stunting disease,How do I select and treat seeds for sugarcane to improve germination?,"In sugarcane, timely harvest improves market price. Use mechanical threshers where possible. Dry to safe moisture, clean, and store in hermetic bags or silos to prevent pests and mold. Keep records of inputs and yields each season to refine your plan.","agriculture,alluvial,farming,harvesting,india,ratoon stunting disease,sugarcane"
Marketing,soybean,yellow mosaic virus,How do I select and treat seeds for soybean to improve germination?,"For soybean, PMFBY provides yield-based insurance at low premium. Enroll through banks or CSC before sowing. Maintain plot-wise records and cooperate during crop cutting experiments for claim settlement. Keep records of inputs and yields each season to refine your plan.","agriculture,farming,india,marketing,sandy,soybean,yellow mosaic virus"
Organic Farming,tomato,bacterial wilt,How does crop insurance work for tomato and how do I claim?,"In tomato, organic systems need strong IPM: traps, biocontrol agents, and botanicals. Ensure adequate K and micronutrients from organic sources. Plan harvest and post-harvest to maintain organic integrity. Keep records of inputs and yields each season to refine your plan.","agriculture,bacterial wilt,black,farming,india,organic_farming,tomato"
Yield Improvement,potato,bacterial wilt,How do I store potato grains safely to avoid pests and mold?,"To improve yield in potato, use certified seeds, optimal plant population, and balanced NPK. Manage pests/diseases proactively and avoid water stress at flowering. Harvest at correct maturity and dry properly. Keep records of inputs and yields each season to refine your plan.","agriculture,bacterial wilt,farming,india,loamy,potato,yield_improvement"
Seed Selection,onion,stemphylium blight,When and how should I harvest onion to get maximum yield and quality?,"For onion, seed treatment reduces seed-borne diseases. Use hot water treatment or solarization for some crops. Label bags with variety, lot, and date. Keep records of inputs and yields each season to refine your plan.","agriculture,alluvial,farming,india,onion,seed_selection,stemphylium blight"
Post-Harvest,brinjal,bacterial wilt,What GAP should I follow for brinjal to meet market and export standards?,"For brinjal, maintain ventilation in stores. Use insect-proof screens. In humid areas, prefer hermetic storage. Avoid storing near chemicals or fertilizers to prevent contamination. Keep records of inputs and yields each season to refine your plan.","agriculture,bacterial wilt,brinjal,farming,india,post-harvest,sandy"
Mechanization,cabbage,clubroot,Which government schemes can I use for cabbage cultivation and marketing?,"For cabbage, mechanization (seed drills, rotavators, harvesters) reduces cost and timeliness losses. Calibrate equipment for correct seed rate and spacing. Maintain machines regularly for safety and efficiency. Keep records of inputs and yields each season to refine your plan.","agriculture,cabbage,clubroot,farming,india,mechanization,red"
Intercropping,cauliflower,clubroot,How do I store cauliflower grains safely to avoid pests and mold?,"In cauliflower, intercropping with aromatic or medicinal plants can add income. Ensure market linkages and proper spacing. Manage water and nutrients for both crops. Keep records of inputs and yields each season to refine your plan.","agriculture,cauliflower,clubroot,farming,india,intercropping,sandy"
Crop Rotation,okra,root-knot nematode,How do I move towards regenerative agriculture in okra?,"In okra, rotation reduces soil-borne diseases and weeds. Select crops with different nutrient demands. Maintain field records to plan rotations effectively. Keep records of inputs and yields each season to refine your plan.","agriculture,clay,crop_rotation,farming,india,okra,root-knot nematode"
Water Conservation,groundnut,stem rot,What GAP should I follow for groundnut to meet market and export standards?,"In groundnut, avoid over-irrigation which leaches nutrients and promotes diseases. Use tensiometers or soil moisture sensors for precise scheduling. Maintain drainage to prevent waterlogging. Keep records of inputs and yields each season to refine your plan.","agriculture,farming,groundnut,india,sandy,stem rot,water_conservation"
Micronutrients,mustard,downy mildew,When and how should I harvest mustard to get maximum yield and quality?,"Zn deficiency in mustard shows as interveinal chlorosis and stunting. Apply ZnSO4 (20–25 kg/ha) basally or foliar 0.5% ZnSO4 + 0.25% lime. In alkaline soils, band Zn near roots for better uptake. Keep records of inputs and yields each season to refine your plan.","agriculture,downy mildew,farming,india,laterite,micronutrients,mustard"
NPK Management,sunflower,rust,How do I practice organic farming in sunflower without losing yield?,"Balanced NPK in sunflower improves yield and stress tolerance. Use soil test-based doses; typical ranges: N 80–120, P2O5 40–60, K2O 40–60 kg/ha. Split N in 2–3 doses; place P and K basally near seed. Keep records of inputs and yields each season to refine your plan.","agriculture,farming,india,npk_management,red,rust,sunflower"
IPM,bajra,blast,How can I increase yield in bajra with better agronomy and protection?,"For bajra, combine mechanical (handpicking), biological (parasitoids), and chemical controls. Calibrate sprayers; apply at correct growth stage. Follow pre-harvest intervals and safety norms. Keep records of inputs and yields each season to refine your plan.","agriculture,bajra,blast,farming,india,ipm,loamy"
Weed Management,jowar,rust,When and how should I harvest jowar to get maximum yield and quality?,"In jowar, integrate cultural (crop rotation, cover crops), mechanical (hoeing), and chemical weed control. Use herbicide-tolerant varieties where available. Rotate herbicide modes of action to prevent resistance. Keep records of inputs and yields each season to refine your plan.","agriculture,farming,india,jowar,laterite,rust,weed_management"
Protected Cultivation,ragi,blast,How do I manage blast in ragi? What are the symptoms and spray schedule?,"In ragi, protected cultivation reduces pesticide use. Combine with biological controls and hygiene. Plan crop cycles to match market demand. Keep records of inputs and yields each season to refine your plan.","agriculture,blast,farming,india,protected_cultivation,ragi,red"
Greenhouse,gram,wilt,"What soil type and pH are ideal for gram, and how do I improve my soil?","In gram, hydroponics saves water and nutrients. Maintain EC and pH in recommended ranges. Use sterile media and prevent root diseases with sanitation. Keep records of inputs and yields each season to refine your plan.","agriculture,farming,gram,greenhouse,india,red,wilt"
Hydroponics,pigeon pea,phytophthora blight,How do I move towards regenerative agriculture in pigeon pea?,"For pigeon pea, polyhouses improve yield and quality. Install fans and foggers for climate control. Use reflective mulch and trellising for better light distribution. Keep records of inputs and yields each season to refine your plan.","agriculture,farming,hydroponics,india,phytophthora blight,pigeon pea,red"
Carbon Farming,green gram,powdery mildew,Which irrigation method saves the most water for green gram without reducing yield?,"For green gram, agroforestry and perennial systems sequester more carbon. Use diverse rotations and organic amendments. Maintain records for potential carbon income. Keep records of inputs and yields each season to refine your plan.","agriculture,carbon_farming,farming,green gram,india,powdery mildew,red"
Regenerative Agriculture,black gram,powdery mildew,When and how should I harvest black gram to get maximum yield and quality?,"In black gram, regenerative practices improve long-term profitability. Reduce external inputs, increase on-farm nutrient cycling, and maintain soil cover. Document practices for learning and scaling. Keep records of inputs and yields each season to refine your plan.","agriculture,black gram,farming,india,laterite,powdery mildew,regenerative_agriculture"
GAP,banana,bacterial wilt,How do I select and treat seeds for banana to improve germination?,"In banana, GAP improves product quality and reduces residues. Implement standard operating procedures for spraying, harvesting, and packing. Seek certification where markets demand it. Keep records of inputs and yields each season to refine your plan.","agriculture,alluvial,bacterial wilt,banana,farming,gap,india"
Insurance,mango,spongy tissue,How do I manage spongy tissue in mango? What are the symptoms and spray schedule?,"In mango, weather-based insurance can provide quick payouts. Link with local meteorological data. Use insurance as part of risk management, not a substitute for good practices. Keep records of inputs and yields each season to refine your plan.","agriculture,farming,india,insurance,mango,sandy,spongy tissue"
Fertilizer,papaya,ring spot virus,How does crop insurance work for papaya and how do I claim?,"Use 60–100 kg N/ha for papaya depending on rainfall and soil. Apply basal NPK (12:32:16 or 15:15:15) at 150–200 kg/ha at sowing, then top-dress urea in 2–3 splits. Include 20–25 kg/ha ZnSO4 where soils are alkaline. For irrigated conditions, split N at vegetative, flowering, and pod/fruit setting. In rainfed areas, use slow-release N and mulch to reduce losses.","agriculture,clay,farming,fertilizer,india,papaya,ring spot virus"
Disease,grapes,downy mildew,How does crop insurance work for grapes and how do I claim?,"In grapes, downy mildew spreads in warm, humid conditions. Use protective sprays (mancozeb 0.25%) before monsoon peaks. Combine with resistant varieties and avoid overhead irrigation. Rotate with non-host crops to break disease cycles. Keep records of inputs and yields each season to refine your plan.","agriculture,alluvial,disease,downy mildew,farming,grapes,india"
Pest,pomegranate,bacterial blight,How do I select and treat seeds for pomegranate to improve germination?,"For pomegranate, adopt IPM: pheromone traps, light traps, and bird perches. Spray only when ETL is reached. Use neem oil 3% or NSKE 5% for early infestations. Rotate insecticide groups to prevent resistance. Keep records of inputs and yields each season to refine your plan.","agriculture,bacterial blight,farming,india,loamy,pest,pomegranate"
Irrigation,citrus,greening (huanglongbing),Which government schemes can I use for citrus cultivation and marketing?,"For citrus, maintain even moisture. Deficit at flowering reduces yield by 20–30%. Use alternate furrow irrigation or drip to improve water use efficiency. In water-scarce areas, adopt zero-till and mulching to conserve moisture. Keep records of inputs and yields each season to refine your plan.","agriculture,citrus,clay,farming,greening (huanglongbing),india,irrigation"
Soil,ginger,leaf spot,How can I increase yield in ginger with better agronomy and protection?,"For ginger, aim for soil pH 6.5–7.5. In acidic soils, apply lime (2–5 t/ha) 2–3 months before sowing. In alkaline soils, use gypsum (2–5 t/ha) and sulfur amendments. Build organic carbon (>0.75%) with FYM/compost and green manures. Keep records of inputs and yields each season to refine your plan.","agriculture,clay,farming,ginger,india,leaf spot,soil"
Harvesting,coriander,downy mildew,When and how should I harvest coriander to get maximum yield and quality?,"For coriander, harvest at correct stage to maintain quality. Handle gently to avoid bruising. Sort and grade immediately; pack in clean, dry containers. Avoid evening harvest in high humidity to reduce disease. Keep records of inputs and yields each season to refine your plan.","agriculture,coriander,downy mildew,farming,harvesting,india,sandy"
Marketing,cumin,bacterial leaf spot,How do I practice organic farming in cumin without losing yield?,"In cumin, state schemes may offer seed subsidies, drip irrigation support, and power concessions. Keep Aadhaar, land records, and bank details updated for scheme benefits. Use KCC for working capital and input purchases. Keep records of inputs and yields each season to refine your plan.","agriculture,bacterial leaf spot,cumin,farming,india,marketing,sandy"
Organic Farming,rice,brown spot,What GAP should I follow for rice to meet market and export standards?,"For organic rice, use well-decomposed FYM (10–15 t/ha), vermicompost (2–3 t/ha), and biofertilizers (Rhizobium, PSB, Azotobacter). Avoid synthetic fertilizers and pesticides. Use neem-based products and botanicals for pest control. Keep records of inputs and yields each season to refine your plan.","agriculture,brown spot,farming,india,organic_farming,rice,sandy"
Yield Improvement,wheat,alternaria leaf blight,"What soil type and pH are ideal for wheat, and how do I improve my soil?","In wheat, yield gaps arise from poor plant stand, nutrient imbalance, and pest damage. Use soil test-based fertilizers, IPM, and timely irrigation. Record field operations for continuous improvement. Keep records of inputs and yields each season to refine your plan.","agriculture,alternaria leaf blight,farming,india,loamy,wheat,yield_improvement"
Seed Selection,maize,downy mildew,How do I practice organic farming in maize without losing yield?,"For maize, select seeds from healthy plants, free from disease. Maintain seed purity and avoid mixing varieties. Use seed replacement every 2–3 years for best results. Keep records of inputs and yields each season to refine your plan.","agriculture,downy mildew,farming,india,maize,sandy,seed_selection"
Storage,cotton,pink bollworm damage,What carbon farming practices can I adopt in cotton fields?,"For cotton, ensure produce is dry and clean before storage. Avoid mixing old and new stock. Use neem leaves or botanicals in small stores. Monitor temperature and humidity; aerate if needed. Keep records of inputs and yields each season to refine your plan.","agriculture,black,cotton,farming,india,pink bollworm damage,storage"
Mechanization,soybean,frogeye leaf spot,What weather conditions harm soybean and how do I protect my crop?,"For soybean, combine harvesters reduce field losses but require proper adjustment. Use moisture meters to decide harvest time. Store machinery under cover to extend life. Keep records of inputs and yields each season to refine your plan.","agriculture,black,farming,frogeye leaf spot,india,mechanization,soybean"
Intercropping,tomato,powdery mildew,How do I implement IPM in tomato step by step?,"For tomato, intercropping with short-duration vegetables increases land productivity. Plan sowing dates to avoid competition. Use balanced fertilizers and timely weeding. Keep records of inputs and yields each season to refine your plan.","agriculture,black,farming,india,intercropping,powdery mildew,tomato"
Water Conservation,onion,stemphylium blight,What is a good NPK plan for onion to avoid lodging and disease?,"Conserve water in onion with mulching, zero-till, and micro-irrigation. Schedule irrigation based on soil moisture. Avoid flood irrigation in sandy soils. Keep records of inputs and yields each season to refine your plan.","agriculture,farming,india,onion,red,stemphylium blight,water_conservation"
Micronutrients,chilli,bacterial leaf spot,How do I select and treat seeds for chilli to improve germination?,"Zn deficiency in chilli shows as interveinal chlorosis and stunting. Apply ZnSO4 (20–25 kg/ha) basally or foliar 0.5% ZnSO4 + 0.25% lime. In alkaline soils, band Zn near roots for better uptake. Keep records of inputs and yields each season to refine your plan.","agriculture,bacterial leaf spot,chilli,farming,india,micronutrients,red"
NPK Management,brinjal,mosaic,How does crop insurance work for brinjal and how do I claim?,"Balanced NPK in brinjal improves yield and stress tolerance. Use soil test-based doses; typical ranges: N 80–120, P2O5 40–60, K2O 40–60 kg/ha. Split N in 2–3 doses; place P and K basally near seed. Keep records of inputs and yields each season to refine your plan.","agriculture,alluvial,brinjal,farming,india,mosaic,npk_management"
IPM,cabbage,black rot,How do I set up protected cultivation or greenhouse for cabbage?,"In cabbage, cultural practices (timely sowing, intercropping, crop rotation) reduce pest pressure. Preserve natural enemies by avoiding broad-spectrum sprays. Use spot treatments for outbreaks. Keep records of inputs and yields each season to refine your plan.","agriculture,alluvial,black rot,cabbage,farming,india,ipm"
Weed Management,cauliflower,powdery mildew,"What soil type and pH are ideal for cauliflower, and how do I improve my soil?","For cauliflower, timely weeding (first 30 days) is critical. Use mechanical weeding or recommended herbicides. Avoid late weeding that damages roots. Maintain crop geometry for canopy closure. Keep records of inputs and yields each season to refine your plan.","agriculture,cauliflower,clay,farming,india,powdery mildew,weed_management"
Protected Cultivation,okra,anthracnose,"What are the signs of Zn, B, or S deficiency in okra and how do I correct them?","In okra, protected cultivation reduces pesticide use. Combine with biological controls and hygiene. Plan crop cycles to match market demand. Keep records of inputs and yields each season to refine your plan.","agriculture,anthracnose,farming,india,okra,protected_cultivation,red"
Greenhouse,groundnut,stem rot,How can I increase yield in groundnut with better agronomy and protection?,"For groundnut, greenhouses enable year-round production. Use insect-proof nets, drip irrigation, and balanced fertigation. Train labor on climate management and IPM. Keep records of inputs and yields each season to refine your plan.","agriculture,clay,farming,greenhouse,groundnut,india,stem rot"
Hydroponics,mustard,alternaria leaf spot,How do I implement IPM in mustard step by step?,"In mustard, hydroponics saves water and nutrients. Maintain EC and pH in recommended ranges. Use sterile media and prevent root diseases with sanitation. Keep records of inputs and yields each season to refine your plan.","agriculture,alternaria leaf spot,farming,hydroponics,india,mustard,sandy"
Carbon Farming,sunflower,rust,How do I manage rust in sunflower? What are the symptoms and spray schedule?,"For sunflower, integrate livestock and manure management to recycle nutrients and carbon. Use compost and biochar where feasible. Monitor soil health indicators. Keep records of inputs and yields each season to refine your plan.","agriculture,alluvial,carbon_farming,farming,india,rust,sunflower"
Regenerative Agriculture,bajra,blast,How do I practice organic farming in bajra without losing yield?,"In bajra, combine traditional knowledge with modern science for regenerative outcomes. Use participatory trials and share results with neighbors. Seek technical support from agriculture departments. Keep records of inputs and yields each season to refine your plan.","agriculture,bajra,blast,farming,india,loamy,regenerative_agriculture"
GAP,jowar,leaf blight,How should I plan crop rotation with jowar to improve soil health?,"For jowar, GAP covers seed quality, soil health, water management, and worker safety. Use protective gear, calibrate sprayers, and keep input records. Train labor on safe handling. Keep records of inputs and yields each season to refine your plan.","agriculture,farming,gap,india,jowar,leaf blight,red"
Insurance,ragi,bacterial leaf streak,"What are the signs of Zn, B, or S deficiency in ragi and how do I correct them?","For ragi, explore state-specific insurance top-ups and micro-insurance. Maintain communication with insurance agents. File claims promptly with required documents. Keep records of inputs and yields each season to refine your plan.","agriculture,alluvial,bacterial leaf streak,farming,india,insurance,ragi"
Fertilizer,gram,ascochyta blight,What water conservation practices work best for gram in my area?,"In gram, apply 80–120 kg N/ha, 40–60 kg P2O5/ha, 40 kg K2O/ha. Use basal NPK (15:15:15) at 150–200 kg/ha, then top-dress urea twice. Add ZnSO4 (20–25 kg/ha) once in 2–3 years. Include 5–10 t/ha FYM before sowing. In saline soils, prefer gypsum and avoid chloride fertilizers.","agriculture,ascochyta blight,clay,farming,fertilizer,gram,india"
Disease,pigeon pea,sterility mosaic,Which machines or implements are useful for pigeon pea to save labor and time?,"Control sterility mosaic in pigeon pea with integrated measures: resistant varieties, seed treatment (thiram/carbendazim 2 g/kg), and timely sprays. Avoid excessive nitrogen which increases susceptibility. Use biocontrol (Trichoderma 4–5 g/kg seed) for soil-borne diseases. Keep records of inputs and yields each season to refine your plan.","agriculture,black,disease,farming,india,pigeon pea,sterility mosaic"
Pest,green gram,alternaria leaf spot,Which government schemes can I use for green gram cultivation and marketing?,"For green gram, integrate mechanical (handpicking), biological (Trichogramma), and chemical controls. Avoid tank mixes that harm beneficials. Follow label doses and pre-harvest intervals. Keep records of inputs and yields each season to refine your plan.","agriculture,alluvial,alternaria leaf spot,farming,green gram,india,pest"
Irrigation,black gram,anthracnose,What is the best fertilizer dose and schedule for black gram in laterite soil?,"In black gram, avoid water stress during pod/fruit development. Use deficit irrigation (70–80% ET) in vegetative stage, then full irrigation at flowering and fruit set. Drain fields within 24 hours after heavy rain to prevent root rot. Keep records of inputs and yields each season to refine your plan.","agriculture,anthracnose,black gram,farming,india,irrigation,laterite"
Soil,mango,dieback,What is a good NPK plan for mango to avoid lodging and disease?,"In mango, heavy clay soils need raised beds and proper drainage. Sandy soils benefit from mulching and frequent light irrigations. Loamy soils are ideal; maintain OC with crop residues and manures. Keep records of inputs and yields each season to refine your plan.","agriculture,clay,dieback,farming,india,mango,soil"
Government Scheme,papaya,powdery mildew,What GAP should I follow for papaya to meet market and export standards?,"Farmers growing papaya can benefit from PM-KISAN (₹6,000/year), Kisan Credit Card (subsidized interest), and Soil Health Card (free soil testing). Check with your local agriculture office or CSC for enrollment. Crop insurance under PMFBY is also available. Keep records of inputs and yields each season to refine your plan.","agriculture,alluvial,farming,government_scheme,india,papaya,powdery mildew"
Harvesting,grapes,botrytis bunch rot,How do I implement IPM in grapes step by step?,"For grapes, harvest in dry weather. Use sharp sickles or mechanical harvesters to minimize losses. Dry produce to safe moisture (grains 12–14%, pulses 10–12%) before storage. Clean and grade before marketing. Keep records of inputs and yields each season to refine your plan.","agriculture,botrytis bunch rot,clay,farming,grapes,harvesting,india"
Marketing,pomegranate,cercospora leaf spot,How do I select and treat seeds for pomegranate to improve germination?,"In pomegranate, agri-business ideas can access credit via NABARD and agri-clinics schemes. Explore FPO formation, common facility centers, and market linkage programs. Check state horticulture missions for post-harvest support. Keep records of inputs and yields each season to refine your plan.","agriculture,cercospora leaf spot,farming,india,marketing,pomegranate,sandy"
Organic Farming,citrus,greening (huanglongbing),How do I practice organic farming in citrus without losing yield?,"For organic citrus, use Jeevamrut, Panchagavya, and Amritpani as foliar sprays. Manage weeds mechanically and through mulching. Build soil health with diverse rotations and cover crops. Keep records of inputs and yields each season to refine your plan.","agriculture,citrus,farming,greening (huanglongbing),india,loamy,organic_farming"
Yield Improvement,turmeric,bacterial leaf streak,"What are the signs of Zn, B, or S deficiency in turmeric and how do I correct them?","To improve yield in turmeric, use certified seeds, optimal plant population, and balanced NPK. Manage pests/diseases proactively and avoid water stress at flowering. Harvest at correct maturity and dry properly. Keep records of inputs and yields each season to refine your plan.","agriculture,bacterial leaf streak,farming,india,sandy,turmeric,yield_improvement"
Seed Selection,ginger,soft rot,What carbon farming practices can I adopt in ginger fields?,"Use certified seeds of ginger for uniform germination and higher yield. Treat seeds with thiram/carbendazim (2 g/kg) or bio-agents (Trichoderma 4–5 g/kg). Store seeds in cool, dry place in moisture-proof bags. Keep records of inputs and yields each season to refine your plan.","agriculture,farming,ginger,india,loamy,seed_selection,soft rot"
Storage,garlic,white rot,"How can I control thrips, onion maggot, aphids in garlic using IPM and reduce chemical sprays?","For garlic, ensure produce is dry and clean before storage. Avoid mixing old and new stock. Use neem leaves or botanicals in small stores. Monitor temperature and humidity; aerate if needed. Keep records of inputs and yields each season to refine your plan.","agriculture,clay,farming,garlic,india,storage,white rot"
Post-Harvest,coriander,powdery mildew,"What soil type and pH are ideal for coriander, and how do I improve my soil?","For coriander, maintain ventilation in stores. Use insect-proof screens. In humid areas, prefer hermetic storage. Avoid storing near chemicals or fertilizers to prevent contamination. Keep records of inputs and yields each season to refine your plan.","agriculture,coriander,farming,india,post-harvest,powdery mildew,red"
Mechanization,cumin,powdery mildew,How do I manage powdery mildew in cumin? What are the symptoms and spray schedule?,"For cumin, post-harvest mechanization (threshers, graders, dryers) improves quality and reduces losses. Clean and maintain equipment after each season. Keep records of inputs and yields each season to refine your plan.","agriculture,black,cumin,farming,india,mechanization,powdery mildew"
Intercropping,rice,tungro virus,How do I select and treat seeds for rice to improve germination?,"In rice, intercropping with aromatic or medicinal plants can add income. Ensure market linkages and proper spacing. Manage water and nutrients for both crops. Keep records of inputs and yields each season to refine your plan.","agriculture,farming,india,intercropping,rice,sandy,tungro virus"
Crop Rotation,wheat,alternaria leaf blight,How should I plan crop rotation with wheat to improve soil health?,"In wheat, rotation reduces soil-borne diseases and weeds. Select crops with different nutrient demands. Maintain field records to plan rotations effectively. Keep records of inputs and yields each season to refine your plan.","agriculture,alternaria leaf blight,crop_rotation,farming,india,sandy,wheat"
Water Conservation,maize,stem borer damage,How do I store maize grains safely to avoid pests and mold?,"In maize, avoid over-irrigation which leaches nutrients and promotes diseases. Use tensiometers or soil moisture sensors for precise scheduling. Maintain drainage to prevent waterlogging. Keep records of inputs and yields each season to refine your plan.","agriculture,alluvial,farming,india,maize,stem borer damage,water_conservation"
Micronutrients,cotton,boll rot,When and how should I harvest cotton to get maximum yield and quality?,Fe deficiency in cotton shows as interveinal chlorosis in young leaves. Apply Fe-EDDHA foliar (0.5%) or chelated Fe with irrigation. Improve drainage and avoid high pH soils. Keep records of inputs and yields each season to refine your plan.,"agriculture,black,boll rot,cotton,farming,india,micronutrients"
NPK Management,sugarcane,red rot,How do I set up protected cultivation or greenhouse for sugarcane?,"Balanced NPK in sugarcane improves yield and stress tolerance. Use soil test-based doses; typical ranges: N 80–120, P2O5 40–60, K2O 40–60 kg/ha. Split N in 2–3 doses; place P and K basally near seed. Keep records of inputs and yields each season to refine your plan.","agriculture,farming,india,laterite,npk_management,red rot,sugarcane"
IPM,soybean,frogeye leaf spot,What GAP should I follow for soybean to meet market and export standards?,"In soybean, light traps and bird perches help manage nocturnal pests. Maintain field hygiene and remove weed hosts. Use need-based sprays only when ETL is crossed. Keep records of inputs and yields each season to refine your plan.","agriculture,farming,frogeye leaf spot,india,ipm,loamy,soybean"
Weed Management,tomato,bacterial wilt,How do I move towards regenerative agriculture in tomato?,"Weeds in tomato compete for light, water, and nutrients. Use pre-emergence herbicides (pendimethalin 1.0–1.5 kg/ha) followed by one hand weeding at 25–30 DAS. Mulching and intercropping also suppress weeds. Keep records of inputs and yields each season to refine your plan.","agriculture,bacterial wilt,clay,farming,india,tomato,weed_management"
Protected Cultivation,potato,scab,Which machines or implements are useful for potato to save labor and time?,"Protected cultivation (shade nets, low tunnels) in potato reduces pest and weather damage. Use drip fertigation and mulch. Monitor temperature and humidity to prevent diseases. Keep records of inputs and yields each season to refine your plan.","agriculture,alluvial,farming,india,potato,protected_cultivation,scab"
Greenhouse,onion,purple blotch,How do I practice organic farming in onion without losing yield?,"Protected cultivation (shade nets, low tunnels) in onion reduces pest and weather damage. Use drip fertigation and mulch. Monitor temperature and humidity to prevent diseases. Keep records of inputs and yields each season to refine your plan.","agriculture,clay,farming,greenhouse,india,onion,purple blotch"
Hydroponics,chilli,bacterial leaf spot,"What soil type and pH are ideal for chilli, and how do I improve my soil?","Protected cultivation (shade nets, low tunnels) in chilli reduces pest and weather damage. Use drip fertigation and mulch. Monitor temperature and humidity to prevent diseases. Keep records of inputs and yields each season to refine your plan.","agriculture,bacterial leaf spot,chilli,farming,hydroponics,india,loamy"
Carbon Farming,brinjal,bacterial wilt,How do I implement IPM in brinjal step by step?,"For brinjal, agroforestry and perennial systems sequester more carbon. Use diverse rotations and organic amendments. Maintain records for potential carbon income. Keep records of inputs and yields each season to refine your plan.","agriculture,bacterial wilt,brinjal,carbon_farming,farming,india,loamy"
Regenerative Agriculture,cabbage,downy mildew,What carbon farming practices can I adopt in cabbage fields?,"For cabbage, integrate trees, shrubs, and perennials to enhance resilience. Use organic amendments and biological pest control. Build local knowledge and community practices. Keep records of inputs and yields each season to refine your plan.","agriculture,cabbage,downy mildew,farming,india,loamy,regenerative_agriculture"
GAP,cauliflower,powdery mildew,What weather conditions harm cauliflower and how do I protect my crop?,"In cauliflower, GAP reduces risks and builds buyer trust. Regularly audit practices and update SOPs. Engage with buyers to understand quality standards. Keep records of inputs and yields each season to refine your plan.","agriculture,cauliflower,farming,gap,india,powdery mildew,sandy"
